{"type":"FeatureCollection","features":[{"type":"Feature","properties":{"name":"Central-West Region"},"geometry":{"type":"Polygon","coordinates":["@@SăWTmKs·z£Uc@s¡x@FyaoxSTXhfJĠ¨jUKqåuwut{CmqPCtq©{y]jmwc~_NsUAYAesG¦LkyNk{ª]LoadNh_@in_~VB{rC|qPpspOg}@esuDchcOw\\uBW[bqKmAagpiCý]oy]hoIe¡µsISbU]cµx«MQjqPfoVDfsPHGykiNtKXokG{\\XKQx£Uog¥MRsnċ¡TU¯{Oo|kPa¡ÿEsZsjDbEW©Å]sEWGzkzOAÅēSdeuŋćgqgLy|uEkyW_wG_PiHSuzďċqgAuyIjaVkn[zA¶¡^gnEHdWObmA{fgA¿lWn¹]]_EI@wµg­±·yFy±£w}^eI}KUu\\Ok]P£r@vHju¸trU@¡p]EmqeLgw«C{ėfUQmxZ½ysmAmwYJÝGq@coX¡}P[}ocXgg]ri[MkmIwuT_iQjßP}ds£XIb{Bo\\õM`sYxoYhMpWPO[õYsRÓ}Gz^U\\­XoSuscEUsq[eAuEKwqe³aGkMY{¡¥qPa£GªSb§KHWÛaETs}J]}ě_Y@b¡Fm{qéP_©D³cac{¡c±_­ime[iZwGPm»³ÉNkM@­YYuus]sQ×¡[ù}_BaNm_aVwqçS¥fgWib}D³lk­`Y¥`¡w¯{çyÕŕm¯qÁm©Ãi­giçK{ZkUP«XaK·E¥Ëc¹u«QC·fTQÍMaoÏi]ey[½XgWufI{kwSi]mMµ±uW·u÷¿áÛÓāmg­UēÃ]qť­aw_£¹DsÙýc]Ióe]iiEs¯£gumUomwH[Kħ³ąć«[»±syDiYo±EaOÃgAm[ãRk¹yaÇ£¡u¬Áups¬Ùh×³Lmb}sMmñEkmmNmg£MmLeGPÃzoñcçe}éQcTTKWVpze¢R|uTQ®±lOXpgIN|V}kbF`zIrhzifDryZuM@~_z@wnJ_Ď_^º¬@ YÄµ_vsXoBXLC¢WxAªU[Z©G{JWA·bKU¯^Y[ÝT{iGnaASym^«@ya©oQBu­yyÉl]gq`wc{T@enG~¿Q[fyIÓXcnMXk}ÉxµSw|µdIniWLK~i`QkWH[\\s]eHKRksyWÇZW©MR|mXRlrZTx¨W~rjl¦^Id¦Nr^g~BftjK^vE¬dÂntlT¡^izÂT_²bi@p¦ºY{_mlff¬vKxYiRvºILt´eDcqIWldmRkxfi@hs «^e~QZChwVqogZEzpDrwBUj \\rLl®L\\~Blg°PfɯǲƔ̄ƴ͊ÖB^oh@à@ÄǢŨϤĖR}mGËÎuîĻǺ@@hyHkV¸yØC~QN\\řĒą½Áfa{WuVKoBKzMa«Jk|@nC\\CÞwOSĒHhKNê]^TÐG®Ģ^hzVNfvRk¦XdJ¾uEmZKs̕bŕFǋT̙^ʯJͯN{͎Έ˯̈́ˤB]ɖYǼkIwbcĆ¢mHazY¦KÔaj^jU´°lFaBrVKÊkRUtdC_t¡DSpkEqzoasXrª@^Zl²L|FfzhÐTjvpPbQd^¤Od¤ØI^¶z[ÔlNDh~ÈPXvKVÄa^¢Cr^n@|XPvtvLbxlÐF\\fApvfHĥĆ]lQT`B®ãôZleĄkd­A¦D¦W^D_ÈV¬Ej~fJZÊ¸T~vNrdJOhTtStmJĊhjdK]TyKatcS½^ebJAxgPsEoXoxApmhm̅@ǋB@GΩJēP`ÔUª^dJ®|bWPlc^b~OZnEZzYXAfÈDpnipAzkzF^^P®XM`~pvÄHÌ`\\aükRb¦Ivzj|Äu`Rx_laÀ£x@jtUiZJDvZlAMVZPº@t¦Tx¶rr_XwWiAqdƺFʈ@ɀ@άD̊GֈEˆ@ԆB®Bd`fK²´z^`³awtbrTvm|JYxª¤HZMXòM¬tOtPS®qtiBW^L|^VtB´~JiCRz@¶vTjUrkr£fY§j¥R¹wtřlbµFÍf|cnsL³je|EwµBy[YVµmV{zSozwePypQI£~­G¿GxbÄDVGoDMLm¾BYèïzY\\n]loF Q^X~cĲ[juPVWH¿lYtVѠʌkɞqϞƂ[͎{ˌo͊y϶ˊqќ̞qٰ­ƸWϲyѬĨGµ·Awq»B}ig_¿¯SoNgLÍáBmcye¹PwuW[}@g¡wK]{ie|ÛWsOf}N«TkNÉcZ¡cçky[ii_ÿJÍh B^]Q«JgsoQqy]bDb_@ mF]{wXy{Ts[fe_ŭAAt{kwXqKm\\eEXmmTcakKs{Rmucp~A@}dZWCu^eb«ÞenNV~QxdZUrdXStbb|HI|fz¦à¾¨rddbYiUqÉpkCeqPu}QqcKTsÉFsvo´i@UqÖ_LwzHYrcdFoʐƍȪŋzjOHSrXtWrbtP^ZH|jrbAfl¢r~^__VYB¶­ĖźrKHn@Rit_¬¥F·Z[RwRvOAct_\\£eTQY\\q^AĈrZP¨\\ZiQFdYEÚ`rCÖTbºvnMUuT]o`F{jpA~~oFhtcJUÄNpkĸœHf®è_Fq¼Lx`Zy®tÄEtz`¤UJÇpUÀLK@E_rR\\´wÚzGdvhJ|kdNFrrEzhÐlPh¢T¾¶r]hd|¢ÎʞCP\\LnîSVAS©TOŠ|BbbzDh"],"encodeOffsets":[[-47221,-13227]]}},{"type":"Feature","properties":{"name":"Northeast Region"},"geometry":{"type":"MultiPolygon","coordinates":[["@@VP_m_aj"],["@@m¥³YIÊz´hIÈrpbkÐ¦Mv«§×_I"],["@@rFWcDJ"],["@@gnNfEVhnHªa~pdILÝ_kaÓwW_¾udkE"],["@@ObSAb¤¢eYÕ"],["@@@]o"],["@@@G°p`]Q§]I"],["@@®¼pvE@§KHÍ]\\yéÇwJ§xĂK"],["@@LJj¬_a[lcKugA_KLXULP^Pl"],["@@TTejZTNKÃqDa`"],["@@vvxy­D"],["@@q`l`mK"],["@@`TĔFÏ[kLgR"],["@@YXÅ~hg¼aU}D"],["@@@M[HOGNx`hG~XNiT[AQWYUoCy"],["@@Qs{IFjnM|TnSLk"],["@@\\ETkIZoL^bGle¨æu@¡fus{fOd\\¦f`A¥`p¦pL^b]ÁAsO{\\]K«¦EvdJÚ\\G}xH@q`kS«R[eeHAuFsLSXMzdLcZavILWbRRGRdrlBqÅoSa@uûPilcDMG°\\PryHnhhnM\\v`dREpfRd~D\\UN`uxqB_{{feZLTNFMde¸V~AHzjMo}neHâcu}YZJoEszOKe }YqlStd[l¿Lusn¿aQViQqq`rKbv\\F`f^C²ÍLzÃNwgeDwqkNÇSgaRgaAwCdw]ccQy£kwCmfcO¤¯diKydIiikmD«X}°mSkEqFt]{ncn{¬Al`bf¶Mll¬vDj\\vrL\\¤¦VAnäKôjDHFBdPypOO]HILGGUDE\\NnFªpTXZ¦UCZV|²ph¢`Tzv\\SN^Bdn`KTpfRdSXJVxp`rdzyzJxbV¢`njBEj{ZBxp¿´ŊBÜmƘ×ĤŴßUpDZgHÔË|kUJqĚkjgUE`h_bXlk¤fjSÀTnGib@ª]TüGYxTJÔÅ¦tKnV_n@v^YJºmÐGȂC¶^ LPVB`uü¶CĐJ¸v^|pN¼qIÀPĆO¤F¤y`bª]èMOĪÑbC°ÀEbiMn¢]tmc`gQw´GZ_eG{|£fYxAxkb]v£bA{¬UµÐª¾OoàQÕ¶ïtywrEÄëjaÜěĘďĈí¼_Gßjxi¦±¦ifrmÀqSÜ¡\\ox×«ju´l qtEjnEbXu¬Y²Çla¼}F_¦aà@°xqjV¶AĀS¤uBiSBtºtÔFö¼T|CÈo¤M¦Az]ľ^Jeêozslsz¥Z¹bmf@P}fwHmzmV½lBV·pqOkP¹ZeHÕp[G\\^EnGuTJćl£MRõPcjÃJ¡DĩVËj{^ÏVÕt¡z_WXonGNaZmGgl¥^CD§QkJ¹EPagƁJko­Tbo]s_£Zµm¹D{hHkăww¯X}m½KkMR»wU@{×E½}m§ġJiKaaÝLqo©]a_qÅo_We±[O¹·¯Es_qÕÏ{i©y³WNWRsGCHS£»so]NewqÏ{uu{SÃWg{w¥£{«Rq³đWƝÃó¹§iu×¹ùĉ»Ù©ïíŁ{IL§±_eÃQRw­đǟóǋáůÓĹñĭ§Óā¥ûEi¹±÷đ]kęīBóµ­JKR~®_bvbhÌ@rvZáÂYy@QrkrXwlJkaOb[}B£{¹eO£CExi¶D|MsÅYûl^Env`nmQgZbUxBjn\\jTL}OY]EaosXuGya_Fo¹{sYC«UgÇL{yCái·@¡dyxdAdkA»tms}O×bqKIzI[¾XdYlÑPi{pJpWWíY{@µN¥lbfz_K½j[¡lK®b|bCAÞj¤S^H¤^@P©[©YíıKÅZsÑwŉA}qóIÙD§TwrWUu^SLčnçDƉE½RÑbýjÛTÕE£PÁ^ÁjíDsć¯űJuÁ{YB^SCik@oáQ·HgWC±I¥FÃ|yG_}@uUÛq{Ko@×MmDÙtēKĕV½¨í¯¥Ys¹iDK]a¡«ÙG]Ók½Y­́ǸǹŞEltBV¨z{|YpFuBc£¶qJuSaZ@{W_T{¦Nv@ZVijGTzKTzEbÈkPGbnL]xtàthôªYXSªt¦NPjRB~e«KUpPzU^n^Æ`^Tºgjb[vÆĎpuhÄx\\_frx\\@¬x~w¢GßO¢Í`cJq¦­M­[eViS¥jC`w~oeuRyqOy~_ihcU|c~KMyyW[GS|©\\_uk}AcWoLae{KYmRj«U[P£GsȦCRķĠɿɈ£ceFw³sdđogrCbÑF©Yda`m][pwKhFFgnx\\}|igh£Jc¯d³¨hCVoRG{hqDi]]j£Ry^ÑI½YwQ]wYIwYCzdD£`lyrŁt}j\\M´HîdÄjdCnrOI×l»Zef¯k©biKdWQj}NÃ[Jai×eS_¹sBákgySBk{CouwËWye]EmÍ¥Umu·qs¡}s·VaRUÙÇwY³¯é}DmbQ­ÕuGs±[{u×LkmkjCaY[Ms£m]ejExeZz~ZH\\DXRØI`pHdJfgpz^^pDþojbhnBLarX\\A [vPxgddvCt@fh~oPotO{rqD|A}Um`@jg`cMbKp©^|MllzK¥HtBfZBVMt}`xdin^|zªsrDOnrDs|xvæv rLiVğ§IgeWSwTbpEzw@t¢@Vdy¤¸LtnXSĄTqR·a]PaF\\zSf|ct@²`{tlzì¼hDB®wEiwHP°axEb±SoRPn]hlnkZæcLNehrrbp|R¶J^jzgdsaC`W±~@zrFXjD~]b^¾iVh¢HmWC\\z@Jld¹CuVYrñK[T§MxCO¼i^Ax^]f]´Ġ°hLÂ¢ĊèÈl]`X`\\FzyRÂ@|]ptnÎjĜº¤ĎXjFîZllPB`XdpIìNRc¥w¥PjËiyTDUÊIyLsM¿WR[U^c¤mD[~@|i~AÄLePCg|}YJD kXA[^MzNxx`r[`¯XklCq`¡KmciZPh[mGW`zQjR~pJd[nÏdPÂaDcATpfTdBXrU^\\nM~b|CwªCbul^Hb`vI´LfrLº^f¦_jÚ`Q´D^L¤CnwptâfZMÔY|yplIdlBeSOUL±yÉsRq³gSuQOg\\k¨nezI|iEkëÐN^}¼HCr_jR|YJ~iVJhPLXIuLc{XzvN¤xRvQÁDw@s¤»QnN|r]pPdrR|nzlCrAmf®dvEüxXÔ^RHna¤rÄAÌOÐUÈL°gd¶AÈU§Č@hh¤UÈB~a±ºqIV¡ÏJ·OIÐ[X©lÉJ¡uOyPÑN±¹ruF|ƕkM«­qHilyLg]iJ˖ɄMrFƸŪǀŮǬƎpzI|]Et^~d|vv BzP|nOr\\`@ttFSH`RX`OĦòdîÔ\\´fK`nMtJ¸dxGfN WndNz]lh¨¦ÔtVEp¤P|Z{xrRE¶Pppi`Zn_²~OHvGxx¯Nl_XuTjvNdlCf®h¼XEr NSºBÆx¢g@Yggl~Cbp_fNnkx\\~ªg^~lE¾txĚmz[{V½AKX@fXtUdpP^`I¸Rzl`WÊ}Gz\\puZ}¦hvSnjjb@rbz"],["@@ÎP¼n`drR¤ALwU[qBy±ÉOWY¯a§iClJCVMP^CÚatvJKlbd"],["@@Wflp[gsL"],["@@RČznBO|Xlo@iF[EY|"],["@@lztCEeH}uyJYfn`@QhV"],["@@TfWk±g@j^"],["@@_KPAR^ôxiO}}A"],["@@tXTKFYMCgYWl"],["@@Zde}o"],["@@pLBy{IJx"],["@@kBDx[zDnrfNg"],["@@]myJG_b{C{cOx~ĔJZu"],["@@¬t_vic`ÁSqqwxtz~A"],["@@etZe"],["@@\\khWOgA_QOHaM[v²bD"],["@@¨WqYfQBim_XJ`MJN~\\G"],["@@lHhplB`cc¿"],["@@GhEBqaQ"],["@@GĊâxg_wa¯@­cQ_PBXE\\G"],["@@fii@o^Nvv"],["@@nHA­iT@"],["@@VHQ¢jpXi^Iy»iV"],["@@pb`»Cs}QydM`v`D|"],["@@bdd{A}k[]hF"],["@@hi«UH|I"],["@@Lm{AAtrC"],["@@ZRocc"],["@@WÉlZV"],["@@FmDWPa}BMlrz"],["@@`l[fr][FCfHh"],["@@oRO|rMAy"],["@@`TGTVclBJÁÉurp"],["@@[jRnlYa}"],["@@DXÂg]§¨"],["@@l[jHp¢|IxVÆr@ÛVSYBë»I"]],"encodeOffsets":[[[-33212,-3939]],[[-39599,-13351]],[[-39569,-13075]],[[-39960,-13815]],[[-39847,-14003]],[[-39928,-13905]],[[-39960,-13903]],[[-45656,-2880]],[[-45309,-2879]],[[-45291,-2879]],[[-43191,-2863]],[[-43120,-2862]],[[-43200,-2767]],[[-43199,-2832]],[[-45453,-2858]],[[-45547,-2556]],[[-47180,-1167]],[[-45359,-2546]],[[-44838,-2520]],[[-44900,-2578]],[[-44719,-2399]],[[-44639,-2423]],[[-44723,-2399]],[[-46061,-1615]],[[-45836,-1614]],[[-45897,-1565]],[[-46358,-1759]],[[-46350,-1665]],[[-45807,-1659]],[[-45812,-1656]],[[-46508,-1460]],[[-46623,-1452]],[[-46411,-1598]],[[-46208,-1553]],[[-46029,-1567]],[[-46963,-1081]],[[-47117,-1213]],[[-47160,-1212]],[[-47105,-1089]],[[-46800,-1239]],[[-46643,-1229]],[[-46080,-1356]],[[-46443,-1353]],[[-46609,-1440]],[[-46050,-1358]],[[-46079,-1318]],[[-46537,-1399]],[[-46475,-1440]],[[-46193,-1440]],[[-46021,-1309]],[[-46799,-1394]]]}},{"type":"Feature","properties":{"name":"North Region"},"geometry":{"type":"MultiPolygon","coordinates":[["@@xBU[BgLONGyrTXq"],["@@pV@bSWYzrL"],["@@tCJsAbz"],["@@OjZºTRgUy"],["@@Qdt¤zOEÅN"],["@@IvTtra{"],["@@´¾\\}S{sCiW]X"],["@@dkuaI|\\R"],["@@hDxXENb_[{Lg³©HIX½"],["@@nki[Nz"],["@@vmBe_WDQT@VMT`"],["@@U`yA}B]O_[LhElf^JÉttIT|bZb]"],["@@QofFv|W"],["@@ay@qaiiTmgu~¥vYo[Hy~XÉk_QyJ·]_OcosVeW@WL¾B|U\\nywęsF½}kh]©[}wmleM`aoD}hkZhh@w¡AÅT¹MFq»W­gDeckuMSiv`WMk°wwuHG}P`±Ymj_ooOFµQq|w{YO£FoUÓs§¥g^kMycXmeMHcwI·Ns_mLe[³íÓcĥñ_PW_QGTsE@s[_Pq{myOAu{uc}s]F{^JoyǫƍƿŭƷũENq˕ɃIjh^zKjkrG®N¬Ɩl{vEºq²ÒMzOvP¢ÊIªk\\WJÏ¸PIÐ¢UrJ²¹bA}VÇg£@g¨ċVBÇcµhK¯VÇÏPËBqÃb£mG]QWÓwFûcue­nBqDkmyQ{cqoO^qM{Rm¼t£@xÂCRQu£wuMy|WdvKJWKOIgjUI}ZQ{`iDqG~»M]ìÏljFJ{fyml§ [PhvRT´hrQÊt²zVK PfTAkJckzoZ{NÓeYsáxomD£]K³C_RÙi¥`]eK¹eqKJ³_uaG]vkDax©Da{}mN][VWqcASoeS BdbCOÁÐc\\mIcoQ}RiyX_nH\\OgjYnd¢Lr_Dlk°W\\__qwwMyN\\]BlWCI~Zh{DfOKBÃj}@{\\}nCd£]\\VQÀXtNKzJVÉCzSÌji¦O¦xdQMJëoc_WAkOYkEíWič¹£ěÍism^o@{ÁzQEy_[W_^kçÇ¡ĉKÁgğ¯³^^e]Bwj]P»Dw¨N\\SLòZqvUºDcIky@[DXn¡GUgj½a]^C}WiqE@y²}X_Dtbhciy]µI{QoaqqfgMdKYålkm^gOmpQT²aFbwO¯xGjxFA­C»gyëk|s_@±ds{Te[yEbO^¸brQgyCaa{AşSPTªBUTmí[KOʝDÍ{¡gcq^½µ¡SOgÏkygqFEqcM{lIugHcÙy³x[qQ`F@L¿KoVIÈ£Vy_FssÃz­_YKwr»`E­çGeķŔolÃMIVdsgE}p}oBiE|_^pSVvmN¹uSaÕqDÙ_FcZERj[YO§qYBć][rZSRf[¤`sBduPQxQY\\E¸«¦s`Qjm@GqLĕŹµ®AUZ``] q}¡ekaBiqG{]YOsaXqWsTqGPyiȩŌʏƎpcEqdZyGxKÕ`r@V³jupEttÊSdLRr~OvrDfolrÊjVZacc§qß½y¥eJ{{GaaTscWVqcYRwU}mMÝfa¬]fDvYXc@~}BovdQnt|LblSdnWnF[fLnWrlxs|BB`Ůef\\Stz|W|xE^n@a`Caz^RrtpIhR¬]^AgIÎ`Ājj\\lzdèY¢dMÊSlM¬~ePtX{Üjf^|xLh¢@\\~vXOxfºzdAnâKÎMhTpÀ°`jhA~r¼Bx¶¸ħHѫϱzƷXٯ®̝rћˉrϵ͉zˋp͍|Ɓ\\ϝɝrʋlџUskZGÀUXOivı\\}d]WREpkm^[yZçðZ½AKnNCpHUCÃwaHHÀ}®J¤oROzfyxTpyU|nU¶\\ZAzx¶{FifK´mt{de EÎa¶ksŚxQºi¦¨eZq¤qlVSiu@µQyDjI}³AUs]K{X]AjrsT­OPssN«WñNYG£w©ZIn{uSaqxs´b_y]±³eLc_­AԅA˅@ևF̉HΫCȿ@ʇ@ƹErcjBXx`WqqwµSs¥@¹OUYNBYkCuIjYVs@i¤wb¿`kQwv_{ÃyiJua¥lQbû_[GËuÃ}oN_WO­]]ElyByjomCoeÇBZWYyFYmPa}d]OkX{aI­]cV©_ÓĔOΪI@HǌĂ@nngBopwWFpthOBwIaf¾]dTbszL^SLcgiĉnITsSsPgIqcuMS}É·IYei}FU«`ÇCX]C¥¥®BlcfăYkäóA­S_R^kĦąeGuoB[eÏEkawuKusO{W@]mDq]¡bUÃLuWÇO}CgkMÓ\\yµJ]£×Pc]£RcaoOiuÏSygEe{±KYk@]q©¹RGnLgxaM{\\°¡|[M¼oa±Hsg{Uqlku{RmíMieDue­_JYdVofeQLUYfi_åk^G[|I²\\OdJNbYlkOuhFbZmlL]ÐcUy~ioa@I{oE§V·CX¯¦Ku`[MÑi~F`HoWwBOgX_^¼¡xc~Cjwb©_S^{LBxmtM~cpi@Apcl@xÏ{@Lq_CsJ\\cZP¸OtLqMvi©foIOlT_ZVmGVYa{]§daBioOykxaUDSdmMXm[BCsEd££c`D~ÅGÁz¤fW^b|CÌYx]aHmtkK¿psHe`If~eZgUQ±oDPQnPocrGjuC]aN[vumyjuGa^`\\Q^FYzX~E°Îk¿EX{\\D\\D]dJ¼V÷luŨ¡NeC¢VEx}DMRbn~NPzg g~H¸OzáìVlItD¼Oh©nGjnTenl^vD|Ybd¨¨úcJÈ]ZYRYBbv|A{jM|{Ä§fDo¹UÁ«cZuKWdkY´gggoql[wkC]nyeLJvcVñoUyïlwO­LmOul}y\\cC_×CSoPaJc_DM__mPUu­_Wc£qawwWSs¯qoq]IwcB]g]ukkDSR_»uK^PaW¿THµÇM{TY]LŇSSm©k]scVċiQć¾VCYwLeY\\iga{}Nw¥³·[EW[G]§{Iqe]T]c{lY]G¯¹ơQmRe|\\¨¹lBUWCc]±{_riM{^»ClqOef·UFqXM{bQ}gfe]V¥csJYDch^I{TiMwV¯O[c_¹sTgM@«iÉV½_~aR»¬÷ÃCʚEǨBΘHĴN@¨MVR¨hD^tlUhnRo´o^o¢ZbStC¢|VC~kD÷ÑIYÉqO¥ÕAk³ÝwAmcqµ«Dss@mc£Gg}}qP§{qLihŵYɗBΑ@ffBt[tprF[VjkC{v]\\°ogdN¼CosbeEk`»SgNCOZJÃnUS{d_CgpНB\\ZCLr~TQt°~Kz]dpt`p¨QlB_`KÂ@mjiBhnCifCzV¡Ev®qPTÔH°HJXmt`vUrXnzu¦K~VÞRVoyK¨XFlqd|DzfINdYsrõzaA_lCpGVkL¡iFGvBtLrW¶crd¾uPbĆEnjJlirLzMflGxS¦L I`T_|\\~pn\\ ÈÈNhnVPbzFÊ~pBTj~znIÚbnG`j~`ÊQ`^vobOg~G¦s^a~e°mnKljú\\vnV`Olh\\zT^|ªdhR^NAvH_d|NWªH´LjrDt|F²qÎxrRN|rQxfØOpNrzP^ CBKtRR~xhL\\x~OZ_lfvNZrnJên²RpO\\hÒP¬r\\iR~_bX¢Erup@nb`ÔjXp_bct`Lc¾B\\VFddlxGÂr yfdbI\\QJtl@TzxVCvhTAxKZ² pHxu¤MB |jpU_s^{¸bjoUbGN|nO¦CpzMAviATy_puzDAE`eBo¤gZrna®@Owe`G@jVlO²`^Ć҄ǰîЈĎӀàξìЄKpE®^prZYF~o°däbbApwBzg`fvjO|dknD¦|Az®MpÈZvsYJTenBXuxVwb a@z]rEnYj³²Kh@ɒ@жrgpNTpnGvct¤M\\jghphx@j`nGTkhO¾ nCFl¦ÈZo°¡¨z´PhºK`X¦}ZMnvKY^FvnBLpx[njzV[jf`_lz·`_vcQL}kFGt©PSFtÿoDGwUR@դiNxL¤cªnVZ¸rªutD¤WbWքBҠ@Pw`_WoZPCabPlÚNPYLnut¥hW@K^ivUZ¬x~tNBltª^HÆIÐhdpPprL| RTn\\WHf]FSy|wF]sJÅz}ª|PcGX[wCNyxqY}nySVy©E¹L©yAEkbAȢ¾ɆȕʎɉĦXA`AN¦JjYdFx¬hH~@¸r\\Mİ\\v]OăT§Wqs]SycaHoxKdv`jCrdHLxbTvª@lfF~ÒnLk®FR]xXW~fJ¸ _GwLlOÎEnzjpIvvq^¬¢dkKgXt¨`J@fp®hDÒ¸~G¸@FsoBg£l_InrM\\\\Ð¨xChbJpfz|\\ZWn`¶YlC¶llF_dTGnNÈºvO¬LHO®_^n~Q`fJ||ilCEzR@tÒ¢UJWÂ^ rF`pIdhAª_jp_·bko|QuJQdP¿W¡d_oHyT¥{yPU]Pw`uDutXjF¢`@¾PàcnD_F@ufu´Ii`UknOCj\\oU|zÆI sÊEtRm|Df¦¨d|Fyv[hÑ|HªkXcu~qk¬qreql±c¼Rbîí~kQXRAÌnD¨O¾\\²wzBfZº`Aynur¥`]CJ{_Lf®aPdu²MN`ql^ÄMºÕAo]pt]¬plH°q¬bLcÜG{ÍNnqæMuvuE¡Qeizh]DnzTVzbvQj}ubO¦T¢|d`LjNfgRKpQHZZE{Tlz`i|DxüCtJ¢I¼NWĖ©TE|¬`OJfhtYdwpUHÒZK`¼jIZr~PfWdVNvkpjdc~RªÎYªPxJpvU´BjOt@TjvA~®JÌmZHx|°\\ÒIVrfBRp_~RNX\\ [°PtÊ´LrHjbFNz]¶Hr_I¤M`~X~AWopCf\\ÂQ|a¦cNZb|PN`²³lFovX­CnkvEDÉkćW×WWU\\MG[e\\e¥¥LgWAIgwK_jLVttUI{ÎB~^¼¢GBg´\\tQtcKu³»h[sN¯CrWeGu`¯HzSH]QogQ@q`yccNaeCSN[eseGokS{D]]rKFocHckicfW`·ckcPaIqZµÝLUw^WÓHW±C­HC±bcEo\\eOoQcjuCenuGJYabjKøÅNl±i³B^_BcwVoAÁY¯]y\\k@w°D\\]zJIwqSW¥¶a`q¨heNscAyVeO`«¬Cff_¤Ý chF`c®[zH\\axOtP´c¢H@jIKyRqjGjnJVa|hlI~\\rIdVz|ZbaRe|jjm@DvptB¨ShsZNxSC¼XxEQ¦dDnz~`k°DvqpfªIV¥jW`xMRd²Ov²KH°]|¸ZCN¾OtX°£lbrK|TnS²ØGf¨jf¬A Ædn´ELh~[lvF|täPh@yk|CªrvĴ}Rh[J|zìZ`CtoÞRZ[àRjÈW`HnYÀHe\\nv~bDheXC[nHJ´cxmbeEqWBkjhrK^ßnIxfZFHªbCpjEM ¬ktlbXx@~NalytOrkÂGjULlrODÊnH]ÒhÐGi|UxîWxh¤Rj x¬¤OhÅÈßÀGfD¼k@§kK^ÅS´Xªah}ec]zfSD^YVøi´tZKlzYpBjj@hf`J_nf¸t@ ªFlHX¶pt{]EÈ{ÖQjiÞNlhôLzxEv_ccSºTîPnG|@dSCrdErpXF¢tRº|ÈnnlJ¾`HzorPn¼tVĄfQzb~ªWb¾jFd¬|fvKÜĨÖŖv~ÖH\\l`zDJlUn´f|°¬`H¨zt`´rVnI^pcVlJOi¦Q¸Nº\\@mƸƏæğ^lĉGËBĳKXtrClc[ŷMm\\ȁi{Xÿ¢ŭFS~«MnRÅ©E§Lg[Ph]D±l_`D·PcoÀ[vTµE{ÓA¿JunRbHg¿B^yÀ¹@XmäcÀ^¤OĸLp[ĔàsX}\\ÅATóhÓSÇiqq½O@ĉeo´B\\FÚYJwc£uSY}m}Oy}Á{}oa«oW{O{sc¯Q³ęOiÃÇy£yUm¾ƅF|Dtaáāå¯em­}uygjÜN²YjgV´HL¾¤f®æØndA jd~ªlàRâ¼QÀLä{D²_EÖmNq¨Q]G¢T´A|XBPXb|L|LªI¤zÔTV®@lOtTbsgZaSbV¾EnRqÄ]bTØZ¸OØNÜclkDwOÁ«³Gus§IJyYƓE\\QXÕ[OW}ÛiÅ^yMom{{yY§`aGug{iGC{ÿ[¿U{Eÿk¯{¡WYĔăFhr`HzÜyÄÀAfhMz°Ô¢ÑP}b£z[H}PMhMbC\\Nw®qN´Wj\\tBVQ²nPfVdSXiÄWfVü|T¸uPbQF¢¼ê\\^\\A^ĢŌzUFçdehP\\elAI~v\\TcD¦¢YhnCf~xgPýQi«GsLº~À@¡ZvFGkvcLMN|Mnll@VicQp^YpzOXfWzp|uCmoBsuªMPlpJL¡nTOVUGbTlnmt³Hj@BxTHjdaCÝdipR\\ĉbnOtLt¤¤Iqge^qÅ]ªh\\qtSFmXU`Tö[ªEZuX_@STU^CrDxtjIjÆ°vwDiUi}A^youCsrNª\\vb[F`brjgmiGi~Gs"],["@@dUGiQQt`"],["@@Md|Tbqw_WZ"],["@@{QoDK²jI"],["@@Itdd´PµµõB"],["@@±ecQ}qhxØfjxV"],["@@]m\\ZjbvC\\cWy"],["@@ÉdNrrv¦ctITEV@dJLMKaNyg]hwH"],["@@Q^¨x^UCs¯K"],["@@À\\ĲAæmpkh¡kmWusIq¹isHÉW½J{MDěKd¼"],["@@Dn¨w¥UE`"],["@@B~aÆ@LY£U["],["@@oIgeoAoa¯ZBxfhJlrEf\\\\fhtS[@"],["@@iZwâavyf\\ì¤n¶JM¢^«¹mYO"],["@@`M@yG]U|xbd"],["@@Idjv@eT_icÍP"],["@@u^bx|[gy"],["@@jX¬i|FNX¨Y`XAbzIyEs_Q¯«aYJã]Ha\\º¸ZF"],["@@US±hKtA"],["@@K|\\fMW¡\\"],["@@p\\vWSqHMf"],["@@UDg¬^¤\\ö_Ú£G^y@}OFLfMPuKYRmL_TF}"],["@@XFÒg¾Z\\t|~@xXmMYwNsrk~N²|ĪIPtZsEqYwYaaiOq[eaŷÁUivjĳ\\Í[ËDYTO²AÞöAb"],["@@GÄDxQTDs{ia«u«ySUVLW¤P~CªT¬ld"],["@@a]\\¤®VJmokM"],["@@v@|f¸xþxŌ®bFle^ETUBY@©R±^YaHo_Y{@ÿu¾"],["@@M|P|VtQjkbMS{³kII"],["@@UFªffY_@"],["@@zªdugp"],["@@mwsBB W"],["@@W®ThSUJ{ic`@~"]],"encodeOffsets":[[[-49657,-1603]],[[-49724,-1486]],[[-49743,-1440]],[[-49767,-1439]],[[-49580,-1335]],[[-49725,-1303]],[[-49646,-1305]],[[-49513,-1254]],[[-49637,-1192]],[[-47558,-895]],[[-47473,-1034]],[[-47587,-910]],[[-48083,-737]],[[-47180,-1167]],[[-48254,-720]],[[-48244,-720]],[[-48707,-596]],[[-52098,-360]],[[-51982,-238]],[[-50056,-203]],[[-51731,1]],[[-51629,-72]],[[-50931,1]],[[-51839,-43]],[[-51525,549]],[[-51120,1024]],[[-51639,1913]],[[-51746,2226]],[[-51339,1886]],[[-51359,1928]],[[-51414,901]],[[-51238,906]],[[-51365,910]],[[-50848,186]],[[-51839,71]],[[-51480,234]],[[-51480,615]],[[-51388,248]],[[-51761,269]],[[-49109,-720]],[[-49023,-672]],[[-48960,-655]],[[-49009,-583]],[[-48901,-610]]]}},{"type":"Feature","properties":{"name":"Southeast Region"},"geometry":{"type":"MultiPolygon","coordinates":[["@@i[]ZLn|k"],["@@j\\NROSg@YfOHo½QL"],["@@°Nb`ycwjrl"],["@@akT pCªkdvògÆJĬvcǑ[ĳ]­Q"],["@@TlvX¦lº¬Ĳ¾~K|XQţÙyġéĥā£QuBQl^BzCdj"],["@@Ď~[ûá¯FPIZFj\\x¾"],["@@qEkqY}}OEmcFkLWr¢jz|h^fGprC"],["@@`]~NZk|K\\stcbN|]wekfÏu¡Q]pCmcRXrn Z|"],["@@Ì¸rèÄM WyA@a`cUI¹{AWqnÅoOJ_fCzxf"],["@@GcoJ_Q×W[CG}YyfYFwfin^t¤N\\bZDillnØK|v\\t²vH®ÖRna~Cê´°xZÚÈVbQ¸U~tt¢¸rnvVÎ¦Fnf^XzÌxpv|DAlzTlhâAºtT`ØfbjIÄ\\~MiXRcjLªa°lfe¼YØkPJqDmiccÃíGN³[~iłszqk¤_CcDyxZJZx^Rx¾ZÒJz]¤Q^ij^rC|gHpQDUg´§°cdI¤gjh~{[whmEEgxL\\on^b_cªZÒEDaqhĒpc´txfE¤dʀɇĸğDQtȥ¤H\\O¬ViQZn|LbfpKdX~Bvl`ª[T{ H\\zXNzLd}{dVjg`z}rPzvQpfx}D_¦ijTfU®\\®Nr¥dIÎ_¡àPHx¡w}@«w[q`ew[gÃovÅč\\uia¹hS_]]Å]mVOyoV¬LfA}iQO¥M©sWT©Zósgsß^wKamHlOaÇFySLSyHjiU@YMu|¥`S|X@bYvTrI¤µdvAEZo|{§yAUsFkǺŝ̂Ƿo©ąMBé_½GGŉNħLetǟpš_ûsÑëçGgëwÕ¡±§}[[[g§yjau©AecdmBsěcgeR}kUbNVHZ@NTDgs¿ZWÔDAyeaoÃí©Kwuo\\Um}o·yOguW§QY c§¯}qCiy_EÕa[{ã³ÍKsJI³i_j½Q»FÛƕDoáõµçŷĭűÁēÓB{sU}}W¥uL]aq»BË`nUdqtWx`TiGo}aM«G[oNĹVƁRĩEÿJēSU]BŷS¯QåJGsdF`|Lv¼fS°X_WgLßXnc±^L[eWB½síFÁQ¹a[U­U¿¦{PihaQ¿¤`ýHySÅ@]is]|wUSËMcSP`m`·Oocgt`Pr§{BUYQCigy@weR©G}]Yec×Dy]av}^VcM§fKrjK®CA[qBgo{¯zWSÇIoi§EgIrsLr{A_ĳ­Zuw«IJ\\q@_js]XyojYy{QkRgB«x]Yy`wBwkVmwX}¿UcrįT@UXçKÛi×sFµyOye[q^SiB]osJP·TaDoP§ař¿ǵīû³»¡gkJcis^eoyS©¿Í·ĹÏyDY[Y}F¯eË«uµ¥ÅW[moD¹åsaH]`[ï_GeH]a_yFsMnUfjtjFpaV¸D e|uZgIyHq^ÁÍgalD`ªTnp^@Îdcdf®Jfj¢gTk±JáWO^¯bçS§F`gneqD[qZ¥F©uLzFMÀhaxRb¶dpCÑUAm²¡Z FÁrIbwXsOtkfqâ{Ag  rOàf«¨gjzC¢iZh¨^´clVz_XeªHdw²FT{®cDpLBVsvGhA|\\l³pen`afGP[uqNimPi·BlieHmNg¥JyOPi£|eG­}Se`GUVZots¤³Ml}U£vĉ\\p¡l}K½`{Sm^yCemuYwHUXz§EcSuRQVÕesHÉ¾µl·PbDi}[­LÓgWAwaÃP©foDµuj oI·akB¹rJU§oNI©Á­cCt¤º`bxŦ®^rĔÄV®nhĂÜÔÀâvø¸vX¶²Nnj^TxlJ|evhX¾Wz\\fj^pÐNbRÎSeD¸¬Rvdº¦ÌF¸LWbO¬VYlL|èhj®jªÄnÂr°ŖnÖz|èx°_¢Z¦_l®kC´a~XjehT¦èxrbUn`MAb~`ú\\¢ØR^ttvvZ ®Z@lNÊM´¼OnHYx\\jfjn`®²d|¢bd´dªC`êO|rn¢Ea@`ZĜ^~~ItSFÜbXG¨LTaH©¤brO¢¦Z|NHlb´rfLxvFfBr\\VtFtdTvp®WV[]HyÔ~tQöZP\\OXNogpZZwt_öNp[|AJa¤Wt~càOiR`jvSxnJNlj\\qh^h Wpd\\~~OW¢p@drHÞZInxnBt¾zYwRneVĘD|x¬KhrfFn^ o¢@qV·sivuG@qO¤l^P[VvLJ~]fx~²¤Ez¸z®²¶h@xJF^`^mºkXBÀehB|anPcXGmF]hµ¢yBm\\UlbiJvzBrhČyĐTvGj`OH`xzXFlvz{hKrĈhŌfvcTĔBÆyPlyHXF^tÆXªaFC iYtFt¢ĀOb{lPp°|V¢SČtmQ¦Nph¤Vw RWL[H|lWpsLMjlHzGtOeCpUerORi¬N¶w^dVTatJ¢¶"]],"encodeOffsets":[[[-30010,-20998]],[[-41312,-20774]],[[-44279,-23338]],[[-45000,-23639]],[[-48959,-25510]],[[-49156,-25697]],[[-48959,-25493]],[[-45359,-23670]],[[-46524,-24441]],[[-47141,-15231]]]}},{"type":"Feature","properties":{"name":"South Region"},"geometry":{"type":"MultiPolygon","coordinates":[["@@Xrg\\\\FQ{v`dtmV`nmhdA~OZ^zoKyic}§byÅāKqikI{|ai}L[qvO\\^Ex"],["@@hD±ßÁe\\a£lÄ\\¦hnALDEyXu"],["@@¢vÈ¤bzlºQ \\änBhPÄbFp²jZzC²t¼\\¬Ĉ´ĆLĨG\\x nVpvn¤h°tjF^jfôJd^ÚþdÂ®ªJpM¨VIºqlAb¸pJi¶vpCªeÄOxbBXÔhK\\®j~Ca¸O¶kÊ½tGÖfURvQdT¨FyWVxGvZfnzDn]|T¾_L~¢koĊ[¤u~Vk´Nt£psYVUHf_~T®fH¤{jOzP¦IhMnfG jk¸AjnOjrM\\vOHbe_fm´o[kB{gHtuUAKodC|­ESx±Gcf©`WUydk]³g§jYD¡iyh¬§ePßqh |BrálePstxWJaÂqEY¢n±VBÒDcoaµwQbgN¿EyKªv¦ErY\\rCfhm_¨EèT°aP]âX²IlhS¡iIee­dcc@Ío]Sm©C_khbÎÂr]zGJhvYf{C·bUEosiiVemN©uE[·I·QQVeC_EP¦_««nF·igdeGk`wEwCUnçAgOÁhVvsCRz`rEÈ^vKqoQbsfEtÌlhÁkyÉěw¯I}WçV§agPBdc}É[³D³^ėKye¡h_ATÑ|¦U¤C£po·čg·GÁ^ÓÜMqy_W¿dsOdxPX]_Íkg|~Y~roBXÃWiEnyDzs­FkucDaT¯vqqkRUN¡Oh[IÍKHg_uvm­OÇzaOmq[·[qObooE{}Mgh_}i]µ¹céĻÓ÷µŋďûåÁÁĭĽħōc{ĕŏéĩíŭóûǡėɥĕeÑġũ÷ōµÕ¹çéĽs{ĥĥœğƛƗùÝŇýÏĽÉ÷ıÉÕ¯ïß÷ýGqH{a±©©³é½Ĺ£ŉƃoÉÅÉÉŉ·ăĝʡȥ¹§ďÙġÛ«QerI~÷JGl¦A Nved¢`èKTŨGrhlÂEÀÜoE¤f^ºTG¦FªVpffs]ÄºfâÏq¶HdĈƲh|ĎS²aëŐAXĢl~PgU¡TQgQcszRxa¡¡aąaÍweeUÍ]s¯Y{V_»lWrY±«E£ÊO`·´@f{ZVqÀi~MuhKudlgdçhoDtZin¹vRbVsb£»svʑǺcèº»|UrëFu`·\\åckvDLnsLFvs\\g{AWqr^z¿ZG¾£XVtTjmhH}^Vn~mAqzKnX¨uSASHc}±GUo¡BeysC[o}D{eß`UxPÄFîf]he®VudetvĎwGU~¥fYjVgtLkxLp^o¢w[¡À}Ve¤oBn·pHrohdDiis\\oM`}EicXg{µquB§w_QkñEg|q]ZoJFlÑRUi£`enZlWndÄ|ÀlnVv¨pBĄ¬zVG¤`º¤®È`|¸¨äblbB~\\ÄfÌXK~TX~Rnü`t¸_`N|vtTHĀpH`ªÔÖºZh~u v¦NÎrk¸t¨hN WºGfY`tNDvl¤Sd­ZNÐf\\J^lnIEwUT~^^¦kp¦vLfiZTd`UlZn~vKNj\\ÒWVp½^lhF|wxh¸JEòjZxEfrtÔhERjSpr¬Yd`K¦jEPuHæ¤­lt D\\f{x|Pjri^rSp\\` bZB¦bJjNz@B²MjJt^P¨RFvD]fdAfªTÖ~I¢ºOvPpkRrwreF|X¼CnmVNZva`dOlnadtte¤nº¤Ra^XpÍæ}^FX`QpT²cJKnRI¬qv]wF@^FWßkQQz}crK§iP[vUx«{N]oYWw}©cWyPc]DgeHoz}lo[W|gXIA¬O®ad`d°¢|¬Ĩh¤Kpm|F¸dü~ĈT ¼èNâeÈ^¼xx~¢Lne¼YC]Nr²¤"],["@@lGKZp"],["@@pxRt¢h^MC¯cs\\e}HoG"],["@@um¡eOkx@h GZPdÔ@qGo·³"],["@@m^vPecm"],["@@IpCGsoH"]],"encodeOffsets":[[[-49729,-28389]],[[-49679,-26852]],[[-55585,-24651]],[[-49499,-26105]],[[-49499,-26017]],[[-49320,-25986]],[[-49475,-25973]],[[-49550,-25919]]]}}],"UTF8Encoding":true}