{"type":"FeatureCollection","features":[{"type":"Feature","properties":{"name":"British Virgin Islands"},"geometry":{"type":"MultiPolygon","coordinates":[["@@[IBPZE"],["@@GDO\\qCDNVEXFTEDc"],["@@I@iPUAWFOISZOJJNLEpJbKLD^ETPlMRGd_^eFSMKWTmXAHcF[@"],["@@EeBS_F@TJH@`RAVFLJCVJjHHZCVIFQbHLRRDRUY@GMcI[FE]]@iU"],["@@O@IPVNRSMI"],["@@gAPZ\\ERJLT@L\\NMRJXVIJ\\REnCTFVKz\\LCJ_]IA_KBIQWCYXUDGMPKMM[@AMQKOAmSMPSC"],["@@QDb\\tGLS]SOFKNUC"],["@@KCOJPLVGLHRMDMMOKVQD"],["@@FSS@JTIPAVLJNSI["]],"encodeOffsets":[[[-66161,18752]],[[-66115,18777]],[[-65887,19167]],[[-65972,18902]],[[-66114,18912]],[[-66240,18830]],[[-66315,18886]],[[-66085,18883]],[[-66080,18916]]]}}],"UTF8Encoding":true}