{"type":"FeatureCollection","features":[{"type":"Feature","properties":{"name":"Región Continental"},"geometry":{"type":"MultiPolygon","coordinates":[["@@wZFSM"],["@@^qE\\[fjNtaæo\\RxWH\\SbȪBɌ@˾ADC̠BIYQ˟F̡HϿ͛BȷAɃ@˟@ʍ@­AU~]fw^JÁYu[AO]zov­PÏqNs¢efxTb~VºxPfd\\HGjxrÌFf|tiHlrxdxnTntZvAX|`ND|SĘ|°BÔI¤Y²V^\\"]],"encodeOffsets":[[[9555,909]],[[10059,2406]]]}},{"type":"Feature","properties":{"name":"Región Insular"},"geometry":{"type":"MultiPolygon","coordinates":[["@@Vhf_NoWscjMr"],["@@[nG¾j®frhRÜ[hPX|WrHĖz|¬TxrZfÜE®HjR|]lHWicÃo«wCu]aw[NO«­Y}msl^wK¡bcAµrEp"]],"encodeOffsets":[[[5755,-1456]],[[8640,3383]]]}}],"UTF8Encoding":true}