{"type":"FeatureCollection","features":[{"type":"Feature","properties":{"name":"Harju maakond"},"geometry":{"type":"MultiPolygon","coordinates":[["@@TIJ@DKFCLBFEPAAGGDCDGDOAEHOB@ELEBALELAFBBEHANIBCAEFG@EF@CIIEOCKDODIJMFMJE@CFEBCFODIJGBCHGFCBCFMFADFBNCJ@L@`HR@"],["@@PAjKHCRIBEHINWBIEEFKIAKBQEO@@DWBGHCHBFEDHDEDKFMDINUDDFHDLPHFJB"],["@@F@FFCDHHLFFN@DLFBFLLHADEHOHINEHIBILILSDE@CBMLINIIC]@ECMDIAIDI@ED]JGJI@CDIFCLEJMD@DJBDD"],["@@BGJBDEHCKICESCOA[CKCAIJICON@TCCCTOLKAKHCFWTVBBEjDDCDMP@@CNEBIOMIIBELCOEHELAFECAJSC@TGPKHA@EFGJCDEDOHGDIAGGCFQHCCKF@AIDIDCGILYLKBAKGFGHA@CHCWGsAICGFBDaDBBMTDDUDEDG@WB[A]SCCKCK@UBKAiFWGGEIAACUDiGEAVKGEBCIAUMMHE@QFYFAA_PWHKEIDOAQGGAICOAACeDMBKFGAYBKAK@KAJIrYPGBCHQCEVSBGRKMEGK@G]]GEFE]MQC]eKACIKEG@ACVS]WAM^GlINGCGMGMOUa]LAPWNcFSIYIGIZMNMBCACC_EOBOIMq[cNWCYcQE[FSHOACD@JDDCBYBBDKFIBIFVFIFMDECOHw@@HTBEFDFFIDEFGFBDHBPDIFGFYV@FDFRLRH]FI@ICQHYHUCOPKESAkBNQBq^BFGHEBKHKFEF@JIDUE[PGGM@kF_HYJJLKBDFAFAFCHLBGPcCCH@RAJBNDJBNFFBL]EOBiFOAM@]EECQ@@AMXQBCcBNMCCM@ADIAKBAJEDQHKAEFICKBCDGFIHKHG@ECGEHKK@AFGBKEADGBMJ[GIHCCI@e@CKWDGIGK@C]MOIICQ@iFBI@SIOEEEKAKVKTOOAmEO@LIREFM^BAIBoSAGAUFMBIAeFKCKDSDUAOAI@UGYEKAWB[AQ@£CIFIOD@HEBGIAMIDCVDJBBGGEBAVMAASEQCEHYCEEEDGAGKECMAEGG@HKHB@QUAGDMINOFAEGGAIFG@IDGHDJMFWACB[MGAKAMBMD[VOJOCIEOCEC@CMGEDKDBBMDIAAGSMABKIQKICICSIFIIASAKPAF@Zv\\v\\x^EBWDCPOFMDABWFC@AJEBKJKDRB@BIF@FEFAHJAHBXLGNQFWJMB]JSDiJíH[BIGI@ICKFGAUACCEGwhED[LBFq@DLWT§A@§@A~HFNLFJ@HEDSDALAFDLJCRAHFF@NCHARBLFJRJDX@PBLBPDRAFCZCNGLCPCT@BCPGF@\\JLHRCJCRAVEN@XDJ@FDNHFALDBDL@JBXDHBJAFDJDHCJBCDHBLATKLFHGH@HCPDT@AMK@AENC@FTBNDFF@FHBNLDNCBIIC@PTFHAJEDEHEHELCBQHUBCFKA@DKFC@MHOJA@KHILIdBBCPDJHBL@JENAFALATBBCRELAREP@BAPAJETCFATAPEFCAAFIPGLAJANITCLCPC`BJB\\DFBHT@HGFENSRKDIJG@IFGAEDKDIAGDIHLHBDAFDBHBRAGIPGXCP@PBLFVDLHH@LAPBTFRJF@JDTHRFTFL@HDLLJPEJGBBJBHAFHJABFBJFLDDHLBFDJCN@^@P@N@LAHBRCLAV@HAR@FGLCFEHAPKHGNC^E^CJCVE\\BTFRLDFKRDDJARCDCPGNCHCRCPEXKJAVGJGTBRFNHHL@JIFKAIFBBOJWHDFGBCFBBNEP@@CNCbBJBDHJD@HOBGLBFFBFGDAN@DCHDBJJIBENCJEIEGKQKRBFCDGJCHBFBNALGJCDDNBHKP@JDLCNAPDHDLHJNJHLHDFJDLLFPAJOFCFOJKBKJLDBJCHGFM@EBEPEPBDGFJL@JCJBBDJAF@JH@CEDAVEXAJCAEJET@HANBHIHANHFCH@PBPEAIFEHDHGME@EDERGREHGEWDKNGTEH@@FNJFAIGDCHALF`OL@MFHFVGPBbNADMHFDVCRBDATAN@RCBCLCLFLB^@LHJACEBELEBETGHAHBJABCFGNALEbC@HCBTFRHHFJLBPIHOBIAING@GHOJJBDDDJALRCHIVGZCJC@APIDMCEBCHAXEZDRDVH`NPJDDAHHADADKAGEE@CHCLCXE\\ARGHCTCL@DCZBbDHALADCHBVCPAV@XAfHRDNH@DHDBDILDDCDLHXBF@X@JAN@FAXDNAP@RJXVFL@HEHIBKDMNGDEFENDD@FCFGDIBONIHCJBDEDGDGVFJAL@PFDAFPFILNDFDLCLE@EIAFINIEAAGIC@CHERIJCJCRAJ@VDNDFGFECCDCVGJALBNB@GJC@EHCAIFAHGPBDABENIHARAHADCHAXANBZHXLHFDHCDGDHH@DHHHLIHC@EJSHGCADIDAJDNCBAJADJDJFBFAHOHSDEFJDDDNBHFHB@DJ@BDJAHG@IHCDDJABKJDFAFJPALEFEZMJGECCGJIFCBGD@ZAHCMKACMCBGJKHC@ECCFE@EEGAGHCCCGC@CNGP@HBLBHANAFIP@R@"],["@@FCHBJDL@FCHACEHILECAUNIDGAIAGDKFCFLA"],["@@JALGH@NJFEACGAUMICECMAGBIBKJGBFLTBJDNB"],["@@HLOFHBPGB@@HQFBBEFK@CHIBOCEBLDGFPBNGRDDEL@FCP@FAAEJCPKPIJC@CHC@IOEIH_FIBGDGAEEI@AAGACEEBCJHFNB"]],"encodeOffsets":[[[24480,60776]],[[24532,60788]],[[25070,61004]],[[26451,60994]],[[25816,61007]],[[25357,61020]],[[25591,61051]]]}},{"type":"Feature","properties":{"name":"Hiiu maakond"},"geometry":{"type":"MultiPolygon","coordinates":[["@@LADIJAL@FC@CI@ICK@EAI@CFALCBNH"],["@@KHKBGFBDEHBHDBCJIDGFEJF@RIBA`EPEJA@GLQGEGAGECEID"],["@@NO@CNERABIAEDCGEIJAJODCDMFGFAFNH"],["@@HANEDG@CGKIEAEMDADJDCDNBBHABKBCHCDJB"],["@@EDMFEFM@@FP@F@HBFDLCDDHARHCDFDIHGBAFKD@HIJWBEDKA@DNBFFJ@DB@DDN@DGNIFI@QHOFKBADFDVHLHEFOHMBZFADGBBHABDHABHHALEDDFCJEDADMDEFBJIDCDGNEFE@KNIDQJCFSJG@YHODKBQEQ@MAC@QAKCCCDGEAGFMGKJMBIDKBICIBOCCCAEGCSBkAACYBGCK@GDOAADG@GAEBGAK@EFG@DFMDK@ADGFMBGA@PCHIBIFK@UDEBMBMDSBQAYFAFG@MAKDCHIDBBNB@FFHAHJFHCN@NFNBRARERAdBV@HEZCN@HARALBXAF@N@JAT@NFFCP@RBRFLHHALB\\HHAP@HCVBRHL@fGNCLENCPC`CL@NDNBXLLLJTDDCDODCDFDV@JI@AXIRDDFEHFBHIHANBFDIHIACFKFGLMLB@KRDBL@ZENCJB@DLBNADHXFADMBADFBAHIH@HGBDDEFBJHELCFFPAJCZ@^EBDIBK@@DT@JHL@BDRDFEVDFALFHJBPBNCPBLDHBLAFFNAJFBFEJAP@PIJCL@TBbFLDJA^KLCVGPCBACEKCCGGUBQJIFINQOJCCHAFCIEFIHGHAFCVGN@RADBN@VFDCNCHAH@^GJAFBXCFAL@J@@DTCJCH@DDCFJDPCHEZ@AGHCREGEFGJ@LEDCNDFFHBH@EGNCH@DCJ@HFLBRHDAEEAEE@CGJOREJCJC@EI@YAAGLMFCVQTIBEFITILBLCZDDC@MVIRM@KJIME@CLINCHCVQEAACHGLKRKHIQMMAGCI@UECAI@EB@HEJDB@HGFBHOCEGKEGAGDGHCAIFQFWBOAICG@GEHEFABELI@IGDGAOFUDAFGBBJG@KDECACN@DCECDCGGDKECOAEFGDHDSBCIKB@LG@KDIBQHGACGBEOAICK@K@IC@CJIF@TAFDBFTDLFD@PBNB@CGENA@EIAGEG@CEIADGEEJGHCFC@IYE@DQAGBMCAGJGG@YHGCIGECEIFCGEM@CFHFBFEDICACOAO@AJOD@DIFCFMJIHAHEACFDDTCPMLIJ@JJLDVDHJALBDADLDJFD@DHAFGBGCK@IBBGCCMAECDCEAIFAFSAS@CCQAEEAEGG@EFAECIBADODGB@GDCGCE@EAAEECDGAEIE@EGEDCL@HAAEKIECCKIKEACEECCGKMKGKM@CSWEMCMO@MCSA@CcBQAM@KAEBUEEAWAEAM@KBODQBUFGBKCEDQFUBEBMBGDCR"]],"encodeOffsets":[[[23675,60253]],[[23580,60315]],[[23540,60230]],[[23618,60242]],[[23024,60121]]]}},{"type":"Feature","properties":{"name":"Ida-Viru maakond"},"geometry":{"type":"Polygon","coordinates":["@@JBL@NGLCBCNGLCLCHCH@FAVG`GZKXG`MDELCLGNC`GlIXArCZBL@HCH@B^C`B^@xFlA`BdDT@FJBTBRArBv@t@vB`BbBX@pCpENAzIVE`CTCbC`@L@JCFEHAtEXCZCX@hBDA^@PBNAlBL@fCF@FHZ@BD^ABENEDCJKJEHATABCTAR@VBFEN@hFP@TDZFL@DEb@\\DHAJBN@VFJDJ@\\LXJRFjTTLZRPLLJPPHJJFFKLEPAT@LAVE\\MXIPITMLMFKJELEdGLGHE`GJEHKRQBCMMLCDCIG@CMGDECCOGBIMIUIMGEKU_OOKMQMKAK@UDa@m@U@YAOCaGoO_Ea@QCECSKiSgYIKAG@IEQJUKOGMCMCCOMIGECGOEEkWWGGEOOUIGMCQDEHCAGMAWUCCDMAEHEAIBGKEKCOMCMDCDIMWE@[AIECC@OGQ@CDQHOAG@EOMME@CóƟíŵNŏLĳLģJG@CAKJG@MCU^wR@qHIQiCsBoKOAEBIJEHEBDHED@FCDEN@PDBNBEVIAQJ@BRTEH[HCFQ@ERhJNNtFHAhFbTJRMTB\\lPBLUHGBN²FzJ@NI\\L`ZBAFAJDFTEHOj@PJIJBJALFF@FFFVAGb[AMH@DVTOXQHEDNVRHCTIh]IÏgADQtSALl@FKFRFD@VRBAZtTCJThELNDF]@@HO@@BKHUBDHaEa@ICIBAJYFECCGUAMHZTjHPDAJR@ABIDVFKJKNCBMJLBSHGFjJDBTDPQbCVA@RAHKLEPD\\@`ML@FYNHNIHDD[HHJ"],"encodeOffsets":[[27402,60928]]}},{"type":"Feature","properties":{"name":"Järva maakond"},"geometry":{"type":"Polygon","coordinates":["@@ZdXDdMr\\JNAPFPD`BDADMNYNHJZJTJdEXMBO^KVbNPNHDHMHkJ]HBN^XUTBDH@LFDJLB^fRD^NEFHF^^@HHLNFQLAHUTDFGRADOHqZIJLBL@LBZAHBLENAfC\\GRKPGjWpUxC@A_O\\EACICVKHCd@FABCBSD@FEFFBDF^@PC`JnTLDHEfMFBJSBEGCLKLBHALA`JTJADLBDGJEHAhKF@DGJBLALDAD\\CDE\\CFBJHEF^JBCHADEQCEEFEZB@AL@FCJ@LELGTHJFHBFAFGJBFGDSJK@EMMWAMAEIMKBAAIGMBOWBK@QKKABQOGEMHCDIK@ASk[ROH@HHJFJKFCDCRDPJBDD@VERMVInHVBbMHEHIFM@KHKHGfCNAFYLE^IRCJCR@ACLCAGEEAKFIGCFGNB@CHOREJBFCGM@ECOFGJGFIEIAEEAAIG@EIDAIG@GNC@CHGICCCI@MDMECCMAFCGMSIXI@AB]HGMEGBMAWB]AGCI@KAODKEEB]CKEOAIDK@GDEK@EFEKGOEMDKCCFE@GDK@AEGAMGE@ECDCCEHCDGFA@EECFGHC@EDQEADKCCSCCEKCSCEEKACAEBBDKRYJIF@BQB]AEG@IHGaKAI[DIDYCGGNIJEGGNCWK_MIAEBCKUBAGGQIMQKMAAKKAQBMEBAKAOBUCMGCCU@UEM@KAMBGFC@QAGECE@MCGOCKEK@KBO@SEGIOCWIgDYDUGGGFCBGOACCG@GDERQ@ACSGKCKOYBW@HMCCQES@_HmD]BmOGBc@MTUCU@]ESL[@iHMAE@SPVHR`\\fPXZhFFFLVCCMDIFGBIAEDBCBDHEBAJJHV`CF@LTDLDDDcbODW\\NPhGdZAJHARLDAPJOLVNEBPLNJKHVFYREBECKBQHFDIBAJMDHJN@VhpNlLAHFDNzBHgZKLXFJ"],"encodeOffsets":[[25942,60411]]}},{"type":"Feature","properties":{"name":"Jõgeva maakond"},"geometry":{"type":"Polygon","coordinates":["@@RLJNHRBHVADLFAJB`NXLMDHHIFMJHHZDJC\\CBJbLGH@JFH^BRA@AJEZILQACFADBLBFFTDLDDFTDDDCLFBCR@FGDEHFD@FEBCHGDDFCDFDF@NHHBBFL@HCF@DELDNCPFLHEF@FFLHCL@JCPBLF^DFALFPCLBJ@HD^BXANBHANFGHA^@BWJTJHNEDNBDDNFNCJ@DDJDGHDBZDZAxBxB|LEJHD@PVBLIHDDLhHv@DEBGHMQCHGNAFGBEHCPCFSTB@GNBjBRETFKJ\\FNBLAPB@FAN^DFJKJEXfDEFDDELFDbBENbDlF`ICC@CJGKEd@P@`FVLHTFÎ`BKLCHBFQR@DE\\GFGQS@ARIJBFUMACA@OFMDC@EFCCGFAFGJIFAPBpLtAjDJRrG@xQV]NDH@LIDBH@ĤIĴKŐKŶMĩ±ùȣ[QCgGAHIAADM]IACVIIACGDCQIADOBIDICQCCA@IaGKDEASCOADCGGLADBXBJMQMJIDMTEC]c@@DKBAREDGHWDBDCDOEHMIAIJGBCGKA^·ZICKBMsKeF[sA@EHCBGm@@EG@KCCIYFUDKCQKGAIHSHEKDGOAeOIHE@IJK@@FQPIDG@UJIANKcOMO@[F@LIIAFCMAUBIEM@CAUIIDWH[NEBUN]OOFIBGAIFOBBFL@VBDDJLQ@CGCCDWKXIGEGAG@GAkTSEADOEKLWGIEJEGAIBCAKBMYKGJ@FMeLI^eNSASDAIMKK@_EQC­iwW]LOAYKgZUI@EH@@EOEBCDCO@@CDEBEGCEAgXhWK³tA`AfKEaKoTIAEDBBCLQDEDLJE@NJIFIHDFeBWFUHUFIDK@CFSB[BqE[Go@£LGJIFFBT@@BJBDDBHNAVBTRCJG`IBWBGAE@XPDNDBBdBDEDKB"],"encodeOffsets":[[26397,60099]]}},{"type":"Feature","properties":{"name":"Lääne maakond"},"geometry":{"type":"MultiPolygon","coordinates":[["@@^GFCLCHET@DCCA@IOCG@OGMFADKDKJBDGFAHLH"],["@@H@LCH@HCJB@HHANAJCL@JAAEEEJ@LALIF@AIRB@FDBBHLIHAHDDJ@FPFJ@HMLAJBEHTBFDZMFMLBLEAEFAJAEGDGJEVIPMCGECACMI@IG@MDMFI@EHE@EE]DGEFE@AQCCBGCGFKCKDCCICEDGAHIAEGCHEXCUAMFIFSJABOLOFMBCFcBGDGACUBEJCBECCI@CHICE@QJEFIABC@IDCMC@JKBEIKCSH@FQRHFJBLCFADHEBBDMBKFCDMFCFCJEFSBABCFIBGFBFAPCF@FHFHAJFAH@FH@FCJALBDDRDFFADLHDCV@BAVE@FDDLQNA"],["@@^C\\ELAPELGPGTMBCMAEBK@IEIJAFGDEAIFIAIBE@IF[VFF"],["@@B}¨@@¨BXSCKr@AE\\KFCxgFHDDVBHBLEJDJ@JH\\AîGjITC^INAXIREHMWKGAIBBGFE@EJE@AQALCLIFABID@XEBANCPEDOXCFAw]u[u[@YBELOSaYGHGRSDCEENSPMZQFCfEFCKQBGLIOM@AbGNDFIQGEILCLBJGCOG@jMIQRBJFJCACNE@EMSBES@SBCCeFIDKGLEISDA_WPDBGVOj@DM{E@CwWOOUBMAIC@EEMDCJFHGCETAfH@CNGLBlRJBPO@CHEHGMAECDECEMIgqOKMGeMMGEH£OJGFALQJIBQGMAEGAYLAPa@]eIYC@KQOAE]DMBIDgRYFFJMBcTOCJGTIVaEE[CLS`cb]TE@UI@QHUAWA[FOKSDMDGCGD[HGQO@CEMDAE[CQOmJIGGG_FQHADQLi@cCQCBAYKSFK@KJIBWOEECAU@EFNDBHADOBIBEAEDG@DLANOEID@HHBFDCD@FNDFFBFOBOBOE@CEEDCKCGCAADELB@IDACCAGGCGFAJEBGBOFS@IABCOAOHCD@HFBF@FDZB@DCHFHBHFBDHVA@DGFGDGEGDHFAHDDBHEJEAEJAFGBGJCF@LED@FFDGJCHEBFLADHF@DDJEDIDADFDCFKDDDADPHHBN@DDAFGF@LHBNILELBP@PDT@XFDFEFGDGBGDG@AFMDQ@EDGDDFDJG@IFBDPFNAVEVIVCPEF@P@NBDB`DLFP@HCHHH@FELCL@JFIBMBBHFBHLLCN@FFFBTGPB@FHAJCH@HFV@ADJFLCHCLFJA@HFBKFADBJPHVLMBICBHGJIDEFKGG@AFMBKCACSG[EGCMDOASBCBK@EFQB@DeBWB[CWEK@GCEIKCaGG@UHUDWDEAMBQES@OEY@OAEEACGAMACDNHD@JFDJFFABIBEDAFF@AHDDTGPBGHLDEDDDPANHABKDEHBJFFGBBFDDVKACEC@GVAHABEN@BCJBFDL@HDBDH@@HBBMFGNHBEDDDIH@FUNOJIGMTMACF@HDBAFKNIHIDGBKJWFOHDHJEHADDAFDD@FDDCFQBIC@AK@GFGAEHHDGF@DFDLLALGNLF@DKBADL@FAHALBDDLCFBFE\\KTBBBTHRBHFVBPGJD@FGHDBKFCDDFGDEFDBPELG@ARIH@\\GRHPBDDRAHBCFJ@DDRBCFBHQJKD@FTGH@HBCDHBJAXBNA@CFCHAROFBRCDDBFGFBHN@AJCDAHKBIJGBDHEDECIFA@MHUFGAAECAHING@CJACCHIEEIBEHCBEJMBEJBDCDIDMGCBKNDDUACABKEKFGCEAMBAJACGGGWCGEK@EF@HK@IBGDUDEFQHEAKECBaEKDEAQHE@IDGHMBIH@BEDIFCFMDBFQL@FGLIJHFLAHCJEP@JANACF@FPD@BGDBDGD@FHBHABDGDMEAAK@KFFDCD@FHFBFIVB@DNDJBBLAHCL@LBHAJBPEPD@DL@AJJFJ@PHFFBHJBJCNAHEF@HCNDBHADIFINCRCB@JCHF@AHDJEDSDAD@F@J@PGJ@JGJMDIBEBEFENEPBFFLCFJNX@HDHH@VDBTALEBCJGNC\\AT@TDZD^HTJTLTBJBPJHHPFJBBCNA@EBEFE^EJEPANBRD`J"]],"encodeOffsets":[[[24003,60247]],[[23761,60457]],[[23923,60728]],[[24301,60659]]]}},{"type":"Feature","properties":{"name":"Lääne-Viru maakond"},"geometry":{"type":"Polygon","coordinates":["@@BDPBJDHBRHPBJCLFXG`OBBZEREF@NGVNJBADHFULFBjHVCBDJBHFXHjELBVAL@LDDD^T\\BXAH@FCVCCCNSAAbCACHEJDtBXHGD@DGBEHLHABKLKZHJCDCJBJE@DLGDERHDBHCJGHCPCFIDEH@FGBOLSHD@ITDBEFKBGFPFKDAFJJPNAJMF@DO@CNCDiCAFUASEXGDBLKLSPDDSDM@DPIJBJLD\\DPBTDDFLJGDCFIAAHTDHFH@FDFCRBNHDHDB@PIJEBHJDFGDDDEFCNFHCJFBHCBETELALBJAX@PI@CHE@GCCICGGAEDAGILELCTCh@VDVHDFFDCDFJADIFHHALGJENEH@LFBNBDELAFGEEEAHEHBJ@@IJCJDLBBDH@FBJDFD@JLBFEBC\\@HBFFFASK@EJANINKRAPENBVEOAGEHCBCLGACHAD@P@LBDAlCdBfBN@J@XAPDbBNAH@LAX@P@HBJAHGJEJBLMPCJABCTEHENIRC\\@J@VBNCDETAVAZ@N@JCPBBELAN@DAIEDALABCFCN@HCN@LD@INCBGDC^IBCJCPAHFSFN@vDXF@EDAN@RBLDPFLHNPBHCHG@IFNDLDFCF@LBDFJCR@@CFERA^BNGH@PITCLBP@FCH@LGHCL@DIDENEFBDDJCFAJFDCPI@CMEJABEHATAEGGI\\GCCJGGMZM@ENK@_C[FOLKBG@QUBaDORSCCAiIHETGKANIDALMLIUEJCBAQ@BIOCiGYSNGVBDHFDZEBIJAJDb@bFCGVALG@AP@@G^@CEKMgFISSDYsABUQC@QELE@EKkTBRsBCÐh^JJgDSQGUMFCRGPWUS@CNG\\BHaUBEE@EEEBKAIJIOIi@GPSFCEBIEAB_Y[KMJI@EyM±HAVGAKkOA[NSIQaSgEGBsEMMgIGAKDALÍ_SEKGU_EO@c@LFIH@DDD_JkEaCFMaAECFKCCFEeCFWLIEI]CBM@EOAKBMA[ELISEQFiAMA@HSAETODGDAFEHMBGHRDGNAHCFu@gGCKGCKJUA@OGCFI{KwAwAYBYCCA@DMD@HJHCBFJH@BJFBBFFJEJIHEHDP@FHNEDIAQFGP@DMAEHHDEJBLFFBHKDBDQ@IDQD]JKFEZMBeDGHGL@LENGJGFaNUAmGUJQNUFC@ACOIQCCDEDILIEGGG@QPl\\BTL@CJGDFNPHARLBRLL@XAAPHNBJABNLFJNBXBNN@FILCTEHIAEHEBGAIESGKHKFI@EDK@@BYAEFFFRDCFGBAD]IFEIGEA[DCF[DBCKCKBIACHE@gLGBIFCHKABCSI_IKBGBKAKLHDAFITEAeNGFKCmS_IOD]@CEEAFE@ETCDAAEBc@GDULJDBD[F`P@BwDoViXOHQL[H"],"encodeOffsets":[[26150,60686]]}},{"type":"Feature","properties":{"name":"Pärnu maakond"},"geometry":{"type":"MultiPolygon","coordinates":[["@@PI@GDELADECEGBSPKDAFDBFH"],["@@DAHDHB^@FGJ@KGFECCDCGCGKJGAEMIHIEAACSECCAIGGY@KEMD@HEBCJGLEFBDAFJNADHJ@DDFCBDHBHBDL@BBbB"],["@@NF@FHJN@HDAFRLHAKEDEACIAAKGEGCBCEE[CS@@DHJNA"],["@@FFXPJALIL@TEZLABRDdDj@RKBCRG`EHHJHnIRP\\DBFNCDFP@HR\\GHCHDNCTCPL\\EXBVBRGJ@@VSFa^_dKT\\DFFUbSJIHPDdSNAEIZEhQJCNA^CBFRP@LZDfJ@^ObKBBZFHNBRHJARIBKEIH¤PFGNHfNNHPLtW|YNFDNAFCTAFAZCZIlCGlEFEP@PAHABCN@FLPB^NJDR@@FJD^DN@FDHADD\\PIDLFFLDFDHAJNLRPRRFNBRETIJAXQOKMCGEJCFGrBLBJFLDnHBFVDPFJBLF^fLFHBLCDCVALCNDLDJCFEPEDBNADCLANCLCrJJCAELADBVBNPTB@JVDDDXFJF\\MPACEhEdUCMGGMiF_HGD@EGJAAIFGJE@ENANFPAPhTDFRJLX@BDNH@HT@JAJJFBPBFACEVGJDDANDHB@DJNPDABPDID@DZABEnABBLClATAdCRHTBjFNEDAAFCJBHAJENCDDUEKEEYgOW[eQ_UGqIQIHAKQ@CJADHL@FSBKCEHCFKEI`G@CGCsAO@_COCGEPEACQGI@AK@EIIP@CIM@OGACG@BNE@QECBMEEGUOIBgK@DMBIAM@EGEMC@SDwIECEWcID}ICHAHMECBCGCFADGeYSHE@DGDoGWOGWDGLaD@®NJ@XEHAPCL@VCLAXBCGHCCGD@LDPHjDLAVGPSPSYªIECHEACF]JCCAK@KAECWEEIDEJAAEPIDOIE@IFUD@EGQAEBECHIACMDADCJ@FSF@AWGDEACUEWDMASDWCEGC@GEBG^BGS]@MMDC@GHEHADEEEK@BIIDCCIBHH@DDDIP@FGDKJOGDCEKJIJ@MOWDAEAOPE@EN@CELADHFALGEIEUI@BJW@EKUH@HCEBBGGKVM@AWQWCK^GDIAQFONBBEAENEumsMCéyeKO@MEqfÇQDaUEc@o_ULKN@EIJCcUWDGFEHqXYOqIIIYDSEEMOCFG§Kac\\AMMNg@@_ENJICG@EDDDFNBRFDRTDHJFDNHBDFDRBN@LBNFFHBJRFP@JHFZfJ@LHNBDHFFFFFTBJHNDBJF@FBHHDDDBHJJ@DJPADHNEBBFEBFDGJFFQ@CJBHEHE@FFNADFBHFH@DCHFFEBCDBDNBEHEBEFBLHDBJCFGDADIHBD@JCFIHOGCDBFLLBLHDFFEFDJOACDJFCBJFADHB@FF@NFDFGHJLFJEJOHGBBDPALBDF@HH@@FPBFDRBLHJBBBPDXLLBDFHDJDBFLFJBVJBFHDFDBL@HERELMRMJMJKJCFUNOHMDIDIBQFoJWDGESNMDEDGAGBMB]BMBKAcAy@yCEA_CUCGGOU@KCUBEEEDGEEFECQIKEI@ECKAA@KIIEAGGCEDC@GAEMBMEMB_CSIGHECKAEEOFKAGAACI@GDGFEABGSKAEI@CEECU@AEIEIAGGGCAEDCICGDAHEF]JWDGDADGDQPEDAHGH@HOFDDCHKACJCDDDEHCHGDGBEAEBINKPKDODBSBGFC@CGKIJADGFGJGDADGBEC@CJCBAECCFEB@FK@AFCBGHIHIBKAGCEGGFYJQDEE@GCGBCCEE@IFK@MJKAID@DSN@HGFEFGDCJQJCHKDUCDMKCACFIFCYAIDQJEHCCFAEGAAMDBDADMBABKFGFECFCICBCI@IFE@DGBGLD@DTAQCDG@KOBKDCFEBAFMJABNBDFAJCHEDKFBFEJGDCHIDIFCVCHKJDDCFGDGHIFADEDBFKHID@HDB@FGDAHJ@BDGFFBDHAFDFE@@HBTPNCHBHEDIA@HFFLD@NIDG@EDDHDDLFKFEA@HKCDJEFIGE@EEEGJCEEKAG@ADDBAFQAaN@HCDE@GDADGDEA"]],"encodeOffsets":[[[24347,59750]],[[24565,59550]],[[24691,59609]],[[24178,59942]]]}},{"type":"Feature","properties":{"name":"Põlva maakond"},"geometry":{"type":"Polygon","coordinates":["@@FBTDP@ZDBHDDKHFDLDRJBDW@EBCFFJ\\ABBQDIBCPIFDBEHBFFBAFT@JEJBFCP@PBJ@FFP@PN`FBCP@DEBIFGEIIECGLB@DHBDFN@JCHA@JNBBBNFJ@THH@RBP@DCPC@FJBHBBFNHHHPBNB@DL@AFBH@LDDBHHLADLPJAHDCDNLPFFDLDHILGKELIEAJIRBLRFDVCHAPNHEH@VBFCGOHCDG^DRDNHJHNOJFZL@FGHADLHABHDINLDCB\\BLKH@FCFDNI@AHMR@bFPBDDHADCNFBJAPNFPBFARSJEXA`AVBHBPBZE^BBAGEL@@CEEKI]äQJJYJBFFJAZ@RQDMXB^CdARC®W´»kuTbSTCJIJAHFO@AHNFEJ@DGD@JDBNAHCHKFC\\AVG@CGEPBDCECFCCC@GMCOOGIDEL@CGDCCISCQ@IAGCFELCHIEGTOJBFMIGDAzANCBMDCUI[BVOXHNBLBVELEJFH@CIPCTAVD^BVAJ@HCBCDEAAQC@CPEEEBEKGNGBGGIGA[MEKLCEEODGIGAGGKB[FBEaM]JAFMBEHMBABFJGB@EKGEEG@MEI@IBM@GDMDEAGBICUFMAGAS@AA]EICGBK@GCGBGAO@IAIBMBACQDOCAAODCAQ@CBGAO@IDOBCAIFGASAEBSBWFCCQBKBG@GBECGAKBSEK@CEG@EFGEGIM@IEHCMC@EGAMDFJCBSEOD@FCHC@WBGLGNK@w@FXFFBFFFPDDFAJ\\ADDHFCDZ@FNL@FFFHD@GJSHSCQHNDETU@CUFGIGEBM@MFKFUHiGIBAFMAADQDOFDJsCGCEH@FGDEFMCQCCTMLEBGLGDgC@BOFHHAHgOGE[DIAK@@IQA@GIERKFABKFGNCHEAARGACFBJyCQFICUBBHG@CGQDAHW@GLDD@NAJYCYKKA@CgGOB]QBR[@eGM@QFQAQCG@EE[CECWR@JGAMAGBGAGDQEIAKGKLBDGDIAKDIAEBSDONG@ECG@@CECIDIAMIKBMAGCCDKAELSEM@KCG@EEEFJBKFM@AFM@EFG@FJI@WGQJHFEJIDIACHDDHBNBBDAFFDGHPDEBBDCFDDIBBLORG@BHDD@DDDJBL@BHCHHDFAFD@NCBDF@HDFM@IDCD@NHDFFAJICMABJADBFKBHFJPLFJFLDBDIZNBADZJCDDFCFBFTBLD"],"encodeOffsets":[[27264,59517]]}},{"type":"Feature","properties":{"name":"Rapla maakond"},"geometry":{"type":"Polygon","coordinates":["@@TBJBEJTJJDJDRLLJBATNBHJBNCAALCFCNH@DFDPDJFPDPI\\UNCNALBHB\\NDAXBNECIHGJCH@JEHBFHEBMPNJHCVB@RGAGLH@FHNBFDHLHBFCFFZDFGRDTFBBUNABHFAHIAUCCDNJJBAHGFC@JPJE¤DR@\\BXALBZFVHJ@PBVBTCLCLDfEJBNAVEHBTBApBJ]AENQFKJP@nFPBSPULBLFLFFJP@TAJjER@JDPJ^N@DHLHJXCDLf@J@DDJG\\HNIHABCLFHABEL@GLHFFDH@LGJGHEDCLAJDFELBRGFCBILAJBBCN@DDMNdAADWRBN@R@FD^FN@PBjEPA^FAKEEAMCIAMBI@QDGdDHOKADGBEBECELAIKZI`GlEN@HH\\OVFJC@IFELELGFAHGAEr]RAMlATBLFPOVDZGRGJDJ@^EQGQKCE@EZUHEJEOCGAACHEFEJCEECFESA@Gx@PGFDNCJEUEJEJALEACZADACC@IDCPBTG\\ERFEIWLKhYAGMyECBGkKoMUgM@GINCBIJAECRGLAFDFAZQUELGMIOKFAUMPKOICBQKGBBIcYgHMOX[PCdaCCKCSC@KDEU_IGBIFACGMFiESAQGcDSBkBKDAAmBAFYB@CJCOCBAOCIM@CGAMCCBICUHDFEBOAEAIIIBS@@GMGACW@IKEQSCOgOBMEMB@FIFEHBJIBFHC@GHE`NjHHDNcVgFDFOB[NIEWECCUC@ISAMOUACAKBBFIDqIKDMDKBCDMBCAOFEFIDKCMCKDUBCDKDGAKE]eKEIAOEUCAEmGKCIEKAqAEHIDHFNDPLWRIBSJQFMAQEOQQMKBICGCEEKKEJC[OCCGBECM@]CIC@EQ@IC]MOAEKM@ADGBOBO@EFkFHkDYJYDEBSBEDMBECM{ZsXhrNJDFCFFDNBGHGF@DOPIAkQKAMH@DeGSBDFGHIECDFN@FJDNBVAPPxX@D|FCNi@UPAHOC`XCBJTKFLHJCfEDDTAT@AFNT@FMFBDIDIEQAJRiNH@DPIHKAKDFJRHEJMCaH@BPNKJAHLREDeFEDYRONMTFFCDQTGHZHTb"],"encodeOffsets":[[24672,60406]]}},{"type":"Feature","properties":{"name":"Saare maakond"},"geometry":{"type":"MultiPolygon","coordinates":[["@@GB@BFHAFIFDBIFBJTD@DENFHVDBEZENE\\MJKDIAIDEAEIIKACAIBABMAAHEBIA@FCBQEGDGA"],["@@PBJ@FGTGCEIE@EG@EFUA@JKFG@@FJJHC"],["@@J@LBLCCOP@BGDGCGBEFAJBJABGIG]OIIC@GGKB@HCDKBCHEBDFIBGBFHNLFJLXAF@D"],["@@CAMAEFBDKBEEEDEFNJhMFEHCOA@D"],["@@L@FARAFCBEFAAESGKBGFQF@FRHGB"],["@@YFGBGFIBIDKCEHI@KEADOHKD[AAFDBGFGBCCMBEFGLEBAMGFQNID@DBHKBIBGAGBADHBLFBFENODBDGJLHF@NFHAPILB@EHALBNEJCBCJAN@DDGHFDNBJDAFAFKDMHYLBBGNBDGBIFBBCFP@JGFDADGBMJNAFEHCNAHGFAN@ZMCENCAAKDROEKNE\\BDBKFL@DCF@AHEDBBJEDFF@BFEDALEHEBG@GD@FCBELIJLLRIBCJANEFAFFJAHELEGELATJH@HDEDCHJ@@DGBADGDIHCBIJBDLCPBBDNALCH@FANCBDIDADIHIAGDG@GFFFAHGDADDDQDCDRAAFGDMDGESJIDM@EH@JGDDDSFLDADFFEBEHGD@BGFSHIJOFCFDH@HKNCDQJKDIAQA@CSIKDQPSDCHFDBNCJFBNEHCJCLGHCHEVCT@TBPDTJFFAFEHI@@HIDADBHHDDFBHJAXE\\EN@FCHCR@HBRDV@LAREFCPEPS@A\\_BENIACHMAEFGDEFGBCHC@CPKHI@EHKHAVAR@LBNFFHALIJLP@FCBCF@JCB@FDJDDBDED@HHLBHNHXVNDbKFFINJFLBHHLBdAJHBHAFBF@DIHAFFH@HHJT@VGHGNCDG@UEGBEJIAI@AAKDIJGZGDBJAJBdABDN@@FH@DDADFD@JHHBFEFADJHNBEHADGHGBCHFHCFKBOACCHMGCIBDPAFDJFD@DIP@DDRJFL@PCPGPBFHVFJ@RCNBJJFBVE^CJBDDTAJ@ZFV@NAPBJAXFXDFDPBHHLDH@HFBLJBRLDJFBDFDL@FELFDBDRLDFJ@@GFCJBDDX@NEJE\\[JGPQPSHEFGPMNEH@HCVBJADB\\@ZL@JTBBDGFKBRFJELBLIJCBGJC@EBCJAPCZENBBDJF@FJF@FHJLRCL@F`VRBDDL@TERCLAFCLAHBHCJFHAHDLBDDPB@FJAJEHANEFEPAJ@FBHAN@LDT@FBLABARCAEBC`C@CTED@XEH@TIJAHCBCLENQX@HAHCPCHEAELA@CNENBDBLBEERGHATFTCPAJCDCJArbBHG@@DUJQDCEOGGDK@KHQDEDK@GDM@WNAHIH@FPN@FCFIDAFRADDLDJBFDJBJCTARGVBVHHLADKHEFFFCDDFADIFJHID@HHDAFFLJDPJFCJCRBJFDANBDDF@HDJCFBFCJCF@NCfEBCJANCJCJ@LCJ@\\GBCREPAPCHALADCLBLALAHAH@LGTOBKAGIASIGGDG@CDENABGFAAEDCJADEJEJKD@HGHAHGHIAMFE@GPEFEAKIKQGIAECGAMEGBEGRBFGEINAJEJCGEKDWCKCMFIJHHD@JF@FCNIBI@EDMBQ@DJAFKJILEEBEIOCIKCG@EBAFJJCDI@EAAKIAADKF@FMJGAEBIBOCGM@ELALBHCBEJCAGI@CCBCACGBCEIAILADBNH@EHKCBGICBIKCIBYDCJALFD@DEBAEGBHFCBMCEDALIAIEGFOHGJAFDDEHEDMB]SAGIAKEEIE@GEHCAEGC@EFIF@@EFCJILCHEFBFAZATBJ@LGJDLCHGJBDGLAFEHAFAH@HCH@XAHBHEJ@REAGNAH@N@@IE@DER@JECCDAEEJACKDA^ADEH@BEEADIWACEBMIOCBKCCB@LAFBHHBCJAJE@ACI@EEK@ADWHGEI@JFCDS@KBGAMD@AICCCGBHDGFGCAEBEJAFCHAHEHBBGHFRCCCHCACKDBEHBFEEIOAADOBEHQ@GEI@CDCH@DGFAFGCGBFLC@EDDBIDOBGCACIAMDAPCFGEKDRHCHCD@FGBEAAEGMGCDEO@BEJCGCJEEELA@EJASCC@GEIFEKREQ@G@CCJCCCIAKGL@CCIACEE@ICGBCFDFJB@DGFQBCCGAGFQ@ICAGEAFMGKDE@EH@FGAEJAJ@@DHDFCCEGEL@BEIQI@KBSDCBKBEEAEIBCBDFCFNDJAFBAFNBCDO@CAY@ICBIK@BECEBALCAA@KEEIBCCDCF@JCCGGDGDMAM@BDI@BCICODG@MDQJ@FOJ@FSDDDEHECOCHCSIBIECBGJB@CPCNADCECFGDGMC[DGC@GDGCEK@AAHEGACFGA@CHCCADECCBGDAIAK@KA@IDCECDEJEQ@GCKAIBIAADSCGHG@DJENDBOBCAKAGDCCCI@GKBGGBCFANAUCI@IGK@KKBIAEF@EKDKG@BIGAGBEDEBKJGAMDI@UAGBKAGBQAOHKHOBO@YCMCUMDKHGPGJEFGF@LIJGP@BKJICEDE@CIEMA]IYAGDKBAFOCOF@HGFGBI@GFGD@FGDGCBGIMCDQLCFAFHHJAHEHFIDCFL@HBADEBGHQ@KAABI@EDE@GCBCGIBEAGDEBGGAQK]EHF@LKDBDOAGGMGMEKGEDFBEFGACDBHIH@BEFBHFBBHADQHCAG@@EECGG@AEIGOAGQMIBK@I@@DFDDJADI@BJU@HHCDMGCBFH@FIDSGCBIEAEEA@MGIUKG@IEE@MCEFGBEDI@QFEGMAUDECaBQCICUAKC_ISGIE_MQIOKEGGK@GDECGBE@GGG@EDEDGFEDIDAFGIAEGG@DCEMBGKKEKBECCBEFCACGGICG@KEEGGE@GCA@EHIHAAEDGCCGCGGSIKKEKSOMQ@EHKRMDGFCAOMGICSK@CSEMBSAQIACGCSCMK]MSUMEQAQEGGQIGIEBFFEBWCI@GCI@MHADEFCJCBO@AFDDGBHHCBDFEDQHEFKDGDHFCRAFEABHDNNDHFDEJCH@PFJBDFAFALCFFJHBTDFANHBFAPG@BNPBJBLFAJFBGDDHJDJ@DFBJC@AHBJFBCFJ@DDCHFBBHJ@J@@FDFNBDALDAHBFL@BCHCTEFCHIBGDGJAVCN@PBFDDHCHBHHHIHAJBHNFDDBJJDAHDHJDJPFB@DHBJALFJFLBFJIJKFBLBBAHMBI@OCO@S@OBGAO@SBED@PCHU@E@MFGBCGG@@FMBGDCFEDK@AAI@@FSDCCBGHCECS@GDADBFCHMFFHOHCFIDLBH@BFKDBHIFAHMDFDEDMDBDEBAHMDADHBaJCDDDGDMBCGBGHCAE]AKBGC"],["@@I@DGMCK@CC[BMAKDQAWF@DQHEHNFH@N@LDLBFCN@HDHCPBFCL@@ELANB@DKHE@ADFDJCNGVDDBJFJCCEHIACFCU@GEKCGDEAGD"],["@@G@KDE@KFDJLRTBBEJABKHCCCLCIGQ@"]],"encodeOffsets":[[[23779,59175]],[[23118,59609]],[[23040,59572]],[[22321,59730]],[[23982,60048]],[[22500,59634]],[[22410,59781]],[[23580,60034]]]}},{"type":"Feature","properties":{"name":"Tartu maakond"},"geometry":{"type":"Polygon","coordinates":["@@HDAFCF@DP@CDADPF@FG@@FVJhYZLPB^KxX®jRD`FL@NLBJTCTBfMJ]fKENI@LHNZLADBJAHBIFJFXHLKPFBCTFlSHBH@HBHFWJXLDCHDDR@IKCCUAK@AEPAJEHBJAPE^PVMFA\\MXGJCVJDBN@JFVANBEDJBKJE@@\\NPdPMLJBVIH@JCRO@EL@JIF@JGfPPBCHFLTGJGHBRLLDVCZEDJLDH@@Fn@AHGD@FtBE\\LfNtLAJD¸Y]LBDHHAJIJBGNPFDCACXCHGFCBQLA@Cd@D^SFCNIJRNINWACAKBHHCDPBTDFBLCbH@JDBRDJDJCPABCRJCDDHJBUJBD^JNBCJBBGhHRDȤ\\åjt¯r©r­lÃ¿B­Bslmlo­XQDcB]DWACNQRY@IBEEIAZIIãRJ^FLF@DK@HFAB]AYFOAGAUA_BWBIFQTEBOAMEBOAIMECDGBCCOAaEQ@GN@BMJECEDG@KL[ADAKCJMGCBAKGBCHG@EYKIEMPIGMGQC]CCHGDHPEDUAG@GFOMGBUDECKQQAIJFBKJLFKHGJKCECOEMKDCGCIBKOBCGKAGCC@KAGBEK@@CMAOAGGMGAEGAIA@EODCDO@QAG@SGI@MEAAMA@IGBIDM@CEGA@CKADHJFFJEHAJCFO@AD_EOMO@EEI@OAO@EDIAIFS@BEEAAEFGCAJEDOJARCAA[BEIDEFAX@ACQIKCECLGCCAGYCO@SCEA@Hk@@RHDOJI@KBUD@DM@CBALFFKHMDQFO@EB[CKDCCKBQ@WEIKIEM@Q@_KECOGIJECGDICKAADBJAJED@FADKBFHGDPNGAKGDEWEKBYHEFMF_BWCODICCMIOIMsDIAUBQBMCSDOAM@G@SF_BM@EAIH@FSEG@ECODEG@EEAIRgEAAiJIȜÄxHFR@FLAHHBRHEBDDJ@RLH@HCRACHJDIDGHEHBDGF@FCDBHOJCFGD@DHD@DGD@FEBFFABKDOR"],"encodeOffsets":[[26775,59876]]}},{"type":"Feature","properties":{"name":"Valga maakond"},"geometry":{"type":"Polygon","coordinates":["@@JJHBLPDHV\\HBAJFFJBDDCJOTUTEJRLNAPCFDT@NDFEHBFAXBFBN@PK@GLFJFTJHJJ@FDBD\\PDLPDLLSH@DL@LDfAFCVFBHHDREDJ@F\\FFEFDCHPBFCHF@DPBEDEHR@L@L@@DIHBD@JGLG@AISQCH@J@HEDPFH@TBCJ\\BEL@FMD@FIDBDj@XCH@ZKRKCAFG@CXMAKDOFCDITBN@BCR@TBH@NBBDHBFJADRBZBB@fHCJLFP@DAT@xBjIBBhFJQFB@FFHPCFDH@TF@EJGFBN@`ATEH@N@PBTCNDRAVAJBtCJNJPDNJDPCXD`ANEFEZGLAXFCFLHHBOMHCEGLABC@EFCBIAIBCLBJDHCFDJIPHFD`LR@N@JFJLXFR@LADDLC\\DFAP@RENCLGEEBKDAN@@CVCLAJ@PIGC@Ql@@GKCSAAEDECEDCYIBCMAJYACKCIEKEIOGELAAEBCAINBJDBIEEGC@MDCJCN@CE@GCEDA@MECEBGCDGAGK@IACC@CCCAGH@PQAKJACCDEACFAOCHGECBEACMAGACCDGG@CBGCGGQHM@CCIAUBKEIFQBCDIEKCEEBC@MIDOACDSAEBI@ECIAI@GEMAO@EDEHI@OG@CICBEGCNITA@GCEBEHCBECMSEQKIY]AKEPCJEJ@NETANBTALSRCDCOCECE@GEMC@EDEHCBCECBITKDMACICOKHA@QTBLCJOCC@EJ@DFLALDHCTHFFTBLCNGBGAM]EPIBICENGCCWG@AIAKBG@QIIDEIBITAEEFCHCNMAGECJIVRH@FCGEFIPAHGACDG@EF@CEMIaiglSfM`QyuCEMDECGDGGpEL@JBFACEEC@CIGUKÇG³ZSIODABSDI@ELDDGBK@WCIB@FUFEDDDCFEBCHEBCDKBBNCBICALDDSLHDF@AHEFEHO@@FTDGJ@FIAIBQJODDHCBCLDDABQDEFGBS@MDBDRLT^NLQJUFKHMD}HCJGDBDFFILYHUDSD]JKFG@GCGFMEIEQBKLUHSEGFNFADDJEDFDBFHB@FFRFJ@HJLNNFJDFADHH@TCDgD_GSXYBaMgKNCOGGDFHAFMDED@JcOMDLMNyxHL_PiJ]NUCKScSqDAPaFKAMDBDEHQRµZJHDFJJ"],"encodeOffsets":[[26207,59347]]}},{"type":"Feature","properties":{"name":"Viljandi maakond"},"geometry":{"type":"Polygon","coordinates":["@@TOF@NBjG\\@TK^FV@VDNSd@HAnP^AnC`GT@RFDDGNX@ZALPLDTHBDR@FQHCH@DDPBAHEDHHVHZChCXJPDHJTFP@LAL@LFPDDH@NDFHFRBD@HENALBN@VFV@DDNHVDPALBABNFRALBBLNBLAFCACAcCACMWOF@HBXAJAH_DISQUAMBAGCCIA@AS@EAJEHI¤Kp@\\HrF\\ATADEL@JCVEVGXEfACEJGJEMIF@KIFCRCDKAAFCJBpSbLLFBeB_´sXLghWFBPQLCBAEEFA@EHC@CGC@CHCDEPIAGDC@EHEACFGHGJCICDGQBGDG@QKI@CCFAQGGABGEKQ@GEÃwJțwAS@CBO@KEDIeGA@YAQABCEIGAACMAG@SAQ@ADM@SACJEDCPBLWN@DEHDBQLYLG@WDi@ACJC@ENC@EFK[ADISAG@OEFC@G@IDGTRBJH@HK@IACJG@CK@K@Q@FGFCOA@CGEEDOADGECEF[E@ECIQFGCAGUEEDeBKCK@@CTGKKOCCK[OACECI@GISIIEKE@HOLM@EAWAEBGAEFMCS@ECODMBQKFIVSPSDICCIAEEBIGAU[CGKOGAIIETQNKDSMBIQCCNGJWA]BCGKAIFVHELIMJ@FcNEDMBQFFFNFXDFDULOLWFKDEDcHCBBGAQFUXOHGJIJMDGJKDAHGBSNSHQ@KW]EAM^S\\GJGLOAOEWE@J_M@@CNGAAQ@SEKFSDUA@TCBQAOPKFGHJ@ZBADQDBBSBCEKPCT@DRLDFKFIGAVEDOACHR`KFMDUKDGACDcFO@iCAWy@}sMFBFAFMAEPBRCJ]HDLRXX@BUNHLAHFAD@GVGFLX@AIJ@FVFJKHEBCGKBDFM@@FOFBPBFXCNPI@IJFLCDPHLIHC@EJOCC@CGGJADDJCAJL@FFCFGBGF@HCDNN^@HT]AAHHFD@FHXDTCNBXCVFBDCFXH@BTE@EDIBCNCBDGJFDFARBFHC@EV@JJFCPOJBFIBCFFJXFFDLBL@DBIDE^BDGFFD©JZOTOTUHKBiCOGKCC@DHGDDHWAKBUDK@ODGBWFI@­MC@KbCHHXPHXCpCHF@TGfZCHEBHDADFDGNGBJDC~dJFXFDxJTCD@FNFHN@JBNA@ChLJAVPFHNFDARFF@AMH@BDPHN@DJO@JJ@FBLJ@RHBDOFHFPD`DP@tBHD@D_HFJELGDDFALETK@CGIB@DLRGBRJrJ"],"encodeOffsets":[[25854,60036]]}},{"type":"Feature","properties":{"name":"Võru maakond"},"geometry":{"type":"Polygon","coordinates":["@@JBJCFIGERIXHJ@EIH@FEN@BEN@LEIAFEFFH@LDN@TFFKLBDCHDNBLANJJBJCFD@DH@FDH@PMTCFAJBLCJBHCACLKLHJBRFHCHBHANBHB@IXQFD\\DFFH@RDRBREN@fH\\@AQ^RPAhH@DLBZLZDBI@MCCHKX@BGRCDHH@AGVAJDREzDAIEBDQHBBGFMDEHALEBQLJF@HRB@JL@JB\\CHFhPBGGGPE@AhDHCHKFANKDSRDNDFEHC@EFGHDtDCIPERCBCNBBEJAjHVGLENEN@FAJHEHDVV@FSMCRGTDTGHIC@EGEEK@EMY@DCGECC[BBICEOCEEAEEEEWx@L@HMHKXAD@DG@EPCTFDAEINCHB@FNDGDJFN@HJHFFEH@DFL@TFLAHBFDHAH@LARADDXETAFATBHBJEDBPAJCP@HBDAR@DBPCBBPDRCJ@@ICCAEIDIADKN@FCEAIBMABEFCCAI@EAHCDGIIFCGAIGO@BFK@OEGACFMEFEH@FEDBLQME@KREHGRCBESAGAEC\\BHCACDCCGLERKAC[ACEEGBACKBIFCO@OHEIKCIDKN@FDJMEMAICCEEKOAIHADGFGBIEWICA@EGCDGaBHIE@KEGGAEU@@IFCICMCBAGCCIDC@CFEGCPGGCGGHAEGDANA@EXEDEAKBEICQADKXBFABEUKSEEIGEID_@aO@IKAKGQA@ERKD@@GDCCC@EJADKAC@IJCFE@GJECIFA@EFACCGAkD[P]PaCKLQBAJMBSCKBcJGTDQFKBEBIHIDEHW@EBADGDWBGCeJPDFTYP@ELICEFSBEEAIO@GBEAUCKLXNAJUAMHE@AJ@DEFg@MEBAIGMCECUCUGEGGADCJAGG@CEADIHCCC]ECCUI[@GAGDGBIAMCBCGCBCECUJACLAIEMWIAMFSAJHVJHHIFe@FF]NQMRIMMMHWKGAOJG@BGKA_BKG@CDECGKAQBGAIBGOQEg]DgGDOBBDIBKAADKBHFEFFBIDDDEDDNEDKA@GWCMG@IJEEGKCDsRQjk~A@VLJH@DFDDFEBIAK@oFHHHCFDNCDFzv_ReNkTjhbNJDFE@@FCHBDGHOBEJHFEDG@UQIJFDBHMNGDEDFFSBAJFJJCRJH@LAJB@BXHDDMHDFAJOJ^FBNAHMHKDSAEESGGDKCKBCEI@@FDDIPKDSA@RGBPLJDBDCNSLAJFDADGDCF@FNDHFF@FDPDCDQDKTSBMASBMFI@IFODLF^BJZRLTFDNAFGDAFDF@HSBMJHDAFJD@DPHJ@FGFCP@NBHFJ@JBFDJ@FATBDCPBJC@NADFFLDJFDCRAJELFVAJBDDN@RGHHHDDAH@"],"encodeOffsets":[[27206,59347]]}}],"UTF8Encoding":true}