{"type":"FeatureCollection","features":[{"type":"Feature","properties":{"name":"Alsace–Champagne-Ardenne–Lorraine"},"geometry":{"type":"Polygon","coordinates":["@@BNGNhLPdhp^FLEVHVAHp^J\\@ATUNVLf@L^EDbl^AVDTNHLIHU`[JIE_@YECE[B[ACJFl\\FDLLJ^EPDNPWXIZU\\QGGLZPANZbE^D\\HPA^OVBnTT@AXFTg@MIiPINLXYLQOODDNsRFLV@DVTFWZCLQRLPQPJZ]JB`HJbHHJP@\\DRLnFlDCTbBjPDGnNZCfMhILRURPBHTGP`DvTZDHRXFdcdWlDXADMVCJULDd@JT`OHBZKTXRV@IX[XAZ@RJKPRFNMLVC\\wHDLTFFNRJJJYBGHD\\HJWBMHifCJZ@LVtH\\KbEFHZFV`ENF^HLPCXDIVVF~NAJPNALbPN@\\LCTHNhVOJBJ[L]CQNDFbPDJWZRzRPBLXJHHHZBdEDJ^UCWF@JUBIHFnTRFXTHpFBZHTI^AbUjAVFTMRB`A|UV^B^C^Nb`PA^DPJDJPH`FVAvDT\\AFHEPBZTvHNIJQCMTTLHXVXTBDHVXnfb`BMRQ@XBNSZG@IqUGKNQKYPEGMWL@LODWKNWQaaEAGREEM^KAMUEWeFGGSDM]YUADKIQBSlEbIVBRET_nUAITOIEDMQGamCMQ@B[LST@DgNKUGEWMQ^ETFNGVBVGVFXA`XRDNGVHXC\\@RWBK|SpIDInBTAjkT[ESNGfCJN\\MCcxBRCJFZO\\HfGLLXFZOZW`Id[LK]MY_NefJLANLDNPDVMT@RG`GHKTCNONCZyhE_apWDYI@[QdQAQRCPRNDVCdFrLHPVLMRMDMNCVZKPdd^LbFvMTMh@XJLKhJA\\LHZDdW`@TKIGHIjLRYWEDMXKDIREPM^@RE\\DRH^GZDXMjCGINIEYNQRBKU`LVI^FTIRCXbfBPABKXITBGTHLX@RJJNAP`DFGVLCPlRjIfB\\HPCFJTIRDLKbAAMRUbORDPE\\SPDVCXOTJ|BXLJJPBZU^ENDRG`SZAt_T@dUGMUQ^]VK\\DVMG]VFLIGO]EOFSEHSPIFMR@PIKO`STQT@PON@VMFORBLUMSHMVF`SKKLWEKPQTB\\JZ_icRYfWVF^C`HnMUZLEN@TXDLHGPML@T[VlTXIFGhKPJVDNNh@DKh[`NdQLKVADKVJZACWIULKCMTSLUEcPK^DNV`JQfjNXISMHIhFR[rKHHnHVQXFlD^HlOdBAMVCJF`h`P`CbBBZLLET\\F¼PGKJMfOPJ^DX@AIFSTG_Q@KPCPWTCNYPKAIfSbMJAHhQVCDQAQSNHV@HRTCFGXAXH@QfDNEXDPRXDLPdKHIYFM\\C\\XNHnKX@R^\\EJO`GNOFQLA\\FdIVKPBfIjc^ENIRBREnGLG`CdDtEHQbPNBNOCEoIQGOWei[W[]YegGaGQUSWSUKUCeDQEIICUIOMGSAgDSCIMAO@_GOÍ±UKaGIG[KOquC]HYBYC_FYCSUUqSEK@kKcqKcDcZGSQIsMYQIOA]SyUwOOWKMIWiwsGIB]KQWIKQFaSc@OHe@MIWDMuX[NgEKW]e[MSAOD_EUgWI[PgCWW_K[WkCUDKb}C[KOs]EMLSDgHM^WrYNON[RKPMAKMWAQcDSI@OuUWO[COOJOR@PLXKMSiINOBSSE[W_CSRK@kTIIQYPDxSUUcIBGQQYDSDMJ]CkASIOD]O]EaH@JSNoIS@EHmHP`AR\\lKDcAOBML[JQDJFH\\HJIFCRcXWDB\\CJWJOfKH]JWE]FIMY@SLKZ@bTNEHHTn@KXZTOF@HRJMFORBJKLT`shsPaLuZEJaCYPe@MF]BQHERQHAR_X[CwZIJHPORgDKLWBeReNMNMB[NM@]PcNILDNQJAL]HSXaAmQMIQ[OMAKmEaEuWIPQJORLV]JCNSNGPqAETYHEHSC[JiQSBUMcBULaA{_MBKMeFIKQDFN@PQBEJ]H[GOL@LUBBJ\\FBHONDPMDHXUVOBMN[GQMWD_CKBUIkIcY@IQaIDS_SDmAASgYiFFLzrUJENS@]OIKFSEKcKMMHMYKJICKHGMS_@aJOUMGCQ][LaUEiCFRWAWFOCKHMOSEDO@YGOWELKCWYASGiJECK`BTCFICWFMaQGKNKYOVYBUGQSDQKQH]SeD[G]Dc`EX]JCIWOokgBEDsRSQKeP[IGaM]YSSY@[OEMSKAWJFLINaFSMMBYQ_O@QS@WIOXUPlvkCQJ@JUHOPYDSLO@INA^HTaAIWyiWHOCMJDHaCGHcLWDILHXPRsEMLJH@LQDWGcaU@KEKJ[LKTXTCNNJGZKVGX[@aEKNATFF`HhNNJrRHVMPALaHKnOXQ@eJD^EJURALMNGPQFgEaeCKoVIRdZLD\\TQXYTmBKE_F[DBNN\\\\DBFYJIX[BwES@qN_Z[E_KKLSAOLYA]@GLUCMDgCQGGMUGMS[F@KTYTEJ[KImF[GsDMGmIU@KEOBYTQD[GMEqAUGeCMFwFAIQKF]SSsCsPIR]RLX@PWFYBQKNILS@KIIcCA`cJSGoeYKUMEJ_@BZCD_C[FIGFSYI]LKIOBIPOLWKCIaAYJ[IEHWEOFOMMDMIUHRTAXL\\NXOTKXOHWAD_EKeEHR[AKRIFCRNAbFRHORcXEJcLJLMLLHENMH]^MHALNVSPENUFKRYDIKcN@LLNRJCTIN{RGGNQBMQIOM_BmKMjQPSbeR{]]LIJtZTRHTPLML[BAF^^THM`cTY@QNNHDViLG^SESDB\\UJUTORcXm@IJSB[EDGWGSKKZOHB^BNNhMAGL]FCJNNJZ@HUR@RONbXTCLJ\\ABLOTEPe\\RLR@VIb@RD`VVHMJCNW\\PLXHRTlAENQRJJNd@STaNY@CTeHQ@[SgGAPJX]TETZTbHCPNLYPHVCVFRsAON@TQHGE]CYNXfJJXDFI^FDPK\\]GYHKLXP^KTAhHTLVQLFCVNRMd"],"encodeOffsets":[[3569,50025]]}},{"type":"Feature","properties":{"name":"Aquitaine-Limousin-Poitou-Charentes"},"geometry":{"type":"MultiPolygon","coordinates":[["@@JLZEJO[CQN"],["@@PT@LdK\\DdBKLNFhjDInRbJ@M\\LJIjBR^^KRPP@CYMai_lMpE^BRFPTJEZARIXBHNGLPRNDTK^DDOLKR@RKR@LKVAVSNFhECPPNPBXNrQ`ARDVPCHDRfD\\PD^vM^J``PVWN_@MPQBYP_HECE[IM[JGHRHSNFldNDPRPONG^WFNR@T[TMDNZbRZILNBRKTDZQEKHDPKFZZENUTDLRVSPBFWJQB[EALTH@XNNINWNmTpZWdQReNCJJLGPMCUFGHAPKBAdTTAPJJ^HQNCLo@GLSHgFMLSFGVYPch]J^dI^S`KCSP@JOFMCgBEJRDQRNLWFHLrORDGPNFLPNGTNvDRJfJVWhAARXERKNOhVbANRXI\\ABE\\H^IbJZNTV^JHVRCTHMRKBEVHHENVFVJPTHJEhFREQOSAOMJWRJVVjAXJXCRIPJHZBPRBVGnNJGPBLGrHTN^FLCXBLClN\\M^E\\B\\JLLPEjGVFBKKMgQ[Y\\IPJT@VK@MRETLbJEJJPARLRZH^BPI`CRMLRFVYDCLLJALp~VRlXd_TNPENSJUZDHQKYJIRH^CDPb@HQLIDOrIZTVDFY^SOOKAYWJWRBHL^UPBXJfVpGEYDSX@hRNCHOEKHYWKRSEMHMGKSCHITGSQLMCMHGJ_\\O^NR@ZXLBZIRA\\K`AlOLXZJlJTHXDJHRINFNEXJR@bIFA^OJ]DKNDPML@LTA\\DVAbDJKAOTMLCNFXGLM^@^GHK@WLKJYE[JGI_peRWVGLUZLNGKKBGjBREOICIRORAJGBeLEGOFS^GCO\\QPOTGXUXMhEBIVIKMNEDOTUCIOEMMDQIORWBIQABIMGOU@G^WAKPWNC`@AOHKbELKVFPENMtFVeIMFMTDdC`HZIRHjM`SnaFEOIO@P[ZUCEa@`idGdIBY\\FVCWWOWJGgcRMRF`TLOIGFO^GTAPR\\JREV@HGPFXGZDOJFJTCJ^~HncJMXO^MBUxJETdXT@VNJVpNCJTNDPbLPKPAFuNBVP`PRENDHVdFLMOSV_^I^TPVlZPSRIBKRKbAZTVJCNX^KVJDWTLDHXAJOZOHQZANENLRDjCPBPLLEZPVKHKlDJF`F^@\\STA`BTK`Ef@TAJOZEX@ZZVEJhA`JZIjA`HKEULSHcVDLIVGbFL[[FKQUEA[XOHKR@LIXFNANK@MPANJFVXFb[XO@QIENYNBHRVBhMP@LOBUNYVQXGTQCUNOB]NSEIPOTIRDPG@[LKGkS_GEHUC_NePG@KT[tUDaM[CYPSJCLOUOYGcAOENQQCSIBKOEEWDITCWYQ@eUGIOFBSGKOKWCALQDIImA@SNEGQW@EU_AYJ[]ZOJKNEAIXIBMNEDcVWNFPGN@PWVFNMZaRKLY@QPK@MIMSQNUPCSW@K_@WFKCASGQBSQQOGTeRSTECMfOVOIIJMOQREWcLWCKIGBWCOMEFUIESwNKPCfUNQGKWEKIKF]CU@]L]CYTSHQAaJCLQJgJaEAGNSPEHQKSJYESKAQQRMMW]AgGYY@GYYCIQCWHKII]_GKOFS_IQU[M@GMIK_PCJiJA^QT@AQ]CO_]S_DLaEOAaMQOCkBYGGKoQQUJSPEFSLYLAJOZI@QMYg@KG]HOCUKWASAOP]C[GU@YEO@gYOCMMSDAXWVOCOF]MGKMCQQUAKMWCKMQAWS[BQGGJQFSGIKOV[FDRGBAR[J[PWAIL@RGL]NGPYDAH]NOZYDIHWCYHYAaLMAcUO@KdUAMKKDUE[MOAKYcIWLKKgI[CLWCOJEIURICWPSTKAWLOCI]HWOPKEMHIdKDOEMMEeBCKKEEYaGQIMJOGEQ@QLSCGqMQD}SMOT@MY\\MJIP@K_AQYHOQJCCOQIEKMBSLKU_EII@OIGQ@KOOA]@GC_D[EMM[EDaGAPYEMICukQEa]PKBY_E[HEO]CiQIKQIQQER_JUGLOCKVIP[TOD]QW\\IBoEMVIDORFJINDNYA[BGSSREHQGGCUQEUBm@UDQF]S[FSEMFIGEWEAGrSLMRmEEOOMLQCIHMOY[UCODMXATUlLNYdOTOUUWHLUAOM@MOTUIIGQ_gDKeAYH[@QSBSVALKZPNKKQLMCMLGCKOFKGBMSEV[NqDMCR[A_qC_IEQKCBSQSCMHIsQQBMIEKUAQSBM_KURBTSBYPERQLWHURcC[aUKUDKEKHY@QLQI[CIEUD[@]_CUU@OEOHGOUBUKSU[HEJWBaIQGWFHWCGU@GG{POJWHAIoPJNiLQCOIOAKMGOWEEIBWSO[DIFHb[NQK@K]IaBOIIDOQAQUGBULI@IPMD_E]QCEIaNUEOPePUNQBILTJFHZJDTQNeVaZG]KQYBUUAGUGMLQKCOFKMCkdUQcHAOSIQHcESWgQCJOAIQ@WXD`OHBXKASMOSIjqSEBSJUUAo@FQLCIOTWIOLEJWSCAIX@PCHUQMw_YCOGNMJQYQIACSfCIKBUWCO@@aWHM@B]FS~@@SMMLCL[P@DJnJLS^JXPRIRUZJREbDBD`IRBHcJOIKAORAJJ^BT_ZWFQEGKa`EA[bEAMOB[Cc@OGJQSaXMRQWCJK^ARbRFP\\`BE[^QISMOBQLCOMC]\\KDMTSTGikSNe@OCG[OSQKLa`GPI@IQQDKSQWYBKISWHUEAUHWEGH_w@EUOJMRI@ScDIYQGIBOIOWKO@SY]JCQMGHOPECSSY@ITWSSSAIIWEIHaJWIEGJGE_OKQCWAAOIILoEQNGJcOSUDUIGO[C@WVWCKTcGOBMEKU]O@GHYEMIS[eS@KUC]RUC[MUEQPO@cJKNQBMTKBg_DYMO[DO_aFETLPGROB[KUHDVIXDFcNa^YDYTIXSHUFOGSJ[D]ZA`VHObi_DUIYAQGUOWA]HQEiASHmBAL]FWUi@]N[FMN_JS\\UNQEU@OFyD[JFRaFULO@QIMMOBCH@ViXaE}bcLMMWKaDMVaRcHGJJVXbnfQ@KWIW[CGLSGOBeUuñf}CPFNNJnTCF`NFPTF@NJPMLZLDpfXEHFLCPJNGNPZIVDLwjQDWKUA_JQB[HKJS@UPGJu@oCQGPQWkKOMHeBQEQLINOlP^CLUFQCSL_D_KSFQESQM@SIK^KNJNAL]HAPQFQC_Tb\\EF]BDJ^@lNTC^L^F`LVDNOT@NJGLVNPARPRDLNXJRLNPtHTLDXRlzNXv¶RfCRHPDZDjbÆRv@FlÂDVV~LlJlPrPHTbÄNhTJ\\JpT¶FPLX´JxT°@LNJC^K^@TTjVXXX^nL\\DTC^PVHVZHdBVCDGVGKG^E~@\\CVGRXDDRTPYTeFON@J\\DQVYLSRWLQTULkPUPG@c`MAGMDGGMHMSKAGQK_]_OQSEUIKEYB]M]DWCSQBMZHH|bâJPHtZäRâFbFvF`DpRÂNDjR¬DBzCtBtRv@PIfF^h|d\\RZNHF\\RXTAbN@gPKXGHSMEGLQBKQMG@MJOdUhOFGiRABI\\S\\ErQ\\_VMLS\\Ik^SxmTgF@ToR¨TQ¦qÔ]zYhalqz_^QPKNt_NINYNW@GRQTKBULQ@GK[JULIRaLFNI\\eFDXQRKDMGUAsZIHoLuVlQFiTiXS@YECGLSPIIEOJELIvE¤EXBTVRRBXJTAPGPB\\HbPNIN@RQmnQXMFDgV_LylKNOvWPGXUDLRVCJTrGLPVNJZPFVTLVFRIhcJCTYFMCGPV@HKTE`C`@RXBTXIDMSaA}MUFKPC\\WHELfNhEPV@RKLCNHH@NKX_JUBIPAbK`YPc@ANPFE\\eDOTeBTLFPGHqIcI_BQdTHDXXHNT@JMHPTTHHHXDXRFJTDJJFVRFTTQ|@T"],["@@JBTGNMKGSNKN"],["@@jAXJVPPDX@XINIBQNMMGU@iOfOLKRPXBDNLJFIY]CRU~CtF`AdQ`S^H`IR]@KLIP@XJFG[KSUoAGAiFKHoLcXiTSFkP\\WB_E_M_P]DM^KPYZCN"],["@@LD`KlECMvaTCPQNE@G`OnErFX@TGHMG]IQJMVQ@IMSRYZSTE@G\\UKKBSEOOGBGKKLEBOLM_[IIOEAKSIQTGTKOfOVYLWZWBYTqRYPGLufGLDJGVIHLPF^MVIJ["],["@@JZP@VMaAMI"]],"encodeOffsets":[[[-1217,45773]],[[-1158,47417]],[[-1216,46689]],[[-1600,47355]],[[-1446,47152]],[[-1207,47117]]]}},{"type":"Feature","properties":{"name":"Auvergne-Rhône-Alpes"},"geometry":{"type":"Polygon","coordinates":["@@XBVLPD^GLHh@NZ@RYJIPKBKZETOFITRVpRHLZHlAPDNRBbFPKb`C^TP`^DBRS@]RIBIjODL`NJ@H\\NRV`JETLP`HJ^LJXGRDDJZZ@HZZhH^BNXQNRRLBFTIZLTGROFMTBHbFhIRIDKbIRBTGZS^D^KV@^DLELJXFHLMReVODMLTxJFEVNFDPAXJHDLKXXdQFPRINJJUPePDNSFQTSfPHRRATHRBTLDXE`@@LTXODMVTRJN@NOL@RKZQLYbMNUEOXM@OHMEUXCdMFANWJBJMFILYP\\^ZI`BFVX@HRMF@TnBJJRCBKXDPLHLATPEHJfVR@XZSDCJFXPFALTJRDMRPFdBZHVPKPIDOTDZN\\CbsVS\\@LOHMfD`GVHFT`HlKL@\\OHQCSJOPFJMTA^MPDVSRWHURMZAVKPO@gNUAGQMAMZJF@RWPa\\WEEUMIOB@NMLMBWEKJQ@GLWPB\\VFLR\\EK\\aEUHKJUCGdKTFVGJP`ARZ\\DJNNXKJAPVKTTXVJJJhRhA|FLJVB`KPHZBZN\\BBY^F@HPFPEBGPGRLzTTN`LVDJLMVIjSTWGG^JLJBCZNFHPGRmHHTXHX@TJ@QlAJ`QCINHTXD\\CRPhNKH^LCNb@@NJJANTJTAJLVOHYZGCKF@JTPTCnFNOXAC`dX^N@PVENLJbHVAXEPXdBdOlHVMHBHMD]T[`WrWdEpI\\]leRKrQ^BbRBN~VTRdE\\FFYRQDKbAJE\\@TJN@TTFZdDnGHFVEISJM\\ANEB]KMCOROlBVD`bTJEJdJR@FMNCJJTL[hHZRIdAhRBH[XBJSJPHPRRUjFRGMSDIXODO@[\\EF_^EHEGOXOTCPMXoXKDKUUHKfCCQR{EOKEAQZQRAdDLCFO^CJKVANJdNNCHMKGDKbDLGGUBOPIhKL@LTPHT@\\GfBNCKWHCbFLIjSFMESNKKGSAF]MCD]SKNmNMGiBMG[FEVBFE[IeBUEYFHSCQIGYEa@aGKMDIZSH[GIHGIUOIDMISJM^EHGbHGBaV[R@RC`DRE^NlZNCNHdDTL|kGrDKZ\\JTD\\SJMPB^RVGJQKEMOAKENJBRhJNGNPRJdJRKdJWZTJFN\\DChJFMVNJENPR@b\\XXAJRVIFIdHVSNEZFFMRKHMbFbAPPPZNJXIB]^OX@hEHJETPRRDATbHVQRFPPVIjmEQMEKHUIIMRSVHlObYIKUFAQPCAWKMAMJIFSpMTHf@@Z^\\@^NZPRDV@RTVLRLnjzCzRZZZblAVFZBZTXRLJPAjTTP`Z@AKTATHDJfDdGZUXIFGX@`OdFXHFJTHXOLJfJBPXCT@dJPEX@LMJORSCGHWR@VWNFZIDKRDfKJHvIF[GK]YbGJIfC\\G@I^GHML@]Y^KGWLKXITCHM@kLAFN@THhPIJMJ_hAJJNBFMLAOkOOEW^OFEbHZBRGRA`Hl\\PXXBTCVLHTJFHZHJhFR\\NI@QIILG^FTMPCDK|CJ[I]LU@KJEfLb@NBTCpAvGfDNCXVJITD`d^EPTH\\LNXGPFP\\XXDJZVHRRHpXh\\DH^\\HLPBORSNBlU`WVBRYOKGSQOUGEQ]aCSFGe]@KhiDM_WOCUPMBaIMF[[YPOKSA]WOE]@SUFGQKhKXOKWQI_kB_XHLPVHTE\\BjITHJTnEdFLOP@~EZRhNLB^REXXJRRv\\^@NHnLdT`fALgVWQUGKNWPUh\\RIXVdCH`^PZXRZNXDzB`iLErKRTLBRRb@pRpLLR@RTNlLPAhQN@NJ@°HXAbFjBtAZEnEQPBAOFO]WS@QKAK`mT@JYLBfQRY\\SLFVSKQBOO[YGCOMKSEBQWSKURkkeAQHKHWT@VIjBPIvCRETFLGIODIY[RUEKFIUGQeJG^IHL\\D`^\\AEMTMLBHSRUdUH_`KTAJUPOYKCGZU^EFUEMPWGGcIOUUMFYKWQMc@MG_IUY[@_IiFUJGKMe_XUFsIAISYNSAUMIGUHWASF]RKQYVQR]\\GJSnQTCJDTKTLHWGI\\I@MTKVBjJZBLO\\CFIREKMQKGMFIOqFG^OBMKIAOLUI]ZSDGIURMXEdAPDPEBMOCCKFOXAFD\\BpICUFI\\Y@OjMbEVShKHIOKBKaSIWDUQIUCMICMDSMEUBMSNKLcXQFMGeJIWY]FISMCUQMCDKGIYE_^Q@aSKAcJSSMDWGQ@IINMYIBSYIHK]BUGUCaFEMKERk[CMBOI_G[PKJWHKJsJQHUDigOGYD_NiKUBKQCMYEUM_@EI]XuCYHYQCS_IaAeT_NMEQNSGIBMW@aCICSFIPQ@MEeJQGcN[DV\\YlOFMNOBCJWIqMaBQJUTIDKKQ@MOUGBWJIH[JQmGKeMMAQMSFU[RClLRAnHXCJEMUCSVQDKIEBQNKR@dKC[FYAWEKHEEOKK@MJcEEaGQJQRMFKPaBKEaAKKIUOC_AoHYHKISDQEQDINqDGCceMBQIGIoQAIYG_XOR]CKKGQUE_B]MI@WQLGjMFCDQwUAW]HWKMIOLQ@YKCIYDaA[HMLUDEIJ[WUAQISQCDIbCNEFSEIyWCWICGOO@aFSNMOLKeCHKcAMHOCIF]FMHWGaNWMFsNEGSUABGQSAQQCCSMGQ_GW`OFETFziTSWMaHOGQq[QqLQJWE[T]F_L@INWDKIHYNSQMJQ@SbKbGCOUCCGQIUNkNO@_QJQPAXoCMFI[GPOjBNEH]X@FKTMRLfNPOVACSTEZLPEvATD^APDDMYUFQNKVAFKKG@S\\SV@bHZS]UB]TKGKEaV_CGaEa@@IOWFM`@jEK]kAqF@PPRYRUD@H[TIG[BSCKMEQPMXMKKQGeDSc}QMMSAWDmBSFE^UHBTKDOEOLgE[L@`FHATGRFL{ZiUaLgCKN}\\SFW@EcOC]HKCgN[@QLYHILXTCXBTYD@V\\RNBBXJNMN]GEQOKacHS@KLEVMP_MoKcQcA[G[OeKOKUEkBIHcEUKCKqS]WYHCTB`QXARD`KTSHCNOHQAQRBUA@I@oNGGCYHOGOJCNOJ]OUXiHQN_@SRU\\QAUPSCBLUJW@OEOJUDOAIOEEOKIMFuBWHAPGDZW^oOIBsASCK[eQ]@DKAaQQEOKI_KMBgV]\\uPIHKVOHSIeD@RMLENKDYQSJUBSKQBmYIDQX`PGRNbIHGZQXJHZCZTYTUJUDVXQ\\]@ORUDMHALQNCL@fFLShOHITKbK\\QNQ@QEUN@VYHAHHXEJUDCPDdHHOZODBNGPSJZZDN]AAPML@RJRVHANkPMAYFILXZCLMH_ISIK^lSCCLDNWTGZQ@]KcJOIk@SCOP^NCPHFSNIV_JeFEESCIJ[EBQHOQ[HIOGFUUAGR]CDO_HgCkGcaSHQ\\[LFTif@VCXejDPMNF`@VU^ODMOeTHLYJQaaDmY]GCGYSU@YLBVUCO]JSK@aM@URYO@GI[OUDMKKOMLYPMTed]BCK]UQALQKKLGWQEIL[@M_@UHBUSMCIaaHGB[OQNQWIMQAaJGH[UDUEQiIIG[W[KSBMSBc^@NSTM@DTMT@VINI^PRDXMPMEQLJN^KN\\KRWVQGMMYFORWpG^MFCLLJUHDXJJCNSEcBgEKJQIOCOICKSFGJHL@TPNM^HPENYT@FaPEF]MCQQBO]MMWACFUCW[MEDOKSU@YFMKI]IAUSPQIQQGHMAg[SYBUMDIIWSMHSASKSRGOIaKWSKO[COaGGC[MMOFEQkJIKQGUJOAWHO@aHGIQGYCiPHRCNQLiMUHqKK@[QmFYGOMHYJSWIaZgR@TLHSTVXEPUTENMDIISCOLBVLFXTAHJVCHHTM`JLVALNAJFPKR@^UDgVOV@NUHenOJANKHFb^FJLGP]VSHCNJZSRETIJ"],"encodeOffsets":[[2113,46057]]}},{"type":"Feature","properties":{"name":"Bourgogne-Franche-Comté"},"geometry":{"type":"Polygon","coordinates":["@@ETLT`T`BDX`H`CFNNRRNGJZ^`@IZBTeHJTUTPJYL|vMD@PT`PFPGbJRIVBBKRBLVRJLAXJvCJNhMTMnNrENEPHLR^@RF\\OHJnIbBbACTJXPJP@XKhEA]PGLYTLXHCH\\FTAJIn@dWPQVSVIA[TCTFH]jKCUMGRMZ@dSN_SG]]BE\\ANKOKGSSQsYJI^K|^fQTaRONinL`APNRJANMRHH|QJMDSQIKM@KdMJLZCLQVEFMTOMUBKNG^]NGFMKGNKIKdKFIdWPQQGaEMBDQJELQ\\BGQfFFLC`XBPGLWPSMWK[BWQSVGNJNCPNPEXFFG\\JZIbBDJXLPKJOPALJ^KZJETJH\\E`DDCAY`@FIVNZLpfTHdIB_dDJJ@LKTMJRLZAXE@OKW^QJQtOtDTTE^RLBJxENEfDVHrBNF\\HRCZSPALFV@nJNHtC\\HnELJI\\SFSZ@L\\ENTVHHNRHhDNCVDHK^@ZBPKTBLK`L\\F`YrMT@xF\\AJWZIAE[CM[AM\\C`ELFnAZSRW[SKCcYJQpUDLbfhFREHONMBKVQFIC]fIR@PWLmbGBKNOGUqQMIgM_GEEBSLMbF\\@HWLUHYMIDMWSLS\\KLILFV@dbXHRC@KIGNKtFOQGWJKXCdKHGbDCGNIPDXGzjJXbBGSB]JMP@TKZCPOVG@IRIlDkuVOPWXJT@@R`PZRNATNbEJMEKXILBNTPF@\\TZZTN^Hb\\JfOLTRtQFChAplXPDJ^IFWd_^C\\HfC^TRGRLTCHRAVUZZPMLHLbRENDXEJSD_ADLIFHjBTXZLDKXFHP@ZCPTFNPLGPDXEXBEQjDVFKb^\\DRNHPVbI`@NTGHDLIJZLGNNNdLFLETJL^PT@FMVIyqEKjEhZBTnBTCT`JCRb@JdZlJVJLA`DXCRN\\HNMPAVUGWNCCOPMAG[EAIVA@KPK\\H^GFIRA@OEMRCJLfELNNA|`bBVKdAVNTAjR\\ITDFGZGFSrBHOTMDM^IKUPQRIJOvXbFnFBLPNR\\NJnRbBTW^GBKRICMJKdM^ON@\\MNANMfMfQXALKhCPQGOJIxY\\D`WBQRGFQRG^ANEf@ZObDFIvYbKtOtgS_LKAIPQNEQI@GPEYSLWm@GSFGSM@aLYTKZ@JN^EXF^ILGPeXIDIA[XCdWDQJEGIG[IEcOe@gOEJUFQ@OFOAWNkGcMFMCU\\QDYYMQDUEGQuIDcGScAIOI@BU_KYODIKSHKhNlGRHTADRFX@ZJJJPC\\ABKR@NCFURMISWOWDoGLSMW_OaBGIq@OIVaAUEQPMYKEMQASSWCEGu[MUSSoSHG^CQOcSGEG}SSASG]YJIOQqCMIM[QETONAFS]US@WE_OKIOYYU]Ms@kSQeC]KORg[aa[S[KFMLG`aNUGceEQBOSGHUpYS_SMAIeOqIMIHIOOQ@GMUCgWaGwW]G[QCKkIMQEWSUMcQAGaKgIMUMOKJESQKFsk_yq_DWTKBMUQU_OAGK][CGg[oWQGGQYUCIWWO[OEWHKMG[OS]F_cSCIJWUMDeCuHoBSDMAa@eKIF@LKVJ^I\\{DCLODSN]EKHJJ@RMJQ[gEGIGYIEGSUKSDWAOWk[_GQBQHYAaGEF]PFXPPPlKBENMAIIgBI`INOJGg@SEMKB@lGNSDWJKLHX]L^ZK@GN]H@J[HeDIJaH^ZHLE\\uJIGeLQCCLYJMEUXQ@GXDHQTIPKNW@OFcIS@WDAOeIKIWPSGEIWGcE_PW@EHWJYVcHeCCISGSBBLY@O_SSBiIOQKSWAYEYBUakYYQYDyiyKmKQSU@QCUOQMY@]][@Ye@SGoNETIJBNLNBXODBRVEJLaZkPUGQTJNVJLGNFFRinUJOOQEURaGBSQCOQFSGIgFW@]PA^WJMIOYOOaBaEGNQLENYEMFUTcGEJUJIQWB[W@aOQFMMINUIEDg[CEMSIXYcIQLcIQIMOMHgIAQMIFBLNPLFIRUH]QOAIN[TSC[ILYqCH{lSKcCMGMDkY]MQF_CQDQ@U\\AbHaGGH]FINJTCNPJJVGHHJG\\YTCJLNbHb@ZFJHDRGTZEVFfA\\JEFUAEFH\\ANHjMNMnTLC^NDE^TBLHMLFTENiTKJaEGDLXMDeA[HS@OGKSK@gLOJAPHVKHaCCLLHGNMDcMMIUBIL]DEPKDcCQBYRBRLFFPQ|DReDGLVVCLWLWpONSDWPHPGF]FE`[F@\\CPWPCJNTQHiEQVOQOGTIAI\\WAGgQcBQJGY\\gSKIIMDENQ@cIFISI_aUCkAQPDPLNA^MF[BINJTUFGEmHcCEYSSM@SI[@IFaBCLQREZ[EcFSQ}UAMaQ]AqRQLkf[^oJcFqX_XS\\C^GNDPRV^XDLGN^\\I\\FXMlUR@F\\l@J\\b@PMJQ\\HrPPHfOdOCaP@J[@SLCZX^B^GnUTCNHNUx[vY^K`HNBVM\\ybIB[Zk^kHQLMbDRhfZt``@^VV@TOZO`]TSxe^kZKT`TFOVABP`A^HTThErKJNZLAHYFBPOLWFCLFTEDSbHRdTWP@H[@SXRZQDGNZLTKNcSKJMVJFJnKLdPxAdJRIZA\\FLTLAdLRJVDtAH^KbOH@VbJB\\OTcFMFZN@NIHLXGT`@VLDIZHB\\VDFH\\BLX\\LNCJLAThR@XO\\HTQNW@INHHbJILO@YLBHcbaHSPCTBRWNEd_AGF\\`ODSTO@KION@LUEaFMJEPaC"],"encodeOffsets":[[3008,49320]]}},{"type":"Feature","properties":{"name":"Brittany"},"geometry":{"type":"MultiPolygon","coordinates":[["@@XFHHAVNENML@`KXA\\QRBNEdBHcLC@QPItIDI`GzBXQUEBIUOEOaEqP_C]LUDOJ[AAG[CIJcKQFEL[PGHT\\SHAJ[dDFE`"],["@@RGTBRJFMGG_IOJER"],["@@DJV@ZKT@RIKKiJSNO@"],["@@DHdDTA^ILBdKXBhSK][RuOGHgJGF_PSP"],["@@JEjF_YSZ"],["@@EFLX@RNTRCPOY@GE@OSY"],["@@THJSQEKR"],["@@RRlLJNl@PDPNPKLU^@DMY@YQSDOASSYIO@BNTDPNMJQOH"],["@@JM@IlQEITCMWBOXBHKROOC@OMGBM`QCE\\gTM@G\\cRCNHNGPFbSKKfWPDNCTDbKTFLLZFRJIRPPRAFPPHRCZ@ZVR@BNPPCTTNVFJE|G^FHOLEnDNEPOPC~HZO\\GTBXCFIQGCWPEKOXUGe[OCMJQCSXSLWTYUWPOIMJ]VYQKGOqaU]@SMIBeRUAKNKHOMS\\QKaNc@ORBHSAYDWJSAKJQBURWhSOKIUNM@KKQX[HQK[YE]M]@KEgLoBKEYca@OGGKC[DKMEHMIYMIA[KKS@IE@WJCFQOEKM[@MIROCYIICOQDO]FOGIIaRwNM@{JUD@NYHBHITWLYIcPaCOFWCiHEGRQLWEOyIGFaOQQkCEF[MUAQDQIDMYK[DOIAMO[GYQIWWOF_AIDkIAOcCKJaHgSsFiJWJYI[FMAIKUKi@QMEWW_B@bSBQS_OSM_@SFWODEKSYBMDQC[eTMDMA]cMAMJQEGLKQqPICO_IQ@MFWA[WMMDSAOHELTBIViCiW_IiPPHDLMDeG_LE]IQQKAUDS]MUBWCEEaTWCSKSAaJCXIJeUWGBKIQOD]OUHW\\PDNTGNUVRPbELIPAXFTRYPWJ[BKH[CIP_HICeCCIOM]JyDOCKMSIQFJNX@HJIJLHPAVHDNcMKLSKEUWGuDIQe[WJgLSBYEEGaE[@_I@EYEYAsP[NHVYNANWPWHYBMEKNOHRJMJfR@KdAPONH\\KZEfAFZdQ\\@TOVBZETNZBENNXEHTHLPLBBNVDNNGVNL@JIRQFCQLQKICM[CILSIYPX@N^CjQ]dWCOFGWgG[H[KSBiNFQUMPKKKiNKMBYa@DNiIEPQD[^BXKJITOFHNQNCOJAAQVG@KNYQAGIXUSMPSR@JUNOPAAKU@eJMIOZDFURWADKOIM@O`ILFTONMIPOKEFOGOQ@CLWCGOc@_IaRHLAJOBQLKPKEBkLEIiIQBUJKF[PC@[h[RWaDWLWGaRBJOlDFIT`\\JXG\\CfQ^UVYNWJYNAJWZhQFIJoZqPaHmBFHbBtU`EDFOXcDKJUEgHYIQJVLP@@ZELRD`@JFHRNBLVCNcQCMUMeAGQkSTOaYOC_DSCSHUKO@KEWJ@JYJBHSDGPWNI\\ORQHAJSJOGNOEyJOEqNKFaFeI[RYL]PCLQAUOaK_AUDYGULWF]B_MDNINSJunSFFNAPgPJDXAYX]DCR]N@HYLYCIVKYBGMMJM@[PQS@aCqC[IURYLGLSDkGGPM@ML@POHQVODGRLZPFBHdFJVANXHBb_SC]FQMK[@AIQIMQD_JAh[AGRSOGaGoWQdKJJFUJEGQ@DQGGBOPKR[bAB_WK@KUMSIWHQISESDE]FOAMN[BUEmDmGQFFZQPJJTHRCVPBVMnSnq_\\IDUbcXQHKNYH[BINgR[H]BOLcEGQSAGFWD[V[FSAYZQM]AKJ]@gAYP_AWN^FTAPPU\\C^PXBTEvFNL\\@ZN^A^IXPDJdEPFrEZRhBLFdCRFHJPDLEpDTHXAVMTAhQ^El`J\\IP^PGliFCLLL@LYjO@KPICSHA@HQRmDKF_FuR]H[E[@QEKOTIYKOQE[kUGYUAGF@PNFBVEhMRBHIPHH\\NEROL[G[AUFSJY@D\\RXLCNOLAfPHL[~DN^LPNlHDE[]A]SKFSdU\\NIJRJTTNGYULUJG`DlNPHXCj@d_vAfHVN`@|XATGCOUJOACKDOpOLGFOTI\\BXLFQVGVDdA^DFWBKRS@YKMFIP}Z`D`J\\NPE\\BjPAOFILMEYJUBSLYEWFoBHPN@BNTPTB^PWRSAFSaAQCITQEGKkDIaYEQBUC[BPRSA{OCXVJIPRNAHLJZHVXXLxR\\P\\BfTYBaKWAIK[KWBMOMBWL[BC[eCQHIGSDoIkWOEOM]JKMQ@KKYAoSgAQN]BMJmLSASKBWUMe@OFWGYCYFAPJPWPJN`XENYZHZS@EHSLPTDXPNALX^HRIHUpDLTHEHTPATZLAP^LHLRFJGR@NVCHfCTBJFXAdDPHjG`AL[RAWdYBFXGTTVZKOGVGhHLG`H[VY@J\\ZDTR\\GJLXCAOTGJFfAfLLLXJNITJFLWDAJbDfBnPHLNAbPjD@QHEVJNIXC_oVOFRZ@VNRBAxDBJYBHXbRZTXAVHXFFKVGRFDXHHPCLDDNXATDNRPSTNDRRG^AQWCUVOIKLSLENS@YXNP@VdTI`BJGWEEKPWJGzQPOXBY~BFOVRDFWN@@TGZIBZjPD\\@RLZ@FOZINLVF`C^BZCJK\\KDG\\BZIjTXIOGEKVKNLVFVCLY^A^FNFJV_JJLGTATHJnPTAVBGJQA@`_XYCAPMFP`dVNCVHPHDL]NRFDPZCHNzAZRJENU\\OdJTGUKEYVAHPH@NLHrHbRJ@\\RX@\\IfRPMN@PPT^TJJLVARUDOMYZ@EiJCFZbdP@RVNCZD\\JDLDJKMIJOSYT[ISSMCgKEcWAQtLERNHFPCNNNJVRNPDZM\\HtFLGQKROCGSCIMcGBIZBBOXSN@~IxHROR@HGWQPOIKOGDMTCPQvUT@PQGINU\\ETFHOVELOT@ASJIGGLKEMPQDKSSDK\\CTKVEPBNOCI`MSBGMINK@IQKn[FKXEHMTP@VKZTFTCPO\\CTHAV`P^PNNh^nfAL\\CTBThXZ\\[HIRTARJ\\C^JjKFIjBJPxHjZTF`dHM@OPGfCOOEMWODIIKmWpS\\\\d\\DFISG@IZQGK^MRQCMTCHKCKV@TZGJFRTI@UIGDOTGdVULFVZLFR^AEPYFVlItJZBVEOUrC@SIEHOVKLUJBXGFKQCMKFE^QDONMT@@WUMAQRIPBCRJJRAPDAVMCYDTVCNQBEXMHKXJDRGXMNFULYRoBUHJXWTLLSTQ^`HhPX\\CN^FZGVDDNRJITFRPRI`HLLPGDWVUOCMKUEASSYT[TU^OnIKØH\\Fn@Ăb"],["@@dNb@ZWkFEGmL"],["@@VJZDHI[O[L"],["@@RBROCIUDBLKH"],["@@xPAIMI_AGF"]],"encodeOffsets":[[[-3342,48509]],[[-2960,48483]],[[-3066,48532]],[[-3599,48792]],[[-2879,48742]],[[-2928,48708]],[[-5087,49560]],[[-5263,49615]],[[-1608,49794]],[[-4137,49916]],[[-3676,49973]],[[-3086,50023]],[[-3085,50030]]]}},{"type":"Feature","properties":{"name":"Centre-Val de Loire"},"geometry":{"type":"Polygon","coordinates":["@@TFCPLBfPY`_^ANWTDHKLNNDPZH[F]V_GOB\\\\@P^XDNRRKPLJ\\@fdREd\\FNVNVBMVBRTHDJVJRNcHgdE`dJDX[L\\NXf]DMJYDUJ^TDHj[FUCaRGLEf_JSCGLT`GHAVFH[Z@Jb^ZEVLZHELPJCLNRbNRSnA`JRATHLR`H\\GvDJNXK@TTHFLdVHADSLBZNHMRDLEXLCTLNI\\HJ^G^@@STIZA\\FpQZK@RlFXGCO`ABLbBRHOLFNRZNXJR@HLCLgjHLANPN^PPFPTTJdBHH\\AfPJJBVJTSDC^OJPRDTfFZIRJVKIOINWMIXMVU[cXMTD`IMaRAXIGGSCAKPW]SFIGSJYNGKQDErCDEbQsyYQHE[KHMREjGMYFGMGDKfYRAjUAKRIGIRKVCf@LE`FHQaiPOdIT@RFZCNGEIPMRIRBYwPuPEIOVIIGXQCKfAZD`iT@\\MNBtCFN^DBTN@AKPUJ_QIKONCAMXDfA^IESOST@PWAQSGDUMG\\YOIJIgULYNBBOvCJC`DJF`IXL@JxCTBBJ^PR@ESrDzAOLGT|CN`@JhRPMRDLMb@Q[X@GcTHXZzMdnVDHKPBNWHBXOX@~NHA`[HYKSLeRK\\BPI^JVKEIPKn@@YNCBSNODWSCFKQMPKDOUSoPQ_MAMUQIOAAKXEVNX@\\EB`ZBHSNBlAfJdFJCf]TDnBRA\\PFJRCPYLCLbIXHZFZEDH`OWOFEIOJUhCJHVBJHfTPRÎNbDFONIbEVF@KPMLJP@TSPC[_HE`BFcXMAQDSTObGdaAGZKP@JKaIGGJMX@RMGSP[@WgQBSIKMD[KKW[AEGUCA[YGCJUK_@HSKWJG@MYMNEdEPSA[aI@UPGLaG]sBUCQIcKKBKS[EYBQJcIwBcOLKImIENULIdTLMKSYHMRCQYTW\\@@GXOcSGQTaFCESDKXEPKAOZEBGYKIMqLgFSS]G_BAOUBEP_SLSlYf]Tw^SP_PY@SUU@]__YsgeCQNaRKlGl]\\YJAzaN[AUGML_Z]\\uVwGMDMVSHmA]W]DYTK\\@@IbOPDPcGeOOGqR[NI@O[a@I[k@EVQNkEWJ[][HMCK]WQUCOGAUNkGcPcAOWWFUBaGKIFMU@O]McWD_WBMPmESDSO@IEDLYHGZUPIKSBSIBMII@Ma@DM]KLGgMQO[DWCGSJMRDI_kB@RSIW@WGGSnGHQGOMEDYIAIKH]XHTSJiNUIKUC_KSMySQKOHAHOFOE@G]EAZ[AYMYAOG_LUAKI{EgBgQIIUISWLSOUIBWLMMCIY[BQO_HIL_GiBYJ_IgBIUFYYW@YFIPSBe@_FSL_ASB[T]@_EIEkCGLULYOKFOKOAiDQCMKMFYBGRYPIPWBGKCXSICLUW]DMUIYSaBQLALQJOTkYOU]S]JU`PTKNcEGUMCQF_OUOMAEvOBOLaKCOSMDIoMIUUMS@cWFSwIAV]NWPINmd}GI]SDEIPIYCWHOEGHU@QF[IOQSB]HEPJHKP_SQEQNhdIHPXXXUD[EAZcJcH_jb@DFYVO\\P@PJEFmb_TiNQGYJ_GcDSCENJNUfsEMNOFUEKLaFGLBP_@MDOXBL]X@HPVNHAJRBAJQXJPCRNNPFDJSVCPMFLNUJAJgFWNWVSHOP[RDP]HETHPKFAfIHQBQPDJPJQFiAAHLLMHYKKVUHQXofJ`IHF\\IZKL@XGL]H]@KNWHMEKDSNBPILaCUB[CSB@KNKCOLM^CPIB]EaJQ@WIMFMEQJIGWCSGkIYIKWkP_B[LQBYJKAYWQ@]M[PI`GHDNKNTRSHGJTDHLGNFNQTXLGZFLGPMDgQW@CTFZoHeUWIOA]VGKQAIXZXLBPP]TEZUCYSqJCPKJGRa@CO]DQGIJLZGRYCIVMTRXH^]NNT\\PBlKXNBFJERLFANRHBNU@jvTHTZANR@XFRVG`VDTNhTAF]DDT_HZJPXVPG~TPH\\^hVNAPNdQFKGINYJLFRdCFRRTHRNC^@`^@NF^I@KVIV@nET@dUDItKZGjVGLBPMHQXMDSRJTVPDJ\\CZQBKRENK`DR@NRGJHLbPLGhBbVPC\\H^DPPXDbBTHNPVDHVK@QOQDIfSNVPVJNADNRNDTJFhDbPTNnGRHGLULTTZCPNZ\\PHCHPVdPJENPCX[PJPMdF^TFJL^HJKBKbWLJU^LL@fJFhDTJCXOV@HSJCNML\\XARNJHPGJHLIJOGW@iNGVJXBVARDPdEL]EaBALfARJ\\hCVxFDExFDZmToJKHaE[NEJ_TUFCL"],"encodeOffsets":[[818,49352]]}},{"type":"Feature","properties":{"name":"Corsica"},"geometry":{"type":"MultiPolygon","coordinates":[["@@NFVDAMaD"],["@@LFXGXHJANJVB|VNGTDNHdD^FV@JHELFJMLSBFLaZ[BEE[JIPmK@JKNHFvT@PQDCNYDGFS@e]YGAVEN@\\ELfAHR^JHC\\H@PINR^VJV@bMNHLTDPSFAN^@@\\XVIN]@UDbfAbLJ^CTJAJXE\\DERDNETLHIVIJBJTRHk|TJIIITKlDNHVTGXVPCLOJTFnEfTZGTLAHLXTCnDTTZ@PIj@TJZDXAJFLE\\HNRV@fNBNK`L@ATV@PJPR@PbDJPfPXENLLEZLYnVT]rGAIJUhWAKLMPCPHAJbNNNAb\\TTZO|HJA^FXS\\MDKZSJJP@NLFfhQHIZDNOHDLXNlVHRSHPVBLWLFR@VONDLGRNNVN`ETLlIPBLJTCDKXCHOPITCGSIADQIEH[TOHMIGPO@]EILGCIJaIIRMAOJOCUFgL[A[mwEQDKIEC_IY@]GMBMKEAYDYJWR[beV_PiDqIqBYNiHOAeFUIaEgGYBULwJ]LWNuHQASEYGwB]FG@YFGE_CeDgAgKgge]cUUU[s{WYOKa__gGMAYJYIUBESaKoFMFwDOB_IGCWIELWEEBWRGA[CKFKIYHQGEHKGKAYQIIDQIKOBIROJQCIYOCMKAKJWIPaQEWJIGQEO\\QEDSKGYEE[BKTKTNRXLF\\CLQ^@VD_iBOOQOB[IcSa_UDGMNCLKQWOIRILJJME_]KGEXGIGMJMG@I[QmOH[CUQMLIZRVRhLM[kgCMYUBKMGYCIDYCKBKZIJOFUAkNIJgEKGKHCNHVRF@VbT@POEWDON[QSHGZJXCL_]KBKICZGDUKMDONODMTYOSNWNQBIEUBIJSGK^aF[GGFRN[RWGmCCLTR@LOFAJQBUEQJGLkD@NTPM^U@J^LTALH^NDJPRUN@HJ`JTJXHNEPPHbRBFJ`BPJCPy@OLe@ED[AMHUR[JIGWAEQMDDLQBOJFLVXIPMD[IG_CGHHTCFUFYCSH[EDRXFXKVHJJTFf`JNKROJUDRPHKj@ANLJTDDEXBHJ@TRF@LQBSTpLFL@VGFAPIJVFXLANQ^WVWHIGKFKNYCA_Q@WM[CcFcIyLsSONNVAJRXEJU@EXSBC\\ZBPHT@PG`DbRHJCVQCGPFVZTZFRJRCZFZNDP\\ELRERKNgABRMVOFJTQR@NWHSUaBWPIPQCcJIRIB]I_@LPPLQRkBfLNHBRmCKDFLdBKdJPSTEPLHKLQBOGEHSJ"]],"encodeOffsets":[[[9473,42362]],[[8745,43251]]]}},{"type":"Feature","properties":{"name":"French Guiana"},"geometry":{"type":"Polygon","coordinates":["@@JPVV\\NZATGXQRIN@^XTbJfJ`DfFV^@tE\\@PLbrbb`ZLPRXPhLzJR\\hHTHbFdN\\TTLRZ^PZZzRZZZFJzvPXNjIpLPZRLLDLMNUHIRBHN\\B\\DJ\\dPhDVIRSHIR@ZLPHT@NKzCJWT@J^LLR@XI^A\\CHONWDKOKADV@Z\\jDhL\\NPRHZRZnf|\\\\XRVH`VHTHDVJTHHGJBPTB^dZRN\\X`BVERIL@vFdN^GDIPH`GZFJLBZTFN@XHPWVARWjSHUKEYMCaJALFPAHMPaRIBIJEXPh@NGNSTGJKdSdUlMP[HoDGC[EOBMRCTVhCPIH[HmFIHI\\EH[~MNSHWTIROK^OXWTQJi\\IPCXBLXhBJDhDVTrFVCJYR[NiL[NOLIR@fVGFV@TFND\\J`BPOVCPA`BxJhCPUROFSPFPCJFrOL_GGFK°KJbTTRZPfBvGbW|Gb@\\J`DfEVURaJQJEHCVAZFfAh@xFd@\\EVQhCXP\\VRTH\\XJZBdEZJVA\\@ZTXHRTxLRFVVTbVJHLbHXRJNLBVRZVdTflhjPNbVFFj^bHZPNNr~HJNJ`fP\\LhRXXR^^JZhjNPXPX^PZHHh|DN@jENMLOjCrHnX~VpRV^trIHFV@TCnDHHX@lMACwAQHaCrSjAh@ZI|W\\Q\\OLB[V]RkTX@RGZClSvalWVOdQFEBMVEbMFGnSRMPCTSH@\\OXEJF\\GFEVIgXGWbA@`D`IhGpMjMbIpNJ@\\QT[FBO\\[ViNLPVHL@ÞYjQPQhc|_pOvDPEXad]ZIBHYLKHMVIPERTHRKJ@VJJSTFXE^SP[LA\\]LUJAJWHIBMNENQFARUH@FMJ@HQ\\WhWZQ`gTS\\MBG^_NERUwhUXaROVWNCSWBGPAnUTQT[XOXEDINENQLLJEbcJDNOLOJAPODKdWVe^WPORENONABQZMR[DKVW`[REAEgIGYL@\\PPARJR`BNGJFNbBLLRDZWJDFOTQZYCMBKLMRIHSGMQS@GMIaBKESaLGTbNK`C`LLZJHdALENMX_DOHGJBLGPERKHMBOJKPCBJNCjaJMTE^YNENOP@RMJARKHBR]PCTSPuAaLJMFMJG\\wJsJUDSv@DnB¤L^VDJEN@pW`UHAPMNQNEAK\\KJWNCHYAGJOHE@QCIJWD_J]DqCQH_HOZ_LEAQICDOEGjkXSNCDGTDFLPA@OCIK@QOEUMKAKB]PsPaLMR[JKJ@AOFMNKLAN[GMRE\\[H[ISWCYKa@iCuBSP@M[sg[McWyWKGysGOCQDe@_EOYuGKUQQIGWIGOGMOOKYaKYIIQAEMUFDY_IODAOMKJKDWHIEOBMEMUAEG]FOG@IOAKKKaCSKIG[BSGQF[AEQYQMY]O]wKWSE@SQWOKKWC[YUIWGYKGKQUmQ[YuSSMYIGKSGUDOUQKQQWOW@E[]OACROJOBAOYUIAWMCYScCYGSWGQBCaIM@YUBOQ@KNKDKDeBKTUAUW]QeSeSM[y@MJQTU@KKKaISGUSM[USoOYM]EaM]AYOWMMUaW}EcOYaFOK@ITUFI@YVa@gGQSGISAeO[SUIOWmOMWASGCcGEaCI_M]I_KYMOkYSEyi_ISG_W[[eQEOKM[g_BSOGAYGUW]YQM@UFICOYOKaGUDYAYBcToCWDURW`MPSFYB[@IAsEUEcCYBWC]KMASFaGWQMCMTLP\\NNNJ`HFhBHRKP[NWRUbQJUHWN[^YlOLUFQKCeGSMKi_IoW[[OKYAYDYC]IWCYBMLKROLaHeD[@qF]LUT]LuPYDsBERJRRLHRMPUR@NOLcESGcSYMMKCI@cESGEW@WDcEOIMOMiKMMAWRWB_ICIL]BYI]QKoUuQOI][M@WR[NM@QIQYSq@gICMMQWUEYDiNOLSdGTOZMLK@i[aGgOM@_HmL}H]NQV[jCLQHgMcGKBMNCJID[AUEW@eTMN[hOL[NSHQHITJPf@HN_XOXOJYD]LaHY@"],"encodeOffsets":[[-55913,2386]]}},{"type":"Feature","properties":{"name":"Guadeloupe"},"geometry":{"type":"MultiPolygon","coordinates":[["@@ZNLJBjTHDRJBHRNNbDXINKRGJBFKNCBULOJEDIRERSL_GaKW[KGMi[OCYCCC]CIHcHMJMBQPMZDHG\\Gp"],["@@LXTPVCAKRCDGOEKQKCaP"],["@@PL`BCTXPJMMOIUQDCKK@SJ"],["@@`@JDDIUCOBGH"],["@@BRRTXBFNJCTJHHVHDHXFLLPDBHR@DOHKKKUCaSYS]GUAUM]E"],["@@NJBPARFRLJOHDHNFNNENXTDNbLV@JN`MXUDMjEPIZGPO^HRGEIXOXGZFL@AKMICQO@KCDMVF@UL@JJJM\\HJR^PN@RQDkKKJOEMJOKGGRYFKAKDGEG_FGCIHIIKCMHUNMIIF[LC@QBM^OSOAOPMH[CYBkJIQYAQOWMEqoUM@MIGBKUAAG[@GFKG_IKQsKMDELDREVGP]VGJQNGNAVEXU\\GDIZFlKTDDCVAdHHCRMNHLCPB^MFARBJINJhCTOXQNGdIZ"],["@@NXPCAOODKG"],["@@JLALRHFRBVCLNPRH`CJJL@FHZMDHQBEHWFFL@LBTELQNM@WLELARGJ@VGTGHHJDVNNLDJNTFHVbLRPBNJLJ@NURCPDDSRETUXKBQHKBQHAH_CeIIDQC[HQPUP[XUlMJDPELBdGHDPKNC|YVQDONOHSTOdKBE`KHFPO[@eHMAuH_KIBeOM@cGEFeEUGWAOESSIDiMAEcI[AIIOES@IGiPO@]D@PGDOCYVCNMRAHONHFG@H"]],"encodeOffsets":[[[-62809,16325]],[[-63130,16229]],[[-63085,16239]],[[-62598,16561]],[[-62565,16685]],[[-63293,16664]],[[-63075,16735]],[[-63027,16682]]]}},{"type":"Feature","properties":{"name":"Ile-de-France"},"geometry":{"type":"Polygon","coordinates":["@@VB^GHO@SUCMIRIBG\\G@U^MnTPDfA@IVGZFfQXDhA\\MTHG^@VFZVdO\\BdXZBXNvPDHbGCUlMP@TNZO`EPGMMLKtNdBVL^SDGSGMQ^CTDXARLLEfHCL^VDPXDNGvgZ_ZZRCVQnHxMIWXDVJFITAHMrKFIWKAKjAjKFjLEdNIUHGDURGZEAMXIZLNPZDPNjAXOVCTSXMIMREP@^TR@J]fBZHPL\\JWHPRTD`NVS\\GXBTU@E`AbTPELRnOTFRENRPARLXaXEDXdPN@bKBHlGRJON^jPIrIrCVDNKlCMWIIZKTOLO@SP@@KUOCQK@SKNMAI\\BTINBX_`CL]PBZIHWPYEGJKhDhPR]@YdYbRNCPHNPPcKIAULCPOESXGBJZB@KKG\\ETHVOXBLIKYjAHR^BNcMQDUKEURSKgGSB]LWOLKZG^HL[CO]EEJWCIIWeZM^DHFRG@SPMtBEQDUGUZOMKDOaGYSFS^SIWBOhH\\TR@fGDSZ@bMTSc@IMIRQFMkBQSWGOKX[DMNIUG_UQCa@UJQ@QKf[FOPSAK[BKISDaWPM@QVQ@GIYMMDI^EHKNBMgAMgFWLO@OIIWDSaBaAmJGI[PQE]@KQOGMFqFmMSNgNIMuDWIKBQIKUQAALUAQJaIOHOES_@ONC{uZKOIVSISfGASJY_@Y]HIQMMQEM_D_GCW_A_SKSFSÍMOQeSIGUAIGgDIVJPEFXP_PCGYFYEWGaJDKZKDOQEI[OQBmASCe^IDcEeIkBMAGTA_YA[FW@UMWFBLPBRJNVNBR`pOVTCPOLRNELTDCXMPATMD@Zm@OLFJUL]IOJ[AQLKfLTGZ_\\GB}MW@WPGAMXOAGLUCcmyNWYSGHdW@R\\a@KNQCONgQ@IM_{DHSPKyBqCFTQ@]OAISAwD@IWK_JIE_CIDuDAPMAKZhVIJPJ[ZNHCVTHBROXS@PTFT]JeBWCBNMDLPRJI`OVBLM@AS]CEMsDMA[NS@_jYCeBDLWRJHUJJPOFOvZxQAQJONFJMHYDQES@cJOPbjGR_EKFe@UDQLHJQJBLiVQBeZCLNHEHNZiHQFGN\\LGFZRtzaRCFqDCFLRMHIZHTEJ^TOXBLTDHHWJQBNb_JSCWN\\dUVWNNJMXJJPULTZSAEPMHJJ^LERSIgDOKS\\fZ@LKDFPgRBRYXDNbP\\QRATNPFTfNUhJdIVHHJLJK^RKPRPHRXLVZ@`NNHZNJIPLHCLN\\GLJNVJJLVJBF"],"encodeOffsets":[[1746,50414]]}},{"type":"Feature","properties":{"name":"Languedoc-Roussillon-Midi-Pyrénées"},"geometry":{"type":"MultiPolygon","coordinates":[["@@DR\\\\AHPRRFTKVEM_TKNO@QIKSCSKBMeCIXSRIV"],["@@LTbGNDCZKTSBEXZHZEAIVINMDOE]I]@OIEcFIHYCI`"],["@@JIFSTQIYDMTG^UHOIK]EEaLGBMPIfmVG@MPUhUVC@]LQEOBIKMUBIKN_GSDGIUBGWSKEAUPKTDJJNCFMVSFOUWTSKG@ShQbYXJITGZPNZHnE\\RL@rLVGjNRKDMGQjOZDRHHJbGP@XGPBVIRHJLlIFRPENND\\HHPb\\DLPXTbLPJQHLTBTGTTNJXCJVNZA\\TBhGNRHJRORVTJBJ^NLZEV@LTCPNFX\\VDDEXBNNP^RADR^NFEbO@EZSFMGON]OM@SGKHITEDLPJPDRJLIhFdATFDMIICWVGKIDKNEH]XoPQZENNRHXULQM[]LIMRKNFNOCWOQJ]JM@UNSCSN@TS@Md]TAANLTX\\H\\JJRjVFVCG\\IHBbNRXJMRPRA\\GHbbDJTNAVVG`@@NK\\FJXRKHLLKRRB^VDL^AfcNSZONKLPNLVC\\PHJP@QZ@VbNL@ITP^VDAUZKV@ZTDH^HnZbCRbZIGKfSNPPCV]@UE_NMCOfiDW@UjeES\\KR[TGdblHhD`GCP^DHQVBEVPHGJR\\GPAR\\FJITDFFfE`IJUTMGEDO]MPOTDl@PJdI^LR@HYXSCMDKTDkL]TJ`JNGDKWYJKZENBlOBMUGIQ@QNKBO^BCMYYTIHOAMPCPYGGCcDOVCFIGWBGZG@UVMRFR@RML[LaJSPGTgEK@eDKRMBKNGVCPQ^@R[UWVCVIZSYSYDIGRWHYJGMaHQ_ORWJCnZRATLVATIZRLCFMNK@QfCTJPGLUJGvO^[hUNA`LLJFPRRBbCL^@fRL\\TDtBJApPX]YHCBOXGvANELJFPFJPPBVCPIPFX@VIAKTDVORBV[TQ`@RMjGVW^PPIDMPIAKJSf[LUIWJK`F\\CDIIQBMbIIc@UFWQY@_I[Z[BQVGPJ`HLCAQLIbGLGBYhYRQDY^CPGH_IUOA[HKAEUJYOI[IMUOKSGOBWESO@Ig]cKDGQQ}WQ@OKOALUCM\\FPEAKWGWQT[HUIsUS]_AKQ]GSB[HOLGJWCGWHUEWFSPuHUJUBQGyAUEMOEODICMiIIE[iCMMQCKXS`ARHN@LOOMMU]KcDqUXCBIIISG]FGO[KgCAG]M_NOREKVYBOQ@_UqKYAeQ@IS]DGC]JsL}VcTUdVBBVXDJR[ZQJaLDwAmG[£eQEeQsSMggg_kSoKKIKD_KEOYKO@@RO@F]IISBkA]M[O}ms[cOI[FYAQFKA]NQA[Pa@qGY}[oYaK[O{i_Q¡mkkyWegDMMMOcMgM{@U^ILOQA_KsIDYGDECkFOK@kBmDYFKJ{B_JyLO^AVGFOLD`@RMHF^IAKSMROBIKGFK^CVGAKPIIGNGIKRECQPIiBQEMFy@UU[B_TENQFUXKbSBeOUJYDmQKP[P_MMS@IME[B_JMCWNMGCQIAaJOMBGMQWBSOIYaCIIUBOJKNGiUIG[@KMCYKCWFCGRKFKEKTILOAW[CUHa@qFSHUDSJsIEWOEAIa@]HWLeEOTMVSDCNM@YLCLFLMN]CeFQJ_BoLGRiDIPMF_IcLkTKCIOYES@qSKD[@SJmEIG]GIMCQMCBUuUKSUDUMmCMBSCMQGL[FYNMRMDOR@LGL@TILF^cLD^KRGBYOGA_HICWFGT]LKGYLAHURWLMGYPYIgFSA]P_EKTB`JJHhAN\\\\tHZNMPWA]DWJ[B@ZJFLP_JSC]PcDcKUP_HQGyAMPYHIRULM@QH_KIDSMgBKP]CCUQSTaOK[MeBQRAROHGVEjSFELWREJHP[TWA[PLdeCELS@QIOCYDeIEHOC]CKRcJYOU@GEoGGIO@[RCDcRDNKVFJYZUF@J]HMHQTIK[@aCGLyBKFSESAQJ@HaViQMMQ@cXw\\O@UJEJUDaB_R_F_IgHEHkLIJuPaM[@AOaOBUPGIWLMCGSIQWHOZCSMIQKGBIZBXmRMUG\\UQSBOa@UFQA{JcNISgBIFgFaAOQg@_NSDWMSBGEuAEF]DQLEXMCUFKJQJYSmQBOIKAQSC_OWNUTSFLPOVAJSDoAUJSN]FOHSCWKoKKKwK_N[EKIAKUKUCoNSE@I[QeA]LeFWBMp]@GFgBIJFPQH@H_bINWFFNQRBPKLMOSIWDQPUFOACJiN@RMFUCIH[L@JOH]BQFMPFLANHPSdDLUX@X\\DHPVJVCPTIdMHFRKpJJBPXBRDPLF`IHFHXJbIJGXFJJTBTTSX@JTZDTOFGPNHDR^ITZP@XLJPAPHJZRCJTdJ@NQPIFVx@G`FHGXBVVFXGJTALXZTRCLRR@JOJ_HKbRLPTH\\PDf@TMjlSHSTCN[LD^PNKDARNPJT]RF\\_AO[QEQa]BILXDQRWNTbIRPHd@\\DPABNaFB\\_FLbFHERYXS`]AIIQBBPJLIPGdQA_JACaCQFYIQVQJWO]IKTmICIO@K\\KDNN@T}@ETA^N@XG@bP@XDAVJLeDDTJBZRIRMNPHZDx`RNGVODW@BJTDIXKFJPSXJPKDERp@VBIVATTFirTJNPBTWLGA_PWC@XJRPBDIhRTXdFRGTJBPdGVRlcNDELDPRLNKVHBHVVZALRH^bYfURMCSYIEGSIJKRAVMfOPOVFbMFJRDF^C`ON@JKJAVVHBRPRJCPJbA^J@LRL\\MGaJE\\CTPAXFJXFHPLNPBPJRDjKIMpOBJXGPI|OHHV@DHGXXERHbJXAFI\\GTVVLVAHPPGPFV@DV^`\\@VCJF\\DRJRKZ@LGLFVCVL\\bdDVQXGRKFQZOTAASVQ`LANRTVBFLNJRAtRGJDNRTATLDFR`JrDB`Q\\NDrC\\MUTFANLHPEDLKHDNKNLRMLYOKLUBATRT\\@ZGfBCL`hHRJJSVNPN@BPKVXGVVSPcPMZkKSVWBCNDP\\VPZGNDJKRPNFPnFNQTKHqFBFXJHNETF\\E^TREVCn@VARFDVHHGRQFTTAHB\\MZMCIJQECPUJFNAp[JRXC^SPO\\UJDLKPVH`IFQRRRJJLjR^DFP\\G`FAZOLb^RFvlJDFNOZHBCb\\FNN\\F`CHD^@PBLPR@JH@PJJ`FLVTKNAFLRJDPIDPRZGBRL`O@IJ[NNZS@NP~TRCrNDHKT@RFRPHNIRJbHFZLFDLfANFFNCPcLGJFNOLXP^GDJKPBXSLOTDXQJJVIFDPKX\\DhJLLXKdJLZPB\\NVFLCNLVBLcP@dVNBbKZBZGXDJGZCPY^MBGZCHO^MHK@QJKXB\\O\\IBQHACQ\\EPUJLTHREHIRH\\AXTRBLNXDLNVBRRNDHL^NPEPDXUBWTCNNPDhZP@ZFV@\\H^DPOTB"]],"encodeOffsets":[[[-144,44311]],[[-118,44368]],[[2113,46057]]]}},{"type":"Feature","properties":{"name":"Martinique"},"geometry":{"type":"Polygon","coordinates":["@@FTZbDPLJJ@PJvVx@HETAPGHBVMJANQVEPMPAFKNGL@LHLML@VY@IJKPDJG@OJGBKNCBKNITWJEBMJ[PCDVJJ`RN@FGTHBFTDRLJNTIHMGSMPK@KORIUO@GPCIIKDQACRMDKHW@OUDGEMBKPMJQZHJ@BQHEEOYEYQ@IIKZ_VBHRJDXIPA@JRAMSUOR[MIDMVCLBJWJCEONS`FBEIYFMVSTTH@ISGE@UPMKCDWGCCSDEZ@AMBQPC@KHMEKOALYKGASGWYYEJM@AINCAIQQIQUEONQHARMJNPNXIRTBHPNGFJK\\aI]a[V@PQ@WK[J_DCLSMIFFJQNASIDCQKDITKKSRMAaMKM@KOMODGHALGHKCIHHPCVSFBJJBANKFQAHNDVH@FTNFDHXARV^BFUNBLKJFJERARGZCBZVZ[PGRQQCNBVKD@LJZOFJTKAQHIO[ICSOHSGDP[@YEODQ^STkPE@MXUJM^IRU\\M^ENF`L\\@PSZYRMZQDO`IJCV@T"],"encodeOffsets":[[-62698,15179]]}},{"type":"Feature","properties":{"name":"Mayotte"},"geometry":{"type":"MultiPolygon","coordinates":[["@@NGPVM@XVLPRQF_CGFMIIOI@UKD@PU^QL"],["@@ANFJTCJDVbLHAPFJPFAJTDAKWIBINAJSTEDQZMEOLKBIJI`G@INBNNDRNS^ALEPDVO@ERIJBHMLA@IHMOEGOLCCQGCUUAGUSAOQKDKKSFSPSRIFQLFG_MKUIAOD_WHEOIAGSFOMBEIBMJEFSXILIRBWYMHKCGSGbKHMCGEDSIOIEMDCLKDEGKHBPSDIIIVFH@TIFIKMEOJBJRHLPHZGNUAKLK`MLnDNAFGA]JKbKFGNEVDFHFVEROTCVKBCJOJU`MBMNBLHN\\@GNUDJ^CXGNFJKHCPLHB\\GDMISLO@QNILUAKHAHXRHPEJ[ARZ"],["@@AMOBQNNNVO"]],"encodeOffsets":[[[46346,-13091]],[[46132,-13016]],[[46119,-12947]]]}},{"type":"Feature","properties":{"name":"Nord-Pas-de-Calais and Picardy"},"geometry":{"type":"Polygon","coordinates":["@@TRhXNVRP^fR^RRh^vX^EPWtSlF\\EhNKHJJ@PKH_EKH[dSRKTHGJI\\@nT¢@JJVNFREf@hHBFSR_AKPq\\RfLrFlJjDHTNN`SnUmfATeZSVFtEKxMjC\\LLJVOLvPL`TlEdHHCRWjSzKLFbtDrJ^HXNdZ^\\dZfThPzR`H¤N`PdHjCtVjFXC|LlHnBtPT^Q^PBFjRZGpHPFANRJPKP@¢XÔXVBDG`@lGNVTZfqAM\\CUlWXA@QJOlyaIEQUIYOHITDHMGILSIMJSGGLUYUHIZ@BQREDQP]j@ZNJ@LM@PGEOFQVS`ITMIORQXGXklWPCVJfFLO`WTALH\\YX@CP^DNPDbZJMLBLVNTD^ENLZHfRXDXAJLjJhOrRPZ`OhHNYtmN]TGDKKELOTA@KTAxB`W@SQCXYoQASRQIQ`WGM^UNiASLGEIE]J[CKLEHS`KbARUPBrI`[\\NdDjJRLRGPRAHl\\`IZD^ICWg]HWpR`AJFf@TAZKVBXLVUJ@X_RQV@PMCYRGA_NkAYQUOIBMRKC[XMGIZQR[PCNOPLMJDL^IJND`LVPF`EZJT@\\CNHPCrBVAZU\\IRDJOVIRD¸l`MVLdBNNZCJWNEXABMTC\\SBSdFZWZGFWAYXBCSbQbFBNMLWDLXNF\\G@QrAPEPUJEAMcUSAWOQ]aEGGRQIQ@SOSPAAScUCQOObMVADPrC`DJUBUKOJKZKFKPELWEMSKgIIMiEUFUUEKYWAKTWfQSSKACOLApBHGfIEWlDRDPCEWSQEmJGVA@IXEVDI]FCAcGYGGWIAKQOQyXYCIaOCERM^D\\KAIPIgUGMDS[KM@aOBKOMBI}MUEJUWCODGKE]FMU_YEEGaF[LsGKUY@DIjeNGXAGIC[HGZAIIQIEMSECKxGD[KUMNQELOQIY@B\\WJWU@WQLSAYPGS_Ic@KCIVUDCNWBkCcXcdWEGQYCuS_CHOGSOAVQKQgJeNYDmMCHiOaADSkCmEQK[CO@GIaGGIA_^IIYROKORQDKXYSECUU@EKtQCMPCRPZKKWJMjONJh@ESBWS@mSUA]POB[G]CFYaBMYOHKRHV[JYXWMOOC]FKICK[EEkDI\\B\\ADFZF`@JF\\IV_JGGKSMUC]BakFCK]e@UKVMBS[@]IGoUBUGKF]EgoOcgKHMAM]AGQiBLZKJWAUPSG[FLH@LYAAIWHFTOPKDBVLJOdMOOGMDaQcZ@ZQ^gOgCILFHOZGXYJOAK^_DW`MASJ[ABJMNTLL@DRVP@LO@@TKPSPYLJJNXkDMLUCqDqJOJ]iPMQIkHAGaLM@cOCWWFWbQKOBMQQFSEmPKQOFaS_B@FSVWA[HUT_MSCOQXG[IOKYGeAI^Q@]SO@QFJNWNSTUDWPiBOMYCMOYKWJBNYFQHCVGHJVcMKFEiiLiBBLXLEJqLGNSBEJUIWCJXwNmGURQDYYY`uhMHWCCO]UDKeGKFQKWBSC]DNRTHCH]TUKcAsMKLNNOH_FYPSMO@kNDVaHCGuOWMYAcW[AcPYUUE]@GHS[NgBWCeRYEUH@JeBOCmS]N@V[HAHQJNJVD@TGP]HUAK\\FNJDHT`BTJ^ERGL@DUZGT@@JZfQDHLKRMJSCBPG^IDNl]`DPITK@ITSFKPQDbXoDBPRPAZ\\TBH\\HGNfNVPIVNLRFBXcP[GMKDKKOMT]@ONHJbREJTHEHLLQJMCQFNb_bJL[NFJ[JVLJNPDFTGPcXRDHRTJBZVDfNGXILU@OIMQYGa\\XNJLTBErVEnRGXP\\`OhD@J[^[F@LYZDHYRQjBZOTDPIFEjMLYDCPKDCP[VqNYJSBMJYFWPGRQHIV_JUPgPIRKFAL_NSDYLMPaF@fFNOLDQ[UBcN"],"encodeOffsets":[[1414,51267]]}},{"type":"Feature","properties":{"name":"Normandy"},"geometry":{"type":"Polygon","coordinates":["@@dMVAR\\CPKEM@ebENOZKTC`MBKLEJQhOVO`IJURGHQXOZENITAZIrM\\UDOLCDOZCNKFiJECOPSAYRiZQCGZY@K\\E\\]@IgC_PO[HWmQUFFqSAIKWMb[ZHNRPJV@JKHWeMUCAYSIGQQCdWHOESOCIMUK\\IEI\\MIK`aMaRENDRIKKFGSGFIaQGIPM^@NSLPCLNL\\HdOAWQEMKJUUOeMHM[GAG[SBYQOAOpCaWRCLOTEJSL@JSCO^_MkJCH]AOTDNILQGKRCYe@IS@YHCVK@QH]FSI_AGSICEML[AEUIIKUIIMHKM[DKKGJOMIGYMM@_UYWKGQQOLO]QILKGIUGcJgIMVSeOESMQB[RaOCMZWAQhQEOLC@KeYT[PLhCTJFQ]KIINGFOTBSYQIYJeECSOQPID]TCISAUIIeO[BGGcASIOSOE]OOMBMGKhiDKGKQ@WIYMMQKEPQGaAAK_BDPWHkE@QYLoR[EYBSJ@T]@]HGIJ[KMDSWKKFQCGNYMKACTGBcUEKSG@SWLIMuC[H_GKQSGQB_ImBQTaMMQDKOIFKYGUKYFa]@I\\YEGBUHGS_HKTD`IFeHKbQVD\\EiCG]SVIZCNI^CWe[M\\KCWcIF_hcdGQMUICISGAQNUUAUMEMc[QFec[@KIOQLQCM]W@O[[PA`H^U\\EYGCOMMLKCGXSBM`]Z_eOKADOSE_iTEPYNMVUJBJKJKROFBPGNY@KLYFYGOONaKACNMHSEKDB_JSADPQP_HURQJAF\\T]TWM]PU@YCWFGPUNUMYPUVCPPPIHE\\CbMxTLCT]jALUNMAUJQRa@SRWEYBSLMOUEWBIEeBoWaHGGBWOBSNQAHOVKKIeAMCODOIIKHEUYaB]G]_RQIGWDqAMBGPO@IRUGMBEOYAQMOBKPJJILJ\\KPBPPjCHgLCOa@GCBmNGRHPCPMLATIDUXJJXLTADP]JgRYPEJ]TQKcHOLKKDG_SbKFKOQUAOSESYA@VQC_FUJa[@O[@KKNMOIUHIRU@SJBPKBOGc@UPIEQHUEU@QUMFOEcPKU]GMGCMSGCMOAOHGMqFi[I@_K]QEN@RKTHHMVYAUKFIaIOPKKcFKMXSTABKYGOBYMaECJ[JDL@\\MAWDCM]ICd]NOLIVeLI[AcR@RYDUAQFQKDO]UQBcIcNy^iAWDSA[HYP}GODOPMFmCKFGP]E{HIFUESMDSOOAMQ@YUY@QDOGEOQBOOJQQIYEKKSEaLSCMDOCeXLLaTOEMHMGQD[d@HSN[hDF_RANNH@PPDQPGLWAAPNXSDFJkR@JINzJpGFSjF`CtNRBjXlL^@JETDLCHMNDKVS@KJWCOJ@PXTKHgKgGMUODEZ]HON[JUEOBGVMP@JIXSVLQNGTFfDEHE\\QPaNRRNFTnT¨FLPLJONLIRWCEHBjA^HRCjJRAXZHUFICQ_SCHIBUOBINUlQIH@rFTPZN`EJE~QvHPU\\ZFSNMAW]WRS^SrMTWVTBILW@YjQTARTEPHSP[CDOWBehWPUTUNDHdKAHYFCJ[EIKa@OVOlBdAdGbW`KAAtM^_DYNIPD^jRLBHRNHLZAH@hInWv[P_FUL_A_J_TNJDTKFKVJPDV^B`EbOCIZIXD\\RVIN@^gZGvCTI`ECTFNCJIZENDLOTKdAXBLMVBFKPD\\ECVXIRB^JpGnFXFRTJEPJNlI^PVFXApJh@\\AZIZDPGKdFLIMO`ab[GG`sAcgNKCYcLIMKaJWGOSKsHSbgheZ]zkdcPQJ]EOYIEWNGVAnLBWfQFJIRpbPNdPxA^BFDlHRANDZCRDzChIBE`OtSQfExGfA²KbB¢Ej@^It@LAVAKzE@StS]zOVAp@AIjMBJnBzAHRTCJLRFdH|TvNnpb`RPNj^\\NRZD¤^¶DD|HlFCLsGCoL¡L_FmADKCSHyDUJNRmVDPGVeLGLFZ\\nbpR^fjT\\brCTDNNNHdxhfRZH`DZH`bFPC`HjPVJPVhH^^NzVhLdVN@TJfZ~XfHZBTHzNF^FdDDC`A`BtBjFvPfNT@L²XhRZH²GPBTbNtH^LZnThNJPTJP@nVTPtdN^VbXD"],"encodeOffsets":[[1414,51267]]}},{"type":"Feature","properties":{"name":"Pays de la Loire"},"geometry":{"type":"MultiPolygon","coordinates":[["@@j@VHtALMNE\\ALK@iaJFOGM¬iNCjQT_@OKgJYSDOPSpY`g^_PgAUKSBkncNBRRXGPWP"],["@@\\BJNnG^IJKVDVENK\\MXS]EWFiSUPOCKHQAGNMB_PKNCR"],["@@JRALXHfVJIDWbITBTLXDbSFFXDVA^NCTBVRLJRF^`KfHNCCKOGjO`JjXjDJUSAFKPGTBNCXNB\\EXNR@`JDPOJRrKLFHIRBNdNB^CNSN\\fRDNCZALTCFXPTE`@TN`PRTTA@a`AXXNFRj@VLJLNB\\EZJXIjItEhTbGLIdDBPlJJC`BPEXXRJHZP\\BNPJ\\CZLCNRJRCVB\\NFElDRRbPHEzJFPKXQRFHjGXDPEbDdOZJXKJSAGZG@MVC|IN@xMQJbHJEPP^RCDPJJDZQPNJ\\@LNPFERID@XJFT@LLB\\NJJZGNNFCLD\\HLPHb@ZdLFpAhKLF^@^NZFL\\GRW\\LR@LMNJVPLgTQXAVIRBLITCXBZGTQA@PMdLb[RNTGPMLBLQVAfNJ@TV^rbHPRLUZI^JNOPVXSZKXWTDTIRDN\\PHfWVLPOFDXRHEJjBz]dMdJRA^VCPRLREVBZC@QdQ\\BJfKJUPK^MDc^JDNXCNB@[CK\\IDIbFZNPAZHALSBWTLNdELLPObJEJVLZBNUGGLS@QFM^R`LJ@j\\rEHNPGPBDNTHDNNH^HLVdOPFNERVV@VFRGJFVOd@PHLAAOTIV@JQVGPJMNLL\\@@Pb\\VI`ERD@UZBFTPTVBPRELaL`TCHLLPKdGRL^SFIZOhQ^ICOSBWKIIVWJCBSNKDOGOHQnMAHDb@DPhKDGOiAOLOI[JKIILOPARNZBFPNAVHJQP@HONArBXCJHQR^`^HbAVZGFJLPJPCNDfBLJULGPRBTMPAAXHHbGpXfAJFXAVFNPTKZAXFTQb@RQVINBVMBK^iDSSKNwDaF[JGOODOVUZOVNVMHOXEZDV@^OXN^S[SBERIVQ`GROCOTB`IALCTFNGDMLBMbPPZHZELKZ@HMAOPELQLIAIVINUZMFOjS`DKVE`SFI\\MbFLGpInSCYwECFwEDU[gQIeBBKbA^FFKOcQCBAUIWHUjMX@PHJIGKHIGOMIBQ[WNKDMTI@GPUDWSIgCIE@eKKV]KIaXALIL]GIKSEE]NcIO\\ODWMOIFcOOUDGOGY[OMYDSSVKHKQGmHSMaOgCIECSQMCMMBUIUOTMJeRCRPL@GUUCMOSGaAWCOO]C[GODaUgAKHaOGKHIMQQ@_CMLQFALYR[DCIUOISTQNCRWNGAOHKiUYHsLCJcVS@mFU@UJ@L]JME]@@_D]QMSGQQDEQcKEZIJMLHREMcBOUM]gG[SOH}UOOWYI`GCS^CBEgSSMUCH_QUWEQ@BMSYSGiuV@AMQGBMKEFQEIMALWAk[OMS^MG]QWOFSMc`kWUQo}BKKIDKZCEUKQQN_DOJ]AYGKQBQIOFIaISKQF@NULS@OI[J\\ZhRLNALUEiHOFKK[I[A]F[NkMKDWAKD]ESMqGKHOAIHmMUHQAAOGYOIQJWDWIiBUUQIIXPNTBRPQFgEIFSGOUIUEFMGGFULANQSGQDGU]ISUYMaI]J[GAF[BWJMQaBgUMPQLWFBQgBUXeIQIuCSMMHKOMEHOQCqPGKXEMKRQQCFIhANDPE@ITOLDT_J]]c^IdgZOHUTENKhETGHKp@DKRM]GIIBOSSBcLABOHGVENDHOIKDIfMRQXcoYnSXMJMMM@WSGBK\\FRAXIAETOQUCKVSFMYYLECOLGRFCYLSAQKMYJaQMYNC\\S@SMQXEH]PMQOCOcMEkTMQGHG\\IJNF\\FD`GZORANO`@XMOU__]IuNC][OeCCQDGUOQC_BqRWMOAOMDOgFMEUTUBKLQ@QLQ@KLCP]CSLMCOQHKGMWAQJYBIFOSQE]AoFkNj`NbDZO@QO]LQ]iAIJ[K@NaImQCJgiMELKcA[CcL@KOSoNmAeWUSCWKK_Lk^[SM@YFeRQRO\\QT_TWJBJYFSAKKiAUJ[BSM{DEDOnepQTUHQBaJMG[@NmBQLeDBPKJV_LGRM@eROJSFY\\MFYDIIOAUJSQdQlO^KfGP_RCP]NOLUXGTMJY`WVQD[CYXC\\|­raVKNE\\BbGhM^hNVARbVVn\\NLhX\\dETR\\@NN@FRfTZBbRavKNbUTGP·`_DQA]DqNGD[B[F]@KLSAUHfVFNzPlCLLPdBZFHGbE@ahTJFVAhP@IZU^KQDGUKMQKD]GIEDKMEaBYMGOIGmAOEu\\QBWPFFORcP_Hg@cGGKRQAE]AiJSPU@YHQBIJYFYHmHBPjHXG\\SLAVJEH]JG\\BVCVITOJENUPY@]TXNNAfXhVT@RTNARJLINDVETLKHaJVZUR"]],"encodeOffsets":[[[-2363,48154]],[[-2457,47848]],[[-2516,48587]]]}},{"type":"Feature","properties":{"name":"Provence-Alpes-Côte d'Azur"},"geometry":{"type":"MultiPolygon","coordinates":[["@@^LJHnLBKLIMIGMOA_FY@CJ"],["@@HLdRHTJ@RNFXCRRVjNN@RLJA\\XLOTAZSfEMGDYjCVS\\FXM]MCKYE]BKGBY[YHOYKSOGgMJwHQJkFIBRUX^\\aNS@"],["@@ZDjIMGqFCH"],["@@DTLJ\\BNHBLNTbDpJ@IMIY@_m[KQFKQKGML"],["@@LBVPGHHNVIIOG@YUKH"],["@@R@BJ^DHGZG\\HJPTCLFJXRQHWEKeCOIM@QQWBBHkRYDEF"],["@@D^CHT^@JfRZBrL`VR@APUZFLPQ`M^NBHhD\\LHP^ETHJJAJWDrVdC^LNVPNKPM@QG_BWTDLNRDN\\jJFjJDNCJFPNPVFzBRHVAVIvGTOXEVFXGDHIXKHGPA\\HTR^BL^`VTJtGVS\\XRXHBLOF[EDNKVPBPLR@~XRRCHdLh^@JTPXFPATHPLNV\\JPJIZFVLB\\GPBJVG`OH]DCZQRgZAZKHaHKJBRKD_GOIUHARY\\J\\@`RZEX@VJdaJANJRCJ[D_EILJXKVe\\ITBLHGPDZHHpM@@JVBARQRBPGDMTGLSC_BQRWA_DSZG^XrTDLVLdFJGlAVFPLfL\\P\\HdBdRpL`NNOFULKT@dGbPLFR^HNMIMAWMA[Q@UZCASDWWSJKZGRK\\@hMLD^GPDFdX@TE~[LMhDbKjV|YEKHQBSEG@_\\KhFPKPFLCASVGF]TEnAXCTBNN~RTdfCRHLLWNONFRLNTD\\AJH\\S@GVCZQOQ@OrElBL^iF_@ENPX@Jb@bFDHU`FbHLSLA^^VYTaGU@[T@TLHELUBMLERZVCNOC]BSCuBOFYKSFDTUBOPeMQKSNELW@G^MFiAOP\\HEJDNWpOBIR`RP@lMVMRJDHVDDPaHaL@TIRRNMTGZLJXCJM@`K^E\\SXFRIrK\\RRrPHbGXNSTyjSEEF_PHXR`NHDTRDBRRTAHVBHTMFEtXNbMXHNG^EJEPDNGdBGLfDKLNPTMbEP@HPJDDXzXFJETMFaDCJRDJTBRXVI\\FJVCNK\\GbBZCDJZLR@PKNJXL^GBXxVCREDiNKHXRJ@^N`AVFHRLL^DPQ`WZHBJpRHJRJNAdfHDrCJMRCRFTCLJZGpG`BPDJVLLbBLFbALONERQRIbHFFId@NLLFPGFFLBXEZD\\cLQ@MLARJFCLURDTNVIFWDmGQBkKQD\\EVNTBRNNLfnHIRG\\IJAXVHNPR@LLJCVSRIbArNXJDIPANMPEZkU[\\CdMRHfINFR@JOTEJDbDX@ANHJMTFRMN`fSbB`JDTZRZGvD^WEG\\cLGCQTGR@AWGMXWKKPMBQRDTABVGZCGILOAOWC\\UBIVMDWQ[SMVCGSGgXITBPILQVCXWpOXOZCTO\\@JEjAFG`PTZXEv]V@jGJEFYXCAWIGKUQSVIPOBQJSGOFQLWXSZGVC@IVeBQaAYFULYDKCaACF[EOIMKOBIKDKYYL]PQPEAMSFME@MGMOCKWBcOG[CDSoI[AMY[MEKNsHQVKAKbU\\IJ_VK^KFKKG@IUCIH_MQBDWFGGMFoCKMEAIbENIXEAOJUVGRONAPOI]PGP@BSTHZMHkCMHQPQRELDPEDKLAdLLEPLbGJMpILIpYZJLHJKTKVHLUTKBITGNMP@NNNMLUVGFKT@RMNHPAdDJEvDDOViV@tRXOTBTMLfVCPBRE\\LL@\\JDFZFTIXDPPREXDhL`EHFREb@ZfAN^HrEHDTGESOGCMPMIQOIP_TE~uHKEKAUU]EUS@YMEGSDGG@SRgMKAMMAGWQBEGy]YD]GcSNOKYQIHQAUWIWAWM_AEKUQC]HUPEFaPoNKJQ_IIO_IUWJQ[DWRUEIIaGCI_SGGNGKISCeFQGYHQM]IBGOMJKB]QIKdLJQTUODKEMYB@HSHmAUCUIQQ@YUMBEQOQFQNmCIDSGYSS]IWG]AQJII_ZMBGIMRAMU_BGFLLQXSHe@cMY_MA_MAN_JEEq@gG]MISQKGODK^CFISSDMcABMICIkEGeMMYGCiEGRMAAUDMOIULYDiKCDcMwbUEa]K[DKSQMYLOIGAQIUMGQFYQD]OKDWGMOeSaMAILUZCdDbNV@bKJF@PRFHGZOI_KAOKKBKGC_D]JIXMcIEDUOOCAWeUWFQ^SH{F[EYODOGMSFKGsUO@OHKCOHaKOIWJOG_D_KOIWCSaDOEIRIEaIFc@[HGLWRg@MF@JOBCH]BkOU@kFUCKIQAYQW]QkAOHiTCGKQ@YFCL[GOFSMWPDHX@\\CTLHTEZIXWJ_@WHQ@QGUAMEgC[HNVKNYJ[AOHWBKEUHMC[@UGR`UJ[QWAWFGOBKhBNEGOGAMUZERNXETDZOBGOKOJqKINQJU@kcEQKEWA_DOJIRgNAJPDF\\LHENFNELMDWEGHe@PJEJNFIPQDaIYD[@GVY@WEEPIBIPVJBNUPSC]JQLa@SCWMC]MGwVGBmhERFLcLSMmScTKEePQCKI]JGKoVM[B_LTfNB`\\DTYZAH_NRRAJTPBTKHCNMNBJOJCLeRIJYDaEcYYO{QQ@kHOEKFkKe@SFaAWBSASHKGi@MGWNEEaVINPROFKJANULGPKFEL\\LYNW@IRBLMNmFWHWCSGGMiONXIDKMS\\I@CVMTQEPOd}QOpKGiMIQJIIDI`KKIJQ^MLMTBRLXFPPHA«GKYFSIuTwNsFiBiAUC[@WCi@WFkFwJuR_VGRDHRHZDVJHJ@NIZSTWPyTJBaE[K[BWCGDgHF¯B©F"]],"encodeOffsets":[[[6522,44035]],[[4987,45410]],[[7201,44567]],[[6587,44043]],[[5413,44305]],[[6308,44034]],[[4332,44504]]]}},{"type":"Feature","properties":{"name":"Réunion"},"geometry":{"type":"Polygon","coordinates":["@@dfXC`NXTJNHd@NIZAJNT@dJJXKPAb@`JRNFLXLJNjXNLtNdCTJJC^SLC^A\\HbKdEJGT@PH^ELEZB|]dCZI^QFI\\[`oDW@qDYJUTER]NG@YJOjmHORMR]NGNBLEVSRCPKBOLMAKD]DEWK@]UWAMGIAOEQGeFSAIJUEIAeD]FIAKQWUKMO[GWFKIoCSIaC_DOCKOYB[KON[A[GOHEHSFEJ]IQHYB]RWDUHSLUBQCGPSAUHUZeDSJQPEN]Z]NcHmFMRDDKZQJBF[XIBQNAJIPAPKPDDJbCdBJKPQFCfKJUZBFQP]XSZANHfKRAP"],"encodeOffsets":[[56543,-21541]]}}],"UTF8Encoding":true}