{"type":"FeatureCollection","features":[{"type":"Feature","properties":{"name":"Aegean Sea Administration"},"geometry":{"type":"MultiPolygon","coordinates":[["@@`TXdZ@`IXJP@XJ^DRFbFZAGOQBGQDQkWKI[DW[KA][KBaIogUJ]@UbHPdX@HRN"],["@@WLNRTEHOQG"],["@@MLFtJTU\\W@KNYNNPWLGVJT^JBRZNJN`LRnQ@PpXP@PPVdXHVEJE`Jr@ZP^ZM^XP`j@J[C]SWQKGqNMAOHQAQOAMMM_MI@_OW_QGIKwNKYMBOPMdEHGCQVQ^I@_^SGQOKM@CMFWNKXH`MNWQSESQNi@[_[ES[MICWBSXCcWKAIPY\\SAYFGNeNPVj\\LPHVOH@\\"],["@@LJXESM@O`GII_O[QW@NXJdVR"],["@@fCaMWDTN"],["@@UJHNTIEM"],["@@SA@UQDe@KAYFe@}IITLTGJ`FZEHLRE`HHE^LV@dOH["],["@@KLRZhJRCB[eqMRLN@PYM"],["@@QPDHZAFKQI"],["@@QQQBENPFZC"],["@@OHKV\\C@Y"],["@@XFNVRH@dHLTFXCKSEePeAU@[K@ATUGWBQJIVON"],["@@]@DPREHI"],["@@ZEIUSRDJ"],["@@LFdUOKu@GNVPHA"],["@@@TZEYM"],["@@IKYCBZZ@HI"],["@@GLH`YL`LAwCK"],["@@BPXAIKOA"],["@@BZHFPUYI"],["@@QHSC@RKLDNEXDVJJn@PHrFVUVgJIO[OGISYF]C]H"],["@@NGJLZBAdbDJR^HFI_KHWPFNCjHVJBW_GDGhLHUC]GK_EBGbCBKWUVIGKYIOOQASHCR^@FREJYDcLaKFXPDHT[DEK]BWJDf"],["@@W\\KCG^DN`J^EFaIIGWIC"],["@@bPPGRWlDLOMMDUPKhBXYRFLG`NPXY`_DMIijEPBhbHCSLKN@dYfC^APNFZE\\OO]TkBMLWCQW_QGYBEIWBIMUFOKeRaAMQAWIeAEF}IOKIX@T\\^KPDNNJE^PNIPDR"],["@@\\H^AHIbGJMDeMAOOM@IJkJWlHR"],["@@RDXN^ZXAJOXMLPZSQGKa@[MISWiB[IOZ@TSJAhDH"],["@@eFKLHN^DCPLJjRJRZIGUTSCYWKKDMM_B"],["@@kTMRO@FZjTLYB]L["],["@@]FNPfEIOK@"],["@@WO]AoJOXMHEPBTSCoD]\\Q^tLVSfOXOHMTCXHLM^KCQZW"],["@@@PUZAPNN`CRF`KZQhK@QdBJTjVhQOpWNATU^JL\\BXEHIgBGdSRMH_[FMNgKBO[IiJU@IIOBOKUALaKOSDGGLQTET_WGWJ]MiPQ@Y^MfMBMRPL"],["@@SDAZXANFT\\LALWeAUa"],["@@JD\\TtFNENYMM_QGU[ESYQCGK[COKuUQJR`jlALJVLHVBXL"],["@@RONCLQOUJG^@LKPCRSdCVQJY]EM]PCEOHOMGLKE[QBMNOUY@EN_\\GTWHCJQF[^@RUDUGCN[TJLHVBVGXX\\RLRCLJZDLO"],["@@mVDZOLJH\\FRE`_GOUS"],["@@QHD`nGO[OC"],["@@POnON[xK]QSDUPmKUIg@YFQJSBSPALPL@JXHFR`TZEFMXA"],["@@sSDWUA]kKgBe\\DZMMOCSQEIMVYEE_JMAW\\MFeAccSWC_Wiwyc]YaOG]WMB[OOS[SyEMNGTQL_LBJQXCLMFPRjRtLCLD|E`OPY@cPQ@JhQNCN]CIHCPhRPAlLlfXALNR`RX@lLVNFH\\LH^CTPJBd^\\bLV^JHJdT`DTjZfJVJRNNBdPRL`LTfNFfGPBVJ\\fZ\\P[TIMc@QESLQPEKaSCUWQWCULOCMSYIAQSUeQiDKI_IMSG@KMUKuWB"],["@@WMiJQ@ELe^EXDNGLSDMG@K]@IWKDATgBP~E^jUb@PhZAHJNQJW^]BMNGDQSUJIRCFLRDFM\\SRbLCNOAMWS[E"],["@@DVERUPRTW`YEYHa@BZ`RMJCN[peNYn]LQCcDMMULMYQUSgWUJWR]FqBQLMEYJpRN@dK\\DNRJ^NLO^"],["@@FSOAGMHQCW]RS@AXZvPKXE"],["@@NIUK`[@]IKQHQCSN[FIZFRRQTJJ^ZB"],["@@KB@TPLLCEWIE"],["@@LC\\FTGBMOKOBaKcZPHJVNM"],["@@YFCRVBZNXDHMkSEI"],["@@DMSOBMISEOIKSXY@QICUZKBMZYDYTLNE`DNPLlTDTP@dXRC"],["@@[BBRXGBK"],["@@v\\DWM]RC^PJEXFNGL\\YFDRnDFYOKJUUSKSFSYYPUP@NQWCJSgiE_[GUMKSWCq]kJEL]DUVOIQD@LSJIRG`FPRJEZLVjVRB`\\aJHZj`hHXJ"],["@@kNKLDLh@VOBOKE"],["@@gFLN]DFPnCVLNKLHfKLOyCYJGU"],["@@KAEOPCG[SDB\\EHLVLBJM"],["@@KNBNKR[FMHR`h`FNbZ`TPAEQFSOaXGDSNEh@P_PKI]QB@L[QEOFQIICQOKDKUCK[UBM__SoQORPFDNKHFVLRN`dNW\\BTNH"],["@@QZVVbEVahKbLRSE]KBiM@hQ@UKYPS@EJ"],["@@ICMRLLNGAQ"],["@@bYNMRCBOKKYDMbSAM`RD"],["@@\\]VCJK[C@[ZKAUUAgJJRTD[POOIdHHEjJHB\\EJAhBPrUBNbDAOhKJ_^KCIYN{LAKQAA]KGQF"],["@@CNKBIRPNLAVUHZEJH\\CN]JBNILLRVBLJ`F\\IBgd]LRIlLJfADWX@\\GCQH@_GSWKoAGUSDMUgEMOYKS@KJSHMEIR[K"],["@@ED@ZTFHaCSWOFb"],["@@ZZGRYBIZYLCRNBNI`FXMKmPMTNJECcSCGPOU]@HL"],["@@eBAMSAQLAQ]HGTJDSTDPvEVETF^UAS"],["@@PZRpAHRlZTJ_JAEe]OKaKQHKIGCOKECSGKQHHvDF"],["@@hLj\\VHLBOMOTKHSLBhEPKK[@SXYBMZKnEFKªBrACKNIBOGIFMQKFIUG@QKGRSNJRSVGTYQMQcUaHIjNh@Da[YAUS[W[QCPUSUcZENi`HPQLGLI`]^UEk^E^iHD\\SPQHWED\\SLBRYZU\\S@WJeEIEQJM`SN@\\IPDdOJALHRTR"],["@@KDM`BP\\]CU"],["@@RFJGVBfPV@dK|CRBrEdLFN`GJIRDBMOEGWGELORBLQ\\HtEZICOomBMSIAMSOHSrMHIjOBMfGXW\\EAQXU^q\\OXA\\GMKEiPIVDAYNYZEUWLMbSDGbWHOX[F_CYKMgBGFeLQIgAG`QF@LLP_BCVLJVDAf[TYdYRa@SCgSEINUDQ`[tQxVKJKEORIC[NAocOFYASF{OoCgKGF]C]PgLBs`SFIJyTuLFeCUOEHiVIX_^KX]T_AKRZDRZXB^Q^RRA\\NBRfb`DFJ`CPPbFDP\\BnRVnINYRuP_B_IeJcQW@QGGQICBiKMQCK[[CQkBQYH]OG]_C{T[DTYEw@GRMLALSPkLQCQFMPUBKNGXkLEPZNGbJHB`SHBLTDLJGVPLPZXPPCVNLRRCAORGd@LIPDHNRFRO`@PP\\JNGXJxDVFPN\\BHLPBLKZDPPVDLJ`BZPDNURJXI^XF"],["@@C`HTFdL@PPF^RHZQXEPMbWBUMKWIS]SC_UYgMLIZCV"],["@@HPPSRLRBNRSH\\^dTBZf@FMPAVL@JTRrV@Q[OPSEKNaAM{WO]SGUQGYLcKCQLSCQYL_W@OOFWREUUJadWRYgMGWPM_CVc^HHBVQN]DSLW^GRVA\\NMTZTDVYLDJUJmC_[[IBIXI[K@Iou`GVI@[faBSuJQGMFuACPYDLPCLTLNfTADNOF[GKQ[@[ROCQOWEsDKMUAAPRDTVKJQBELXLELNdDXLXUXS@IJJRO`HLDVGR\\HhH\\CzNfTPMHUNAPJTBdJjCZNRBAQNANM\\AHKIMFQPQVAOOHMZC\\PAPRF"],["@@NQIEJUuDHRPXP@"],["@@GHYBGRgF[RUR@TYFMIKFETWHJXSDSGKDChUJMGKLNdXT~h`ENRZEHG\\NPVGLL^RB@RVBBRKZFDEdQJMXSHIVKHDp[fgRJi`QFKNSdEZYV@LZ\\NbrRtHCvJVJjBPNZIR@pUdHBOXSAGXaXHVM@QRCC\\ZE^PLMXCBaW[HgQWc@D[\\B@OREB]KEKcMWFQEMH]AaNMAwdWMMJSIMWEWSo]IMHuVOWUM_gCWByQISUUDaSU"],["@@PBEUQHESeDIL]B_RMRWR`F^MRFRGRObELG"],["@@IRebPJ`GPP`DFGXLJQRA^QB]MMDIKK@i[EIFoPKKMVLDFZUL"],["@@NYKIGU[LERaFKKMJNR`HTTZEHO"],["@@PDMRPROPNHRMAURKPH@NTBEfJTYLMZZ\\NAbU@OMKXGHWWgMMYC[QLO@KNWFkkRIdQHHLQR"],["@@P_GKMAMSMSMMAiMJVCTDVMB[GIdPHlpJPLGBbID@dPTOVQACTnAVK`@`_F]@iY_DK^DAKRK"],["@@zbPIb@bHbBRDVMdDHGdEdNr`LXRnVAPPXANDCa_GSmgcUWWQaYMSSiQcKiCMDeIgDoKea[_YIKB@wIS@KJFhdjZdPN"],["@@QRAPRRFMTHT@\\GHN~EDUPCGUFG^B`IPNRCNJNC`SNQZJ`ELJzMn_PH@U`ABSAaKQcgCSLOYCsSOB^ER_FEKeNFJA\\ONcBBNUAIRMEOVSLCJWBib[LKRQN"],["@@YU_CMLDPCRDXN`CR[BHnALZpPXL\\`HLGJLCLHPdFRNHORJhOVEPOBOTG@OO@@QQkQWGAU]KEMWo_SGIWYQ"],["@@RXjDHFTESqP[kFUCgJeDW@ALfDPC`V"],["@@nNGLBAfG^BRQpcfCXKXBdSfKLSPBHNYT@L_\\\\FRILFDPPFBYXMLBrGdHjBOOgOS@IYXIHOGShDVGA]]@iIWBOGeHYAg_cESDiK[KWOIOBc[OSA{FgAQBcXQfQTUPGTmNML@MSWWOoEQBM\\JRKV[bTV`XLT^LbA^HZ`dRbA|V"],["@@BLnGVBVGXOB[SWAMRC@SPI[UE\\OCAMJWEM_KMVF@VOAIKQHGOoEFP^\\SVFJZAIPBLTFARnZVEDL"],["@@VDrOPGDMQQWC@K`GPHHIC]`W^cIUYAiGUFOXZHLJHTS@SGYQS@ETDNTVFRUFiC@RqLIV^^^ICV`FDQ"],["@@kFGYMiKQKEOVSFWYIGKB_AODU]J@HWLQZSLM^NnMRJTTPNENHdHATRhpJPZLNR^\\JBPRbFvVp^|ZtCJfNt^H@LaNK^KhCTL^aD[YQ_MYAUGSO@K_KQAcKiSmqwiWAR"],["@@VUJAZSSXKKG]C]RIEoAaG_U]CQKOQWQWCQ[]MMO@Om[GUkOOBWEWFOIa]yDMHQ@WTEZ`C\\^PCLRlKRFZITNNGNNKTfHYJWFFZ`FDHlLxFhX`JLLtZCLgDHPTR^F^BJNXE"],["@@IJWEEJZHHPXBHLVJDKGKiSAQ"],["@@YAaTqIGVRL`@LNVLNAVONBHMNKDUIE_B"],["@@tF\\KKQUIEIRIMMk@ELY`QH@PrH@G"],["@@[VfZcJHPOF@\\MLAV\\G`W\\CRHNQTM^eREFSVS\\]BKQOWEKYKLMKGOYY]HETMVQlFHSR@N"],["@@OTXXXBZUa[WD"],["@@B^HHlMU\\@L]T]DEOYFNXcVSFQLRPNKZGNDtU^DPOTCfYWCAOTMtUjBT[PIUIHIS]E_TDZQIGcLaG_J]@EIFgwCcN[TDJ_BIJXLX^QP`l"],["@@X^@FZVdNFAXNTFRKH]`WXMBQVSCONCAQPWAKQWDSTO]ECgKSSBISeC[EWKOQEaBgGUIa_MJQKCMWKYDAPUJH~GLOB[N]HHP@PQ^UX@NNVIPibARUJCVjAXFLfx`RXtBVFh`@H"]],"encodeOffsets":[[[27521,36244]],[[27512,36281]],[[27764,36358]],[[30294,37030]],[[30204,37027]],[[25813,37114]],[[28289,37096]],[[28356,37133]],[[26451,37137]],[[28437,36747]],[[27040,36931]],[[27841,36721]],[[26309,37503]],[[27681,37474]],[[28512,37541]],[[27615,37373]],[[28542,37402]],[[26772,37404]],[[27720,37444]],[[27100,37404]],[[27804,37440]],[[28441,37488]],[[24824,37651]],[[24922,37621]],[[25201,37667]],[[25111,37707]],[[26051,37705]],[[26152,37737]],[[26533,37765]],[[25560,37481]],[[26904,37441]],[[27766,37531]],[[25725,37584]],[[25921,37668]],[[27324,37197]],[[26005,37268]],[[26413,37263]],[[28800,37056]],[[28081,37262]],[[26037,37281]],[[25965,37324]],[[26444,38025]],[[25561,37829]],[[25595,37858]],[[26918,37857]],[[25690,37937]],[[27746,37947]],[[25801,38026]],[[27565,37887]],[[27088,37880]],[[27748,38195]],[[24982,38289]],[[27360,38201]],[[27350,38256]],[[27361,38303]],[[27182,38223]],[[25920,38314]],[[25875,38287]],[[25828,38277]],[[27648,38353]],[[24686,38590]],[[25292,38881]],[[26921,39418]],[[26810,40321]],[[25573,40441]],[[25921,40918]],[[26131,39479]],[[26640,39067]],[[26895,39445]],[[26168,39496]],[[27088,38494]],[[27108,38477]],[[25561,38318]],[[26641,38484]],[[25583,38557]],[[24891,38436]],[[25294,38521]],[[27361,38714]],[[25064,38095]],[[27456,38087]],[[27720,37648]],[[26640,37821]],[[26187,37782]],[[26280,37761]],[[27785,37843]],[[25262,37859]],[[26211,37818]],[[27587,37891]],[[26081,38052]]]}},{"type":"Feature","properties":{"name":"Crete Administration"},"geometry":{"type":"MultiPolygon","coordinates":[["@@lIBo`IJEXlJBXfIb@nWS]AQN[\\WUK"],["@@`BVCuSSB_HAJZN\\K"],["@@PDTGFIWCQR"],["@@kBAH|HAQK@"],["@@WBAPPLP@FMKO"],["@@UPYJQI[LINRLPBFPTHp_GcDK"],["@@YVFLXMCS"],["@@QBHTTHjMMMOCUB"],["@@ASU@JRNB"],["@@JZIXFZXANK@UK]IIU@"],["@@iREROCcDRNKT]JSGKBWSQBSJUBgGiUMJHWE_ZYN]@yIMEUBOTcEQDKGWJWEa@UKuFWPEL_bWF}AMImEiVmNWEkR]FwAOQQIT[A_DSEWFSA[OiPMi@[HIG[VBRJDGT[J]@WNCPadHVbPRDBRQ@GLD^IJA\\XfNPMRDP^HPRAPFZSDIJAZRJBNXNH^ENUPNFKPFZLNANX\\GNHRMJFNRQDfNVNDFUOUJ[AKNOCYD_A]bOTB@KPOVCFtLFFFrJXIT@bGBWPRMTDJIPFjRNDTLFVdr_ZWUWAOJ]JKB]JgB¡\\MnId@ROtGGjBNDZM|GXJTIXFRJbEbPAVLPARPFVC`B@N_rNDHNb@HHdJ\\CdOfELE^mXsYaMeY@EQ}HYHiH[AUFQKMCCO~ObKVOhC\\DNO^S^G^@LXXCXTTF`cD_KMPWF[CUEICYLQBQ`GjGCZ@`VZC\\HNG`PtFNKZFPJJIV@|FJ\\JdDpPTJBJXFBH^NJLBPCNREHI\\BNEhF@SJIjJXENHPK\\BbHTABVX@NI^GXQbJfIXdLHfUTPdCA[TMZBFGMaHkNY`KhCzDpH^@FHdC`@NUJC|DRGVDfAVFÎDzFXGPa^UXCTWnCzFhH`RZBdXXDLGTBfZHA¶X\\HVMZGVAbHZBHGZFRGPJNADMKUYQsSFUK[EaZIEIBULQMQcIAQPQMGPKKKKWBOV[PGGaTKRARJbQ\\ALMNDdKZVXfJALdRHHMRLP@PVTHGP\\FHEXChB\\HN^TDFKrHRPCL\\RPRTBLKN@VJVSLDVE`HRJNGKWIEVQdInD\\J^`ILfJNVP@VTEb\\LCNZD@MbNtLWJRfdLTB@WSCJQeOCWaEMIBWToFQS[V]nO^XDc[SYDWKDYIEBSNIG[@WUWMERQ{}CQSW]CGQaGCOKASF]I[A[WQ@aGcJHLUZaDiEc@IISP_A@JYXWF_OUA]HaCGEcCQSIWBEISaEgD_PUFOM{ReD_CWOcDOC}BWD[GKIaCYOmDeO£REECsT]D[EOKaCSKODWEeJUCKMGQ]GQIsMUB]MQ@ONcF}GiGN_CQHmDYO[BAM]HgBaE@KUBENcAYCCGaL[EMJL[BwGSOwK]Da@UEFXTFL^AGBD`ZH@^MOjkb[@eLQEYFSCUDMEcFMASFcEODKLaAMXKBWXKRQL[D}RQIW@_N"]],"encodeOffsets":[[[24701,35637]],[[26324,35713]],[[26964,36123]],[[26807,36172]],[[26812,36189]],[[25847,36278]],[[24585,35758]],[[26760,35772]],[[26485,36038]],[[26354,36104]],[[25028,36000]]]}},{"type":"Feature","properties":{"name":"Decentralized Administration of Attica"},"geometry":{"type":"MultiPolygon","coordinates":[["@@OZ]L_\\QdWPAZ]LBdCLOTsDwEG"],["@@VKJMZELKZGtaTWPGZWVCD_Y]aP]GIIQyBeFGAYFOGacLKLeICNe@QN{HON@PMFMZSJC`FP_dHLfPCXKLCXJDFbIV_XSHL\\LLJ`ZTARHJFZwL@LWEIFQPM"],["@@[LVHFS"],["@@OFIbZS@S"],["@@O@[XPJ`YCG"],["@@TOMGBKQWUFQGODITe\\BNULEJTHRIFN~QLKVG"],["@@PGZCPKP]SAULKVWLDJ"],["@@C\\\\B@W^EHWPJVUUSiMMHS@GHUAHUSDBTS@c`bD|R"],["@@BRVVXTLRBZN[We@wNiCET[GU@MJFZSV_GaHFL_DKE_TUDKRs@cFWhNdNLNAJZIRRFNLdOxOfQJ_bObCRUPI\\BTFbRTPKJIZBLOJUVKRaXS@AL`L@LXBVNj@hHdKDKTWBIOU@SUKQQDOEQ[K^W\\IBG^G@KYK_ALURDhIZ@r[RCRMAIrSdWG[BWgOeAaMgCcA"],["@@VINMKeQ]@IEHUMGGMCWOCIQ@[GUMIPaCGHLXnRdJbPRP`PzLdR`@VCZLPA"],["@@IBMPWLNPRGbHDH^C@ONANRVFNKKUsQsC"],["@@QGBKdCNGUKI[TQYE@SQFMM@OOGKN[CKIAMYCCIgQSFBJaReDFZIDVhlDhG`@TbjnoC]SSAeNII[HXL`BPTYBkJDJdDZENIfFHJORPNfBjKn[I]"],["@@QGELFNXAEO"],["@@YLLHNS"],["@@IPTDIS"],["@@[@MHBLdHPYKA"],["@@[DIVJTX`LDfENGFW_OM@S["],["@@ALPJLMYG"],["@@_@GKNSYOOWCSLMOKOBQSCYRGP^HCXMVkNINEXUdZHTC`NrFdERFPEzB^GNIQQAS"],["@@MbSJ_@[LeLOVNdZLU^JjENdJNAhRXDJTLJV@RLZHBbSROEUHU@DRIJ`HhDZADPqVcFiBSGMBkABJN@PXJ`AZDVPhKfBXEZDPNAdDXIP@N\\b\\@@TVFLGjDRCTFRL^E@WISBQ[EOKL]dBXM`FPC^D^OJSDYIKDQlO^@TERO@U\\@xF`LNZjDNNlL@lVRKPL|MBJlCVTZFVdLKZLPdBLRDRNGhAVLHObBfJTIHQLGV@RLv_ZAVGXBXQ\\IZH`ERKhENEjipcRIjebKDO\\OVA@QQ@MQNSVEGKSK@OKOg@UGcQeYOYBUJUXaC[LQEQjeLSCKLK[OKIG]DMRkY[vI\\[CWUG]DC]TOPCHLPBDMKIdMUgRQUMVKPACQVAVODaGGOkLI_MUU@K\\[EMDKKMZSKMSAIKUGQMEOULOEWLSDSGOPQAsNFTIxTTILqQKFMZE@VWPoh_HOTM@UGSTUCMgUCK`WBBd[VINSDRN]VKNMZMNFP_ZgZGXUDUMODOSUAQPQ\\OBHTMFOSONHIdbPDX\\EZZ@h[RMNSDAOUDGKS@]RIBQMUBQWkAsIEMUI_S@QUK]@FQ[GeDGF@UMkDYJAoMm]eE"]],"encodeOffsets":[[[23887,36683]],[[23540,37193]],[[24467,37721]],[[24031,37793]],[[23735,38109]],[[23717,38160]],[[24481,38389]],[[24037,38436]],[[23987,38310]],[[24121,38267]],[[23866,38216]],[[24100,38880]],[[24337,38674]],[[23808,38713]],[[23817,38724]],[[24533,38548]],[[23902,38578]],[[23815,38603]],[[24121,38652]],[[23736,38863]]]}},{"type":"Feature","properties":{"name":"Decentralized Administration of Thessaly - Central Greece"},"geometry":{"type":"MultiPolygon","coordinates":[["@@U@GHZVRIVC@Oc@"],["@@DNVMTCCOaKSHCLPL"],["@@YNFTTRBJ`REWUSDGI["],["@@GVOPYDUIMSJOUASHBR_FKLBRXJhBLJCRBjSLaQS^SGIHOMERSJU@MbKBMMQ\\OIcBAJ^XRbJ@NPIZQJGVPTNXLBLRbB\\MLURA^WhKZONKRGEMOICWNiOKpIDK^YPDNKRCRMt]JYVIH[QGHKIMOC_O[BKHSM]L"],["@@_JGJJLJ\\RXZFhOHY@QKE@QYAUJKM"],["@@QDKLDbVDLE@_GO"],["@@Z\\`FWYaG"],["@@MHPbZ\\ZFD[\\@NKIeBiOOKAWOSPWFV^EJ]IHZJ@"],["@@YJR\\ERLTTKQ"],["@@XVFRCZ\\TXcCYMQgOUABL"],["@@BJIXXXPEBSK[XUGMkCXXQL"],["@@OPXLG["],["@@TMlOVOVDJIvQHQKIbWJVpCbBNSMWcggE[[WAYF@POHcBMC[FOZBPIJHTY`_TCRQTKDQfUTAN\\PVIDShI@OJI"],["@@E\\TDPR^CfKDMVAReK]O@QJGKWDekHUYDMV[EYBUTYGC\\XVNCRLL@dNHH"],["@@OFKR\\CNYZNrLCJSEMBWXHScLWKUYQKJWB"],["@@VLA^\\VnNU@Q^BVMKUKUQMIS@WMSSIUAOWGJc]GU_KIRMFQEATPNXB\\TZHFVMDJPCN\\jLBZR"],["@@FO_FMZPBVEBK"],["@@B\\hGYSO@"],["@@HVPUQMEN"],["@@KPO`XE`HGUQ@A["],["@@HPKLVTFaWM"],["@@TE`C`HVFfCVGPDTK\\ENITBXCJIpSIGUAcaEgH_NOhYJIkla`K__]M]cH_AWKOFQKKHMP@VOH]gDK]XOdGPaIKBYQGBMNCFMhUEWNIBKRBJMCg@aJGWQBSLCf{NFLKX@DQbG\\JHSIQPOT@PKRD\\PPA\\F@MLKdGJKPAXHFI\\CRFVCNJl@JGhBZEVBz`PMY{BIMK@UNMIYHSNEBMISBMIoYSAUS[BM_G]SAKaS_@aJ@TQp_`aJQHUBqQKSASTYO@CYUFCJWJIPQA]fA^OHYBM\\`TMjKPOF[GDRQT[BGLQCQJOODNRCNDTNJMNOCQDSECLJVlTLVGf_REhIRMBcVIG_BOY[HTZXVBRfhGTQF]QGWOSOAGVDH]^DFhHGHLPQDDXeXQGeF]AoFENHJj@VH@TMLE^RN]fWM_DQPiDOK[GKGcDMG@QNUCYReJaDMCa_eJOCcJOLYCWTgB]FOIUDGQKEQFKCQPDJW`OB@bSR[AKOEbJLVNRITHHPGHHZNLKPBbKFFT]VOPIXODkAYTeCYEcXQ`OzUJ]TaBStUTaPWBWHWXSHY\\I@U\\KHYjYBKJiEGV[HWZYLK@OXeXENQH]D[NwRU@UOsEUEeTmPQtGDCsR_SHMXDVGJDVQD[}YCEBeAUHWAeMODgOSBHVAPHRTLHXZEVHBJp@RNTBjTRXP`CBN^FVP@R^NjIZFJN@XLXAXv\\XX`CPHhGLErBRR`PVFbA\\T~NfALGZe\\IxGBUMUFUVYPEfCBGdBF_Q_DcL[NKAKN_ZaZYjKbORADYVB@IVMRBfQTMHHTGKOPUVF\\GXQXENLI^VhCV_ZUBMRAJKGIRUTCLKTFM\\SlGROfB\\JRGdC\\K"],["@@`BbANR@fMX[[EQISWDSfDEo`gjPDPdhJdf^Z@dRRQv_BMOMD_ZTXGKUDQGcIG@MSKEW\\EDWXGLUjTT]jLTU^IPMjMNBLIQQJMNAAkmVLhCRHTEfJXVRJhG`MDUXEPVOXOJ^I|_LKL[MYDY\\mJWNQTClQ\\]^OLSROvUZIPsLPo\\NgFcNU@QLWJGTkPMHOLA`Kvc`DVQDS^KlBNMVGHKlSdmL]PUNGXY\\Q@E`aRA\\YH[RMDS\\OX]lM\\aNG@eVMGYZ]naCMJOXKB]VW@KPKMaUKBIUK@GkSSBUESDm[m@OFWOCIhIKKcGYD[AYICMQH_@MM]EcFoGEPeFFXNFJrFJVRXARJLSPGDSOE@OOAMSFQZDFH|b\\CFP^CJJILJHE^\\ARM\\@@TVjI\\kXQ^ANS\\LRS`KBCVYNQVSDSJCPeJoDKFgGKHwBKJGfOBWVkEUDGJWJUEGS^EW[MUPGFKTQSM{CUIgJQKQDSMSDOMSBOm@aHQJmPaV_PMAWPG`XDVV\\NACQDYZDNOHcCWTeTGPFIR|AFUNEJUCQNWVG@QKUDWYEAK_B@YGSXGFNvJnVJLlJ^AHGMYuGMEWeBEKaYM@]IS[FAJYAUKEQ]NGKROoWUHOE]JSCgHaaAWMQcGSDEK_IUHiWWHeBY\\QCMOkJECaZOViDKL]Ck[EA]SE_ULCpRNCIQUQFWPHTCHQV@TNPWRDTVPHZMTJNETN`DPPXcPMTBpqPSXU`EJJ`@JCfRZajWFKRANLNR\\PrKZ_|SzBfFPA\\P\\[VaNEFOKQ@[J_RIbsNKH[REZTLCLXJDh@JE^NRAHN[RSHGNJhWZWx[\\N`AbKXAPGbcF_c[_CKS]Wn@LGFSTGB[NITNfG^QYK}COO@QZGZZElDJUTAnFRCZB\\YrCVITL@LXRBPbCPIPU`[PCCY[BIIAWRBhKCMN_VAhQK]HaRGBQ`]TATS^@CQKQcAKOLYcKEUSYDUIkNAK{LOUQ@kkKMMiCMY_KwE[@@VQPSF]@kPCRJLCZIT]P]COD_EWNcAK^PL\\FARJT@X]FQKSEQDiCKHUE@S[@[a@MJOCWBcOMYCWFeAgLUOYC_BWIOM@TLPRgX@N_J}yKOODILWAWDEJbHDRiRMRG}HKCOLSEWDM[FIV@LRP@^KHSUEIIS@WPoI@TG\\KXB\\S@BKUKGNODQiJQGUP[BOPO@DRf^^HANWL_DIHWAETyN}\\Y`BVRNG\\IRm\\WCUMIO`ABUUQ[HAROCSQQDM}VEDQYKFSEQ_MY@SNFLKHSd]PILHNbBCPSR[PCTQZi\\cbEPUReE]N@VOAULDcLCHg[@YGUYDMRMZAJ]eA@OTQQEISUAUJCPMHuIWFYRMY@K_HUJW^KBQSOPka_KK_IAWVOXQNEM[HAXQ@EPo@ONM@SLYF[ZkCMDaKMFIPc@OHyFOAkmKCSSaGqTDJhnHP@`L^GhVVT@jP\\VjHT@LJvXShHJBfRHD^TZwZgFAJRXhNR@CT_VD`MPRRDLSPXHG\\hV^FBJEZSVepmKUP_NCODYAieKSMgKyZWIeLOABUGaOMAQQQQBQGUAIKO@ANJNGLJPWZ_GOG«IEP[JwCSLJ{ZBXQ\\BfITKFATPDVZ@NIPHHJZbCzHBU\\dHXOLQEWToDYHYEIJwCkBDJSNDJCZK\\@PNFD\\RNOPYAUPSJeBYNYHELUPWHGG_FKLBZTLJPXNdDOLHHCXPNDTTP@NWH]VETSRFLGNF\\]DSPCNaTKR@TLVJ@JVb\\\\DLRVJP^TLD\\EFYDEJJZOPOHBLMJM`qHSEQHkGcDjJbIFCXQVMBYXQ@URQV[XKTjN@dgE]LV`XJAXOjB`[OAkH@`FXGJQDib@^VBTJFR\\FFZLF`K\\L^Q^@DOZKRDHXMFAZYTO@PnKTE`HJEdJHPGVDCLRTRbC\\VH\\ClPJLP@Bi^aRBVLZBFIVALT\\@fRILP\\SBGJ`XLPVGLJ`HVAVUVN\\E\\NRI^GVIdDLNtk\\IT@PJV@VQVCFK^CdJ\\\\\\EVMBQhBfITI\\RDbErA^M\\BZGJ\\KZC`UZRXAVidaFFPNB`NTNDXHFhAXN`hDhXNlNDLGRTLfBBZXVhXPP^TVdZPDJONIRJTTN^[NFAXQV"]],"encodeOffsets":[[[25200,39680]],[[24935,39775]],[[25080,39730]],[[25200,39701]],[[24831,38887]],[[24876,38923]],[[23620,40091]],[[24628,40276]],[[24909,40276]],[[24726,40320]],[[24683,40013]],[[24557,40044]],[[24208,40120]],[[24008,40125]],[[24527,40110]],[[24480,40171]],[[22610,39288]],[[23657,39562]],[[23646,39601]],[[24744,39074]],[[24676,39131]],[[24506,39595]],[[22646,41155]]]}},{"type":"Feature","properties":{"name":"Epirus - Western Macedonia Administration"},"geometry":{"type":"Polygon","coordinates":["@@PIRanGFMmUKQYGcQ]A_IOMGJFR_DYIRcX[VML[KMLYQQbUjJjEJK_u|aHIBePM\\BJRLDXYlSfCNEBSEicSDSIMJKDWGWvaDUkUH]XQTWPELmEQtM`B`G\\]^A`aSGHKTAXFvHjS^CI[BOScBUJIZE\\]NChHFOkWI]NO`KTUjB^UCMUU@OSaG_oQSOgISOCMVORUBWME]\\SMISJQPMCIYOUc]SOOgWWUAYeASKHQCKkMWMCg_gWMgBGECWSM_MMAEObEjcBUQWVYD_LYI[YH[A]NqBaFQC[SJeJgAARUN[F[[cI]DELUDURU@OIS@[JslKMcCUJ]HQJ[M[FUMUVUB_GKIUHKO_WHITAO[JKeQ[@KSUBEJYAUKQA]bAjO@IKkO[DUGD[QaQSDKUCOHIGFcGIF_LSOmP@ZSBYNEGWQCYLCP]@]R[K_LKEEY[EEQSIUA@]jaRCHIEW@_lGPB\\A_PiBWWIU_^KhF@ciMLS\\WRUVQR@ZWNARUDWJEIaidClHRGTFrGN_NIAKPGPOIYFIZCFEC[SKO]UIKQ[Ca[IUI@KU@SLQbSDM_EgO[EB]wYOMgSoRSL_AWOsXGOmDYKgDq^YkMfuFOaD]IEOYN@QeUe@OOKJWB]KWVITQBq[SYOAUbaPc@MEJG\\OTcFQE]aQEOOGUAYJMVMPBnYPQ\\AT[SISLUB_VWCWDICC]DIYKeLKXcxERZPF`G`]jebaZ]PKEib_Lqn{kfUPcNMNQAURHLMfJJK^PTONKACQSDUTSC@K_FqRSGk@mFITUJOPiXOP@VKZLPSJCNLTOHITsNY^E^WXdJlCdBFPcNpUHRTVCjUN^CR]RYFeIYFcDabYBEHFTRJ@VJFFZ[AORpPVNLXGRKBSR_J[CGNQHaXM@MOOJAX[DYNGLGSDETjRBM~EZSTDXYVEXOZGbBlMV@PG|BRHS^TPDZdGJKXGCZFXPFVZ\\DNJNRTD@LaVCNOFEVTPJNENYZCJTJLNXOIj_\\GPFrxDZGNJJMJkrM\\BNOFUXALUH_VPlGPmjMbfFILH`JDdZVLRIT@Ntb\\L`BXSb@\\VHNexFpLhXFJ\\HhA\\JNJFTI\\P^RPBLQHQPBRJTEL\\L`H\\bHRIHDtOFOVN^d\\BTNL`FTNKRLXPJJTZJDnI`L\\GJAVbRRBVV^ZA`OJRQ^IpNCHNVRJ@RIRHXdAJNV\\LZEVH@PJNMfLFDREXXDIdJ[`MVW^md]LGJBhCJWBUTbTP\\IºŜAXB^@\\FVNPRPAhRVB|SRYLA^NBTH~NNJªpApSvLIdqZMFSDNXL@XPTDFL^JnAA\\GFJRVRDLnFZIXOb@TIRFd@JF"],"encodeOffsets":[[22312,41914]]}},{"type":"Feature","properties":{"name":"Macedonia - Thrace Administration"},"geometry":{"type":"MultiPolygon","coordinates":[["@@p`PATP`azOdHdEGQXYVCFM|KFKkGI[FQ\\EReiYDYLSDoVGKK@QMAINQAWW_CQFISgFIMiOAOmMO^UASLCPejQLYFC_GG^YDCvFPX`AVRV@L\\bTPHR@ZFF^GTJX^TB"],["@@Y@afeN]H]ZaVgTG^XAXXbV~T^@hJjAhKbBrSZ@t[laAQIeFYQAgSwG]MgGOG_AWF"],["@@kVuTaHi@SC]OqASHoE\\fRfCTORSPEXcfAVSRSBSLIl\\nDPK`HLL|C\\TEZUF]JWTWTInAJK`MdmJCFWN[NM\\ercTKtS¼i¢[dC`ON_N@B_JQPGZC`JdIHYcA_MaF]NcCc@HcFWRqF_RYF"],["@@OJUBAd`KHc"],["@@gXXLP@VLP]BUXACO{V"],["@@BJ^RBPGJ@d^VZ@RLNhXVFCX^AdVIZKLPdALRDZTjRTJTV~AHFpFTLPRN@ZRZIAMRMR@`GbUjJLVNFR\\nLX@TRVK\\C`FfEBMtKLG`AJIDel\\^ETL`KNLRAEO\\Sb@rDZCÎVpB\\Y\\AzbddNTAPPXfJR[jeTUvH`lL¸NKVRTDPOJCLPdXJdHHN^NLOVAJtBTE`FVEPDbItERFjIf@LFVAY|EVH~A`FdGRHT@lTVfI^LTZL\\B`\\PHrDbEdZJRT`FpfZBJEjROzF`FPCFQ^OvHbOlMrBPL@X\\LZVbKnD|AfINIZdRJ@LVZnAzPLL^AJH\\EdRLpfWDMPCDURA\\U`DFLpTLRPAHSVDDKTBLNhXIXKPB\\GbFNZHBVtRJMTG^DRMTHVE@I\\MCOTCXNCNLXZJJL\\GRPHRfT`IKQbMb]O[NWZDDH`FJLXC^QVRRVxDBMlGPFTOZNCT^^ZHjBZTZE@KRCTMMUbmG_TSHanOHUEQBMV[VETP\\ANH^EGW^CNNZM^FZIRALI@[\\aZGAIRMfI`[ZRC`P`C^ZCh@TMh@FL^Td@TUfUNDrWKbKPFnOFO`[TBVILN`BCOTWZ@RKLBlUCIVOfELQPGH]PSEKPE\\B`E`OZRh@TGVBLN^DTThGTXCDVVBTJbDNLzCXCVOLH\\~^R^AbUdGfBTLjHNKhGVGNQTABVJ\\pFHGVFPNNKTFRVPFPZOVEPSf@G[`SxJbLLLr@bE`RP@LZPJ|LVGdFTEXF`PLGRFVAJ\\ALRDhIXPJPT\\HHRa`iXCZbLDVX`ClI\\cAYBFETQP@^]FEMYF[AGbSAUTKVJTEXKJPT@PdVbGXBFVJLhHtZPBPShIZCZPNA`_xSnGbBPHVBZGlCNKBMTKpOrCHJTCNQbKfHHA@YIKWv@@YFaUSNKESNSMcTcHeOU`cBcEWDSbMBaJcOY[yYaDSV_NeKQBMUYDMUCWIEeCA]GIY@YEMM_SGMcKSFuESTmKIU@MJSPOMKGaHQ[IESR[`MJQEIYIDQUEQIHOfFVKIQ[OOQL]\\]CSZCJQfMFKOc]UaBCUp_HQLKCK{@w_OJMCAMdkWS]BgbGOAaGIcNQGFQCS]BEeXAHWWEBG_EqWGKOB__@KWSGMD_EYuKQAaQWDsBQPTNINJPAbSPEVMJK\\UEILwfeNLaI]F_GWHLkCgBGFKFÇZEAJSKaKPQLYD@LUJTOJaF¹RKJYj_JsHYBYEOOS@OG@MUBANKHJKBqB_CUTSFqHENLZLBF\\KNyPsBwOUM]]w]MiQU[A[F}MUgUkci[ieMQQBaPqJ}MaC[`_LaBcKOKUHgvk^epUj]L{DKKQoFaCCKQGqACUMAU]MBQQQF_SIWMDKKBWfMS_WNQOB_POsMemY[MO@eSm]McCeO{MIDaCXU@­`OHeH]LMJsZuT}OwOMAgYg@SKgoa}IiDSjE\\MXCNYPQXIDKVS@[HONAXWb@DOX]@ZIZF@OLKjOCISKYG[AyDmEMSEeDaRgNWRAFSdepc\\AvWj@jGlHZCF[GQLQH_O_SAONSDal{\\_J]B_IULaHSAiIoSoe_TO@qPMKOYYAYuBQEYFOZk\\QDMXWRHHSXCEMJWZY`GXFHHRGNQÂ[VOfCfgbGfOP@HSXGGUOCCSFW`OVYSQYEHUVBPENJPkCQWUY@S]XY_GYANOPBTK_MaFgUOFELYBI\\W@E`HNWVeBGT]XgNUMUNAdWP]`HJDfgPFTCT_`UFOPMBQr[\\[XUCQ`WT[RHGUFULYFYCcNQNQFINHGFcHUNwHYI}uWUS[M]@WSAGjMRcVSB{VeB_NoBYVYHqBKDc`ePeFGHoJaPoPDROZcRIRUJiBMPgFkCiKZjKXKFQd_LELDNGZUX_J[BIP@fXLjA^If@xHlLbNBNTA`XJNDTWPQFQR[PANVNHxINeT]DgJcM_U]HYUPIbAAgEGcS[GwYkLWDg[UDS]COEIbyCgIMONeRKSQuQYPGQSFQCO[TKVWAcJKD[LKBWVS[IYUSekYg_yGYMcE_J]suU_KYC]\\NQAiFgFI\\]JgHOh[^MNIvUPIPWOUWFCV_NgHQIWUeISFQGgDUKnBlMBINRRKJMAiNON]JSViKS^iSKVWHCX[FFXTL@NJHHdCRLVWHYSC`PNANu`QRcQY@e]IccgCOiO_hFpeCCTTXRJ\\FW\\eNQ@MaB_AUPDNTPhJTPpRH`Tb@PVVDN]ViASV_LMPJ^lXEPgGMD[^YFIJAVTdAPJ\\]DiTuGWESBGLTH_b]B[^_H_AsNFRKnOFSXWRG^lVCVubHXCXILJNCTdTFjATMFeDkTWZKCIQ[AONAfGJ{b`vILiFiIaVRRKZLNK\\UNW\\QdZJ`CEQHIPN`J^BdRZHLRnVENmHQbOJ"]],"encodeOffsets":[[[25201,41758]],[[26186,41366]],[[24092,40905]],[[24361,41166]],[[24480,41287]],[[22312,41914]]]}},{"type":"Feature","properties":{"name":"Peloponnese, West Greece and Ionian Sea Administration"},"geometry":{"type":"MultiPolygon","coordinates":[["@@`LFGYQKN"],["@@@V\\DRE@IcCIE"],["@@MLFHdLBU]I"],["@@HKHoIKVMUEWTkCaYKJ@\\NPRBRZTJfJ"],["@@WHOTM@ENRbOPALMKIK_Di"],["@@IJATNNIbFRHBHTPK`GSIH]iMLWSS"],["@@KJA\\KZDR\\yEW"],["@@MLQFgjAPLNYBUJ@TPNCLU@_HWV_bLZKXKFNRFpVVJRjDJVFPLVWCcPQAKXYLHF_LMj[ZIXNZEXIZArWPAbQV@lWGQG_NMrUXCT_`QtOCOJEISWA[X[DmRONkAqOWOO[YQIaPCLOPKBQ[GYOKJS@WHE`cLilIBO^WDCJUC"],["@@eLAPRAVO@I"],["@@GJQEGJVLLY"],["@@EW[NLjVBLOKQ"],["@@YHDl^XhtA_MSYQG[KGNU"],["@@APV`VjXNXJ^RR^FLTDV\\dTHhGVh~IKUFOLKCKTQMQBcFUKKDOZa@QGOieEUMG@UPELXEVTDLkGOQKXeB_USMFM\\OMB[OE@M]KSBIP][AKNSOEKLEXBL_GUf@XUHYeK]OYKCEOUWGJJTOPNJP|DxCp"],["@@XCTBPJbC@MQUcOKSyI_QNKWaUFBfLXTNBPRZPNXD"],["@@DNVMPQAYUK_GILQGKcUHO\\JLA\\FLnQANbL"],["@@IBUT[P\\L\\Y\\OWG"],["@@JSjUIObMBOMGiJ[DFJSD_TCVUVBbR@z]"],["@@`iHUHIPiX_L]DWLkA[XoVOX@L[jCvMT@NNTGPWREXUTaV}R@TZ@XIRSRCVHTYCKFQCwNB\\HTLJQVcNCP]j\\ppbZDXAZKpJTJZI`HVMRAfNdZ`XvKHWTOjO\\JNSZGFPTQBSQMI[MGOWoQgAYGYS[CM[NKIQRKJ[SALWLDRQ^IR@HIhGVBJEKOJO@WWKGZODASRGH[IWFcJ[LOBsLeNWlKVKj@VETiXGVDvV\\\\H]fkHeR[^WGIEUKEWL]AaT"],["@@glX@^_MK"],["@@]VGXPVnQjPFKSUKYgE"],["@@[DIZNR`OFKMS"],["@@QIGZ_TeDIJAVX^DTNV@\\GVFX`CLFBRPF@tLNLlBfbKBRZNTDHsLOREZB@KLOZDNTP@JL\\TDNRC\\`E`H\\QtFZKP@NJLDRMbJH^ALDXQZg@K\\PIJSCINUCGRyHeI[aKQOZOJcPQPYVCXJVVBRRJNGQ_P@TJRK@OVaDSliPSXWPULEF[TSPEN[hWFKGSMOGW@SGQUOQNUJYCOKuHgJYZYPgL[\\iNkASQ[ESMAKU@aVQDaCGPkVP^U`WPNF@RYjTFVSJURORHGJWHFRU`MFQtKHIVE\\KHA^[HQEMYTU@]R]AÃsAQI]A"],["@@]PINFVK^OHK\\CPKNCZUT@HSXGPHXNB`WL@LV@VITTHTQVGMSDYMAEM`IfACQZQEOQGHKKISoOMEeRAXR`KBLSNHPXMLJX@PYCOPUOIJaCGjM]MKKaGGISD_TUhCb"],["@@FMIiV]YKMcPUfK\\K`@TINaYEQKek}I]AEFcKa@ALKHUGaBMJOUP[QW[ICKLO@MN[XKbJPGLFZGHG^DhL`B@MXDbSNWTEh[CiHMiUUOUAQBWGDSTUCQX@hY\\FHGEQk{dkCYUaVUZIlUMKQEJQIYMBMKMcXgdEt@LQVC`SLF`CEKbG`HTUEYNIV@\\HFSjDxMf@\\XMAYKQWSUUAQ_OqPFQCKM_GAG[G[HENSDQMCKUUiACUPQTNNa`FXQUIY@OH{CYGQ@UKG[REXYA[eFKQkXQ@@NQLZLPNWJEQUEWJAZLR]R]DUCaB@LNHAVQjZCTGVH\\VBREVZIRMXLYLFJAZMBCTLUEQBSGQDKLNNS`aEWQSEOZMLG`O^IFFBNQPOI{D{OOUQNwPF`QD]dDV]\\cFgIoWQWNmZeBYS[@QHOZYJ_AQTMNQNAW[O_PO\\@LWFCZ]FSNQXEAQHYPSNYJ]rWQKL[PE\\ULWNmPAHgMA@QMu@_HOTOVGPBHR\\E`BDOKSPEBMNI\\CEWO@EWPAJQPELWJEHUQANWDqODKUJM\\DGWZYOITaV]LeAK\\eEYVYFKXGJURBDQIKN]PG@QXIAGiMGE@aLKIQcJGTKDUEAYWHOKGUFOVKIQPOAWQKIYJ[D_\\QDSTCH]\\Yid@NSBQdG]SJWAIQIEQ`UbALMAWRBhONQI_MF[@uHSEAKQIeLELmDIRY\\OTNNCP@\\URm^_FuOoAALS^@LORYLPXOVQHCL[NUHOJQ@ALQNNXB^GNUNGL[LIZQFSCDQEUKI]TCTZbHVE`MZQJK`BRIJBTUbSFiFwB{ADCAIeIeMAI_OCKNYB]LOqKgQQQCSRGUKH[^D@GTGC[HOUCK\\mPWQ@IdmLCL[OQSKQLAPKFeGAYGYLUCGJUBUISIcNQXQCKLMN@DwCS@_OMWE\\SCQFIGSYGUPAfPNWFORDTiLULM@UVYHEQkRI@]nK\\AVNAXPFNTE\\LOLARHHIRHNYDBR\\HELgJAPRFHJUJEdf@MPQNI\\JXnTMRYI[BON@LSVMlIDShMfKL@PMV@V[TKTcVCZWHDLQHBN[baFCL_ACISADKiDSROBeZR^NAJVIxRXBXHJElMHkHm@sJkCK¡_eIGGgTII[HYGeMUCcFQGSJWAKNQA_ReXGNQo[GOHUIKWCAMWAa[GOU@MTDHOXMJOBEPYTQdDVWLMWAKKUJ]DS@KXOLW@KdMH@`ILKtDPPN@XdTHX@RIJeR[@_KGTLZQZIVQVUJYR[l_PQTJZK@TO~AZV~flhZ`JXRNTlN^vPPLlGxGZWx_[rezgt[bstgfqfnjpfiLwDQEOQBSQSKRLlQPLJN`FBD`WhDLOz]^yh`uRsNqFTQRF^EHLrXxHZCN`HRSVIVApNXNznbRXVjvLDfjpVZFTbHdA\\GfBXVbG`fBdm\\A`P`@TG`WTEvcdO^HTGjG\\I^EVF`TT@`TXBPRHVNBHLrfRnBXVJFfR\\JC^Z\\hLGtP\\@rlX@XIFMxEXB\\H^@`CrUNIfFTGP]@UTCNOVFZKPOFSV@jXfYdmHE@Svc^FLC\\UHSdEPHPKXAPGT@fHpGVJVGDM\\aZALKP@RKPAdIbLhK\\BXH\\BlWVQhSjINBPK`I`O~KbMJSfKaXGX[XMTQVG^oRQlWfGbYfMhBNE\\D^RZEdLTVZjIJcJKNmVORYJK@¥VTHxhPA^FXZbABP^LR@`GZCDMTKZAJGRN\\C@K\\EdL~@\\F"],["@@VRBV^@@UGOmA"],["@@XGEIDUKIYNGRE`LJRW"],["@@CPFPNC@OOK"],["@@]DKPTRVM@W"],["@@SFhtPACm_I"],["@@EPevlN]ZrhCZLnCHPtWXP`BTKpQhTPNxZA^\\FhP`FTO^CE[HMEKTQFS^UXG@MSOCSOMDWGGPKcCWMIOSKAYLK`EHHXGVOFKZGZMfATIVOZBPOQMC[ME@OL[DYCITMCIlAxDJIZFZGpCXSRFPKGW[cAVyGaDIYGGJO@MUYOCBSLEJSAeR[AW|YITKxD\\IFO¬JPH`HXYIOHKIMBMP@JLVBRHRARRBRPNHbAVPBfKXJzYhLTNfLBjCZDP`MVOnLfoTUFYAI]EgUH[WGTOCKQQNOC_`UDSQ@gMQWBIhExYSYC]QGAeGITguWKIS@iG[UiOS@UUHgK]@_GOgmCIMNWPUAKM]OeEKOQeAWSIcDYH]VaHeIcNWEYNaOGM[C_HY_]I[CQOS@ecIJcBArUZAJPNGHaGXSX_BmQGSXcR_HcDVtGVKDy`g^SbAPJPAPQFHuHSLOlalYN]GiIAJtGTk\\kbKPCLCLCjQIQHF[EWGG@]NCYW]UOACM]YAbiHOUJGBQsSoMKUdOFMqNWAYKWA[DeNM^DZMJk@BZElfTLXMXBTTA^IVJJ@NKJDNKHCXe^PDJNIHUCQTJTBVVhSLUE{WJIKM`@TMRAbPlCTHPIlSNEVURMRF\\ERSF_@eMIRQDOMOF@LQTWh@v]z@VEdKHi@_KioiASOWEMDO`G^GHiLJHGZNVIHVRIPSDx\\hJZADLXBoXGLSJUZIhTJF^TRRgX[lCrDFNRBAXXAJLTMBUQKHGXLZEZDJVN@RNTCLKZNT@FHTD^aEWVCDThFPYGOMC@Q^E^UbIJMhPBVGXZXPCNMXGXOZBToJKRFDTKTIhiRKRJ^ETB^NDJXAfU`]\\QbSL"]],"encodeOffsets":[[[21507,38141]],[[23523,38328]],[[22063,37939]],[[23531,37388]],[[22301,37580]],[[22217,37619]],[[22192,37796]],[[21225,38623]],[[23482,38388]],[[23420,38403]],[[21213,39476]],[[21410,39466]],[[21051,39601]],[[21417,39577]],[[21279,39601]],[[20727,40077]],[[20650,40167]],[[20549,40321]],[[19996,40712]],[[19857,40792]],[[20061,40833]],[[20880,39071]],[[21182,39269]],[[23673,38975]],[[21600,39218]],[[21601,39346]],[[21550,39378]],[[21534,39396]],[[21306,39398]],[[21616,39984]]]}}],"UTF8Encoding":true}