{"type":"FeatureCollection","features":[{"type":"Feature","properties":{"name":"Connacht"},"geometry":{"type":"MultiPolygon","coordinates":[["@@LXLJTEXCJG@IQAYHGEYE"],["@@JJ^VbGVLZIOGESSEW@KCeAEN"],["@@d@DKXACJTDBF`EAPNBJEbCBIUCBIN@EUWEWBFJ@mNGR"],["@@RFBNGHxTLAZDPFFNTLVINQLEbA@GQIFGQEM@iIe@[AMDOCa@MA"],["@@BNdANI@SYHKJM@"],["@@NABLN@N[CMaI@JJDOP@L"],["@@nPZAhNdRINJVPCFILA`DTABIZGHFV@LCX@BR\\HBHXLXFfC^WrFTA\\P@LV@NQLA^MJIEEVQ_IW@NOIGDEDaRDDHRC`DSS@]MIOBCI`@KUQMKDSGFGVBJSAMIGKU[E_RWJKNKDPHOL[LGLOFUMIBSAIPJHDTIHFZPLIJcRUBkSQFMKU\\UIM@]EqDKDKGAKiJONQDIFmC"],["@@TLh@LMAMUBS@UFEH"],["@@PRLBNPRDHYcAAGQGKD"],["@@FD@ZVDTIKK]MEB"],["@@L@`IjETGNSSA@J]NaHcN"],["@@NNNCFKCQKEIDDTKB"],["@@JJJP\\NhCRGFG[SUGYBEF]@"],["@@NNbLt@nEJKDS\\HXD`ABHP@JGRBLKPBJETFRIME_UNCRORAAI^B@QEE]AQFUPK@cRMAQDIHqHKHSBgP[BIFwHOD"],["@@P@XHRAZBEIWCKGiN"],["@@LPCHFJ\\PAFRJlDRGEIFMOEKM@GKCuKM@KF"],["@@RJLCJHAVVD\\EGMFW_F_AKEIF"],["@@BNTCFWQ@IN"],["@@JBPLRDLGVc[A@RW@YJ"],["@@LPNAFKCKJCJQ]EVIFGCGWCKHJPK\\DPG@"],["@@DDZBNDNAFWSCU@CLQH"],["@@DLTHR@CKNOK@GH_@"],["@@DBbGQOOFCP"],["@@THVAFFR@PJJNRAPJPABGRGOIBINCFM@_KQDESGUEcHcAEHMFKXLBRJSDOJGL"],["@@PNjLRArQNH^MQEUKY@OCaABIeFVHDH[DOH"],["@@SE]JSCEHUIGOMABMYIOFIEDUOAEGUCAOYECMSIQFGGOCHIKIMFQEJ[AGSQBQMKAM]AOLIAYQQ@QPQZOGAGFUOMODLLSHOLQ@]EKCNQB_bQX@LOOMBGGOYESMQEBUKEQ@MJSCHOMa[@YSUEJOASc]CIY@SIQU@QEQ@aTcNO^YHIlavÑWLMJWcQ~SDQVGNM@ITSFO]QMAWUBQ[CWG]DKGFGeOOFSAIEAMHSMQMGOCMYBEREPOL@DUdAXObITKFOEWWSIMOGqD[AGBYCWIYWQKDGEGgE[BOAm]DCSMKCGOMKHMKEWWWSCK[IKU}IeMAgScmW_mmFKEKQOIMBAH[N]BOFGPWAKUgQKCWToN]KEFOZDPSLKAGZQB]EQR@LHLEiCUGCJKFKCs@UCKKUEACiEIBYUMEDIGGUGYM_E@[KAYDGFKEeHMJELSOAMSOGDBRQAGDSGETILHHQFANDJVLQ^OF@`TNAH]L]@CJUNoT[AILeDILYFOPALILEPFJAJRAPDHRRCCPSGAHMAIFmFEJIAABZFhFbE^DFFhDGGHGmE\\KVCZEZYV@ON@LIHEVSHDRNHAPdRDL\\BBLTFQHeSYBSGQ@YJEJWBEJNRPDpFSDQGYB\\NaFTTVCLFNAXDDNLJEFa@SGID_OUAAPmGGHSCUHZLIDc_cAQIuEKEOLOCDI]EMDaI_@OBcBaCSD_C]AUCGBeAKBSAGGUBWCaHY@QI_AGC]BoCOBcCQKQF]A@EWASEUDOAGN]JAHMFJLQHQ\\VFDRV@HJo@SEOOPOIOBSOE@K]HOCIMKJQFDDMTHPRT\\HCHTJGHFTU@BNGDCNMHGLLNVBRATFZWDPKJTDFLOHPDTMVLWBCHUFWBKJMDAJHFAPXATJbCFNQBOIIFUEQDEEQJMG^[EEA]RKAK_EM@WGCFYAIHcHBDVFP@HG\\FDJcAHR\\JMHANNJAHKDCLQCU@BKMCBM]GQIQCGS]YHIQ@GKSCBYSMQDeGIM@IUFMP]FSHCJHHKFBWaDCJKL]EBJGHQDLQEMKEO@QDEJOAOPRHENNLPEHFGHBHSFDZFF\\DXATJTALLJBVC`P\\FDJSFPPMDIGSCMJ@L\\DR@EJUCYBOKEKSABSSAFLGHMCJOEIiH@TKJDJnPZAAXWQSAYMK@MLOASIBIIG@QHGCKYIGEOCUHKEEKRAIIcVT@@JQBYGeHMEMJQAOJCRFTQJUDO@MLSEBIMCKHIGSAIFSI]AYXIBuQIFf^BHRF@NRDhZJIVBHETBHKZCJGLHJAFTHN^@DJSA]BMJaAEDZFWJBRNF^KZAJMzMHJa@UPVHgDOJMAeLgAIJS@INUFJH@PZEPBfEFEbGJKPC`F{TIC_L]DoDELKBCZUAWBaC[LTFIFFHL@fLNIHH@JTABEXGHFlKXADFUJIFeN`L\\AFGdFXI^ANDPCT@\\EHIWCXKHI`ARPNCDGfDYLYDSGU@@L\\BTCCLT@HHDgHyfDLKR^BNGZ@PH`AHEVCXIdBVEfBTDT\\V@RCLH\\AaNLDVGbEZMjILKTALI|HzD`CTEPBLHJNPFJCJJKDMIcK_BuEeBYC_F]NYJUD[L[DKFYF@L]PDFoHGLAJVXKPUPFPLLAPVRLTDNILARQDFTZDPCtJrFNCrTpHT@BMNCj@dFLAdFHF\\HlDHKb@DP\\KNDHGPCTF`A@JR@TPHJPDCLaBIGWDMGIDLLqDKFHNPFQPPLKD@JPDNA\\HKFVF\\IRNWB@NYDXLVA@H[AAH^AVPYFGHSBMFSAWIIFkCIHUQQFPHGHUGYDWHOC[DGGSB_JMOSHWFMHQENI_AQUcQ]GQ@YIsESDMAIGYN_DIDJZNDDJIHGRBP`J@JVT_@HHGH\\H@PhF@F BLA@I\\MRDRFJGEWBIQ@MELEHUV@@THHIZHHKLHNILELaIGIOFCNMAEIUJLLGRFBAX`EJBcTGLMMQHOBULRJSLSFINOJARRBNFJNGPJLPYJCXBIHRJUPDJGHLHbBPFFHUDCNMAEJnBWJ]BYKHECOGGMH_@@MTSICBKWGaAEIMCWLOE]CCJNHK^MLAHYLJLRCVHPCVHTDLPZAJEVBSZKFM@QO]^YFLJEL`ERGRDBJSFOEKZWPYHW@CJ`ADGZIXFRLEHJPYJUCGHQFQNUFGL@PUCW@VOEG[BIE`KJSQKCGSJ]DUCRI@KJEAIKGSFaEAKeAGGHGtELC@IS@KENaIEKLO@KMAOdAPCGGDIRCSQUG[BeTOESTEJXFG^DPLPAHXDPTDJJLLZ@NQXRHHLZD^N@RYJICQB[NMBMHPD\\CRGRAGPODUCEDTLPTAFRVV@NFJLZGNF@JPHXAN\\H@RMAIFIZ@HQJCPOVDDGT@NEMIAQJCHN@VRDBOVA\\NHIKGDGGGAMGKOBSEEGJK]@ECWDCKUDOAEInI`BLAxBZHVBCR]FVH\\GDIPCQX[VPJKD@JLB@LPJCJfDLFhFRHTWBGRGZCZIJEbENFGFOBkRWBePDHKLHLV@RONHYPUEMBGIM@[RSDEFaANHGVBNRCHHRB^RNDVLVKTNJGKSJ@FLPATF\\ILMf@BCbI`E`B^CPBLN`AZFHCfA^GhFGKDGTBLFXBBKZCV@LRZEVFbQVENFV@FFnER@VEFWR@JR\\RXJRRFIPEpEbGL@fCZQFOMWBWV@DT\\ALPRBNWS]BSIKgQLELB\\REFlBHOKUOISAAMEExKTBNEFG\\CBGICBI^EHECQLIIMFICOJUDbALJVGLVHBPELPL]D@FNFxDJFAVfhFJRTBNVPAHHRCP^AlFPGRAXHdGNFZEFFREZARGZGXU`IJDRMPDZMdIXDDHRAVHRTXLXFPCEQ`C`GVF^DFF^DtCVSFOGCZKNIAE`GPGBMXAJYPCLHEJX@dDTEZD`@KH_BUFEJ[@QBONFDQNI@ELQBOPWCIFPJZ^RDHIHEZ@XB^HrE^J^A^ODHIRSDCHVUA_HgCDLEXPFS^ANDPNUJ]DOFUBONKDY@IDgAMI[@GG]BYGFGCIUBDNN@AJQPUHCNIPR@NHfLh@FPfJRBTJTBDREHHLRKCIXClNRNTFdHNHGDNPLDTNEROJDHVHIJBH^FPMKIPIfC\\FXL^D~FVFRALFVALDPENOXAJDXIV@LFdALL\\LhG\\G\\ABGvSOMSA@EÀRMJEhgBGNGBGREP@RKHFREZHPIGIDGZEHOVIRUDQ^OOOaUEI@MOISWWOMAmFQFaeTIHQNAJSCIUEKMJCCOLG\\NXCVHNM^KbC`DPOLEZCFINAJKNAHKZKGIVKAGNE\\CVIOGx]TERHGJVLNLRGDIv@NEJSXAFKAKN@RDZ@LKHKNETU`@REHOAKLCNHLGSOLSH@`GP@ALZCNOOENMDOKKAK^I@OOGNMAIaMQSFE"]],"encodeOffsets":[[[-10548,54889]],[[-10383,54987]],[[-10508,54916]],[[-10296,55080]],[[-10208,55159]],[[-10111,55286]],[[-10505,55271]],[[-10163,55291]],[[-10485,55405]],[[-10453,55425]],[[-9418,55525]],[[-8805,55603]],[[-9785,54323]],[[-10066,54415]],[[-9265,54498]],[[-9851,54342]],[[-9995,54508]],[[-9985,54534]],[[-10111,54584]],[[-10148,54691]],[[-10426,54819]],[[-9883,54591]],[[-9955,54562]],[[-9957,54542]],[[-9945,54577]],[[-7792,55233]]]}},{"type":"Feature","properties":{"name":"Leinster"},"geometry":{"type":"MultiPolygon","coordinates":[["@@NMNEFOLCJKEGLKJJ\\CJQLGIEEY[F@MIQQODKJAPJbCVBDH\\LVInDLOXBHKEIJIBQJKCKIC@GTULBtKhMAGFMPAlPFAhpRziBULEV@RILHN@VKVDJJDNNDXNRKVHFFX@PLVCJKREHFP@RGDY\\EVD\\GfBTHdOR@XE@NJPJIREVJCNTNPGHKVARFBFUFDRNJXCPREL[NEJeNGVOAGRIHLHQTRATKtRHNKDATTDbKVKX@PG`CTHN@JFKLRHDFP@XFNCGGZANIPHCFHJKDVbTKNFPB\\CTJFK\\O\\E`XZENHfFFP\\DENWB_PZHWNFJIJrDBJMDFHNDNCDLJFXE^MDGR@\\BNPKFTLDNMJXFBHOHBHQFKLBFQHNFUNWJAPTJbKXCRBdT`ONB@HLFNAbPAJFJxQDMLGrJPBfEJDFLbDHFDNCVBNEHETJFTEPFLCLKCWdELJHV\\F\\BZSTWLCPSbO`GVIPIR]PBLIpUPDRLFG@QFIVMZSMGmSOKQB_I[FMA_B]J[DQCGFS@GH[FSJMD[PmJsEOTOJKCPSMAgAGErCdBPGFMEKKGWEMMLIAGKQAGQ@EI@OJEBYEKFIHYX[ZK\\Q\\A\\FNAPKRCZBZMTBPIWOUu@_BG^MZBHEXAOMQ@GMUqCMAwKNQDKHMECGOI[CHGJDnF@F\\@ZOAMBYNkHSPYFCLYJQbENB@SJOPGN@PURSlEVE^AL_`KHUIKDIIMFOREGEU@_OOAUJaIM@AMSDKITAVFbEBHGPZAT_TADEOKMAMMOUMYYDDPTLWNOBAOaDuMjMN@VGrCDGPEJO@SHWX]CEUBSZONCOLOPOLCLDRAP@rGNEdA@SWWYBKISFYPITBJ[F]AYCcQBGNA^PRDVCkQUM]UUJZVAH[S]IeDQFMGbC@E^ANE@ILOWC[BCGHMFSNIjQbGHCZ@ZCTMT@VKRU_IGIE[FYPqX]XGHGAGDSEKBILQXMBMRQNWD_FSFmYEcBkOAFM\\SRBRIDGZAPKBI[QASGQKGFISCOO@aUKMMS_DKNMU]QWYGSMG[UCIHGMOHMIYFKL@COMIFQFG]QCOs_KOIGYcEKWYIKDIISAOJM`aGSFMPGAWTIUmW[SI]YS[gYqiw{c[QMOUK[EaBUNYCIWAQRKDa@BOCMOaFGHDHETRPIHMCGGOAFKaOSMODMAaFOXKBITMFAJHFRBLHDbKRWLBLKBFOPINQ@YEK[GAKVM@KROJKtMJFTAVHdCCG`IRSLEDKEMDS`AfOEKPIRBB\\TJCYFcHQRWVK|HJMZMBEOKCO]QIQKKNU[O@IIKIFiD[NcHDmBsA_EuCkM]CeKBHILYNcRsTkJuJ`DRE\\APEVK\\AFDeFGXKKKDKCOBIHUC_BkEYEYBIESGW@GCULODGLRLBOTCARFLNF^VXJCPGFQOQKgGYMGEcI@IQQdFDCEQIIEMPEQODK[ASOwIOMAGYIQYDGQIWCKNTVXLBJXHDLATBF]dVHQZOFANaDBNONWRSCkRIPPRGPYDsMOMGKKAuB_IMBIJERFeVYEscSUWIUBMFOXKF_DQJMVQTAP[HEHBLUVMDKN}JGL_DGNWNQNRjIP@NPXFTCHMHQ@GL_RGRKBWN@Ni@KLLFLVJHZFPJBLHBJNWNUOUBFJMNAZDHHfM@DRL\\qVGJAPJFBRc^SJONCJQPDNadDHENUJ@LmPOHGAUHEHUBg\\mCDFQZ[NBNGbEHIZAVQF@PKRCNgLEHYVENdLGZITDD`DDTNHPNPFPBVLJZeBKCaBSPUDORAJaJWC@LUHWBQAEPQHoODKSEWSgB@SDGZELMMCSIUEVMEEU@IGWCACPMSCCGm@LQYMMAEPGHcLIE`UB[eQFGMIOA[PBFOHDVNLsJEFQ@CF[AG\\LROJSXRTLBXKVCJEjFRPCNVFYb@NiXLTTJ\\AdIXFENOHEVFHEHBLLHMPRHXENFELHDBNPPCTLHDNOPNHBFSLK@KR[NeHGJaJMAOLSHLEFaNMFCHRLZXXJZDHA\\BrCPHJNXTFXEPSLaJWPcBCVK@OPQFAFNZPDNHNRGTBNJFTBPEfPEHLH^CXH\\DARXVNB^REPST@JMNUHCR}TdRIXKNXuÒkbGJ]ZMPSd@bFR@RRVTJZ@DJd^BTIPVFZT\\@NbGPTDNIR@LFAVRFTNZFHPAHPNKPW@aRA`MRLD^FR@PKTGKKPCPNEVBHPHRYROR@ZRJBPK^BBNNLARTRBHI\\RFNELJGJPDHHRETJDNZFBPVDFHPBCVJFPEZJANNBHPVJFGTD^ITF"],["@@JHDLNGXHLKGGFEMGWDMJI@"]],"encodeOffsets":[[[-7792,55233]],[[-6180,54773]]]}},{"type":"Feature","properties":{"name":"Munster"},"geometry":{"type":"MultiPolygon","coordinates":[["@@JLHBHLNH\\L^FdVPIYQaQKDcMGIaG"],["@@ZLNAFOKEMBSJ"],["@@hTLIQEIIMAIH"],["@@FH^JHFRDVGMIeCOGOB"],["@@BAQCWI[HFL`BNEP@"],["@@FDN@NDRNFATCHIXACHV@LKZ@RARDRC`DLGWQBO{AMA_BGGOSEOLDP@dKH"],["@@PJ@R^XAHdHZCVFFF^JET`CHE^FFOlHPACUGG[M_EOE_EEGMEIDQGGDOESLoSWCIB"],["@@HHLBPGIMIJOB"],["@@PHFJTLH@`PVFZ@FI[QGIWGMIGJMEKIKHOB"],["@@tVRBDKSIFSiMGLLHUL"],["@@RLbDFIeKSF"],["@@FHpTLJ`FHHJBAO]Y@KM@IL_IODKE"],["@@JNTHVAOSc@"],["@@HJPHRBBKcQGJ"],["@@XJ@HVBJH`RRFZ@PHRIIIMASKYCCAcGoUGJ"],["@@TTAFPHdDHBV@PBPA`DV@FIL@fL^FAKYSSBUE@G]IEF_GO@cGIKIDFLkEUJAD"],["@@TDZLlJ@EYKWAAEUAOB"],["@@VFDRQFZFHOR@@HOBHJIFHJPBLCEIBKJCEOGA]MMIMEMJBJ"],["@@@JXFNF\\@MIDI_FWG"],["@@OCQBBIEIFOJKBKPOZEJKfCJK\\BpSVMDI^@^KBGSM@_PER]UKCIBMREGGJKFSTHHCRBAQHCTPBNTPFKNIfGLFHEZCLB@\\`FZNVHHHCJNFZVJAjFBDVFLLVDt@LDLEDIVHjDFGK@KRQ^FRAHYLBTKCOPYFE^LpMXSLDhRLVXBHOPE^A\\MBGNAPJLRLFnE`nnXTdBhfN~JLV\\JDLXTXXLFGNNLHPLDTNCDn^PB\\AhFFHNEbMFEKTGPKNBbIHIfG\\MLQL@TKAEMGPOCMKGDSOOAMGCFKMEWFQGNOKGAKFGEGFUPGFMWEcJ[BSIKSjW@MZaUEDMQOiEIFUDWLKAQSTWPIKQH[\\BDER@FEtIMKCUPGAE\\OPBNJEHfRA\\_VJFdKHGFONBZNKRn@DHTDONBDXDJHV@FFUNVFTJNDKNYFCH@ThAXTTFCLpPRGFORBXAVG@KXDbIBIPQVCTObALDfAIYUKOAOEOMMGCS_CCCJSHYcKFMZUFGhKDMLQ@OREBUJYFGHaAM\\MRYCEnDh[VAFGVGHBPGnO@KVIFMCGbcCMRODIPMTId]AQIEBOHIrUK[CQN@GeCGBYNMEIVAVPXMIMGAAKOIYEIGKUKELKj@@MXMLAHQ`QHKR@NGDGESOW@MJOQiRMXMHM`CHK~ILMNCVUAKFG\\GBORSNURI`CLEPWNEVAXJTVtdZFfUEFQJINA`JvALBHLPNtNZCHOOQJOlQICDYMOAKLISQEODIXQKYe_DGIEeGKIkDOFmGS@]MSHADbX@FZRIJKDEJ]DqCCIDIhGRB^GQM[LoLcBSOAGOSO@KEkF_GsFLWCEGaDYAYDGAi@]O[@ADGO@IIMCOBOSYCQKYAKFQ@kOMM@MGM_HIDDJIHYPKCGM_G[KKFA]KM`AfDJKJARM^BLA^HZ@CGMKcEUM@SKCEKNOIQBGGISGUAKIUCSBKGQBgEa@W@MEQI@MSECKFCZCCGYIqAWHMPSFiG@MM@cEUDGDDTNLEVUPUBIHQK_ADGRHZ@FIFWNOBSeOQIKOSOaKBFMLSKGKZCHObBBE^GNGMMq@IC[E[@WEo@aGoOcYAKOBAIR@BEVATIYEYIMBMIU@UK[@UA}AgEUKEG[OUCMVqCGAUD_@SCMDFREJOBILLJXJZ@BLQHFFTB^L`AJPRLIDaAEPJFJTJDpDaLWEK@UHM@GIQ@UFOIMBIR_DOG[AM@QL^PNDNCHFcDOFaBDGREGKKEIQMCGL_DOC{ZKGRCHMEUWDUE^C¤DJA\\ODgEGUSV@RMDLLC\\@HOKIMBAIFI`@CKc@KBMIUDQPQBGHWCAGlCXKXEJHVCXBHCNNTBJQKKBGGGWGBG]OREF]KECQOCAQaDCIKA@MIK@YIMOS@ID_EGKFGYKI@CJDTOBKGIJBLUARSVGMUYCQOEFSCKHHFBLMZQJW@@MSGWNI@MLcSW@_HCNIJBLK@GTGIT_JEHS^APDVERLbGNIdJJIRE@EYIQCEIBKKICKcYPIFMVGQG@QPAFIQEQJHH[POTAJaL{EACaEIBkAQBIREROECM]DYEEEQBQLIAaBFIXKXAXBTEJFXBBKGIWIEGJGXAJKQAEKWKAGROCGKCCGKEaJKEOBaBPNIHBNUOQCKJWDWH}DYCETHFUNeDCOHCbHLMgKIFaLEOdGV@BGMOFI]AQGBEEMLKCGMB@KQ@CE_E@LGDWCGGDGSGGNAVSJSFQ@IHYF[QKFSGEGODKGUDECgIYDUJKNULGEQDGTMDAINABICMb@PMCKPQU@KIOAFI]KQ@iIT\\ERIY]KBKGG]EUULSS@QKWBDLPHKDWA]KIJFJEJSO_AIIQAYO]GWMEFCGVRHHJ\\EHNCLNdZN@PQCWDEEQAGK@OaI[K@GSCIHFPSEEPPH\\H@JVTEHLJGLKKWIKLJD@JWADKICGPYDELOCTKJC@MHOaSSAKHQKUDOCMI]BKGGJFVICQBIGFWOIaEKCcDJICG_GeAILUNFLQBEJMCK@BMQOGFUDMIWGK@BKIU]GQGI@WQ~RCGSK[@QGUOQCHRPHCFQ@BLMHQ_[OSASN@JJRJFILgBGHPFJ@ZNrLFFPDHRZFDHVHFCXLZCHFNCdHhVDHPBdTELHJjHRHIJdFdP@LJFfNXCVDEFJHOJOAMMUHOCMBiKAEcGO@[UI@MKGD_CKKQFKM[CGBWCIIqOMBUOQA[BQIWGMD]EWFZJPJTFTLdLJFIHNJ`HhTPFH\\LTFTHVP@hJZFZLVpJ^DbH@J`HFJf@XF@R^F_LNL@LHLSJTLIFQE[QWEEHSCAPYJOCGNI^MDWKCKH[JGKC@MMBWO[HEQSEAIYGMASOQ@MGsGEFBNSI[@YBUCCPKNIBMINKDUMGYHeOSAMEMD]GUCUH]@UI]@MDUMcFS@CIIQMDIEFGEIDGQQeAiDMIMAKIOCOKI@SGKBUM[JBJTFGFMCkDQIYDSGQJOCGGUAQEQQMFVRNDCJFH[HCHTBFHRDJMLAfLR@XLTG^JIPPPEFLNCF[EUN]DQH`VZCPB^ITFRLP@XI^FDPPDNE\\FALJDAHPTRFHJODEEOBaGCJ[AKF`RRH@FRDLA`NZCTDBHPHN@NDFHTHLJTIKSMMPANLRBZJNJONLLFPTEDGMKbFZAVBTC@GXHMH@FcJIFSCINjR\\HFAXDIHDLpTTDDNNLVHjDRFPAdBPDd@BJRDXNZFPJL@NHzLLJIFmU]BMEgEO@IH]EGD[II@[IOAMOGSCwMEEYIK@MESB_IBIEKQG[GGDENQEWPOKW@HPMPMAPU@WiGIDQIUBYKSMaEQK]OoDGFOKU@BSWEIDUGUBOCEOOB]I@IMAIDJRjZqCQDAFU@MEANWC]LMLUE[DJLJCP@pNJHEPRLMHBPJNGN]FMLQHmFMIQFSK@MMCWOBMECFIOCGE_AOO_GaKKPQJbJJLMLPRKDBjmAKDQI]BIDCJVTEVGPODJNRElF\\AVLb@`PTGBJVFNTRBbIGJLJIJkLPJpLPNZD^PRAfJCHMDMGYCIIWK[@WGMBCIWE@JQFCHYAMD_BHJRJ^DLJZETBELDNVTxLZIJD@LFHdPRDV@RD\\TbLBInJDGdNhNZBfG\\DNFVFRFhLFHDlLIGUHGbNDLPFJAJM`D]L@PIFXV\\LNVFRBPCLVCAKGKBGJMN@NFVBLHV@HHpFPNZEVLQDALHFZFXB@JQEYDIPG@SOK@GLgEYD[BGGWBQEO@[CQG_CWBaKFIZEJICOHGREJKSCcNMJOZSVKDIM@QEWAkKKB_M[HEIYM]EIHFFaFKIWEKE]AOFALUJKI_BWEGLO@CNYLFF]F@IMCKDQIPG\\APEX@LEEKyGSFWBSAINQHgLKFMCKMEKLGTBHIVAOIiBg@IEQ@]GM@gCI@AROHUCBJTDJLGRMLHPUL@FXB@JJLTHBHP@CJQCOJQAEFpVV@LNPHTBJJLEGKMIASRKpAFITFLP]NBNRNPFLHBJa@BRZVJCXHXGxPPPBPTDLAVFLNLH\\F^DPAHGRHANPdECQHEKS^K[SBGcOIOJ@NJlFREJLEFz@dFdLLJjVRPNXCNSR[F`H`MXHEHNFLIMEKKBWHKUEEOLM`YRIbELKdMpATDXI^@Tb\\HLjDHG[ASITObDvPfEVLJHKR[DQJcEmBSHQAWHeIU@DROJ@DMPFHpQQMCKXFBFRJZ@JN]DcEEHXNTALDCHdBDJIJM@WIVfBJCdLfMX_Da@[FeDWAGH_FQFIHJN@LtRR@TDhCJBRI`FVH^BfNN@FH\\@NJLClXBJPJdLH@RJ^AZFTCZ@JIN@PFYDDR{KMDNVAZJF@LGNPFJVEJK@AJLHRF@N\\LHFRBbRpITAlGTG\\ARB\\N^CIJRHTCJMMETQN@ZVFJRLPA`HNG^A`JRB\\JLOKOFCrBJCpBRCPB^FjNJBPJZJXDRCrRrFLD\\DPHfHbE^HhPJHANPDTO@KQOJAPTdAbGLILRTBELKHNH@LN@FHTDPR\\F\\MNHN@hHJENDJLPDhCJFn@dCJONCLJN@rLbJ`C^AFHY@YFgBGBsCGH_H@L[EQBGIOR[JOBOAoAGKWEUBIQUNKBkI@JPDKJ@NVCRLRHDDMJSFOTVFJ@BN]LELUHQ@FJVBhNCTWGCEcGWGaDGGcGOQFQAYKMKEQCUGFKEIDOUQMCHQQDaMAQOGOUUASMCIgYMAMHGCsAcFQCs@BMKCDGEIcQWI[CaD[LGJVNNLLDbPRFRLVDKJi@cSgAUI@IMEUBQCmGUMFORiEQLMAILOBGJ_Fe@CJWNFHGVNNi@ODk@BMtMFKPGCMYEUAiKSQ]@]DUGmEQFM@eGIILSGMPI@EWESFGJMCODMCCKoMgEQE[C]JkDYA@IQIWGiAKDkCSHfJRR\\P`CVJCPVBLDnDHFRA`L@RFJTFZRPH^DXFRN\\JJPZBTNFJhLPJXAFFAPDHALNLXJJ@ZFO\\IFdBJXZDpL^@ZKFQNEPHENdATHLHDVKP`HBNKPFHIZdHbPHTIBBJTAV@FJCNgHXJLHPXMCQALNHVNHbLN@\\HVTLDLN`FH`OJCJ[@[GMISEWBUCGNGSGMFLJKF\\RZJ@HVFVRGFLHEPXJBHLJXJNN]HEJTL\\ZFJXHNJEJDNVXNDjTP@TNBNRHFLNN@XEDV^jTLEdEJG^I^AfGRMdORAXBTNRTfJ\\GNQJHBNI@OJMDKGOLMIMDBJPN\\DZE`A`F^QVDLECIdE"]],"encodeOffsets":[[[-10834,53323]],[[-9343,53885]],[[-9176,53971]],[[-9274,53973]],[[-9269,54442]],[[-8531,53124]],[[-10681,53128]],[[-10563,53184]],[[-9756,52662]],[[-9616,52740]],[[-9593,52756]],[[-9764,52920]],[[-10510,52968]],[[-10048,53066]],[[-10483,52822]],[[-10157,52861]],[[-9814,52727]],[[-9663,52698]],[[-9682,52725]],[[-9225,54417]]]}}],"UTF8Encoding":true}