{"type":"FeatureCollection","features":[{"type":"Feature","properties":{"name":"Saint Anthony"},"geometry":{"type":"Polygon","coordinates":["@@Oj]zGJ]_g@cZizCh"],"encodeOffsets":[[-63726,17139]]}},{"type":"Feature","properties":{"name":"Saint Georges"},"geometry":{"type":"Polygon","coordinates":["@@FhXtXRjuDyHi^"],"encodeOffsets":[[-63691,17131]]}},{"type":"Feature","properties":{"name":"Saint Peter"},"geometry":{"type":"Polygon","coordinates":["@@WQWsEgPCZX\\F`^rBdpIA_Tc"],"encodeOffsets":[[-63664,17186]]}}],"UTF8Encoding":true}