{
    "Zorkot": [
        69.73446,
        33.54149
    ],
    "Wulêswālī Bihsūd": [
        67.90567,
        34.3436
    ],
    "Kuhsān": [
        61.19778,
        34.65389
    ],
    "Lāsh": [
        64.77457,
        35.3782
    ],
    "Tukzār": [
        66.42132,
        35.94831
    ],
    "Mīray": [
        68.44068,
        33.32462
    ],
    "Āq Kupruk": [
        66.84029,
        36.08352
    ],
    "Zurmat": [
        69.02774,
        33.43778
    ],
    "Zaybāk": [
        71.34833,
        36.52944
    ],
    "Zīārat-e Shāh Maqşūd": [
        65.4736,
        31.9848
    ],
    "Zindah Jān": [
        61.74675,
        34.34264
    ],
    "Zarghūn Shahr": [
        68.44573,
        32.84734
    ],
    "Zaṟah Sharan": [
        68.79167,
        33.14667
    ],
    "Zaranj": [
        61.86037,
        30.95962
    ],
    "Zamtō Kêlay": [
        66.17708,
        32.3726
    ],
    "Yangī Qal‘ah": [
        69.61131,
        37.46572
    ],
    "Yaḩyá Khēl": [
        68.64622,
        32.93742
    ],
    "Wāshēr": [
        63.85553,
        32.25122
    ],
    "Tōrmay": [
        68.40204,
        33.68847
    ],
    "Tūlak": [
        63.72868,
        33.97509
    ],
    "Tītān": [
        63.86361,
        33.69032
    ],
    "Tīr Pul": [
        61.26895,
        34.59431
    ],
    "Taywarah": [
        64.42116,
        33.52118
    ],
    "Bāzār-e Tashkān": [
        70.27674,
        36.88168
    ],
    "Tarinkot": [
        65.87806,
        32.62998
    ],
    "Taloqan": [
        69.53451,
        36.73605
    ],
    "Tagāw-Bāy": [
        66.06164,
        35.69941
    ],
    "Tagāb": [
        69.64917,
        34.85501
    ],
    "Markaz-e Ḩukūmat-e Sulţān-e Bakwāh": [
        62.94936,
        32.24139
    ],
    "Spīn Bōldak": [
        66.40001,
        31.00575
    ],
    "Spērah": [
        69.51528,
        33.20222
    ],
    "Sōzmah Qal‘ah": [
        66.20823,
        36.09916
    ],
    "Siyāhgird": [
        68.85578,
        35.00553
    ],
    "Sheywah": [
        70.58859,
        34.57169
    ],
    "Shīnḏanḏ": [
        62.1474,
        33.30294
    ],
    "Shaykh Amīr Kêlay": [
        69.91283,
        33.28744
    ],
    "Qāshqāl": [
        69.00685,
        35.03975
    ],
    "Shibirghān": [
        65.7529,
        36.66757
    ],
    "Shwāk": [
        69.37684,
        33.42386
    ],
    "Shahr-e Şafā": [
        66.32376,
        31.80347
    ],
    "Shahrān": [
        70.73928,
        36.97984
    ],
    "Shahrak": [
        64.3052,
        34.10738
    ],
    "‘Alāqahdārī Shāh Jōy": [
        67.41315,
        32.52154
    ],
    "Wulêswālī Sayyid Karam": [
        69.36881,
        33.69056
    ],
    "Markaz-e Sayyidābād": [
        68.71346,
        34.00037
    ],
    "Şayād": [
        65.8297,
        36.13529
    ],
    "Sidqābād": [
        69.35112,
        35.02298
    ],
    "Sāyagaz": [
        67.03324,
        32.56521
    ],
    "Sar-e Tayghān": [
        65.67632,
        33.50998
    ],
    "Sarōbī": [
        69.76005,
        34.58962
    ],
    "Sar Kāṉī": [
        71.10962,
        34.79023
    ],
    "Sarfirāz Kalā": [
        67.96517,
        32.98333
    ],
    "Sar-e Pul": [
        65.93249,
        36.21544
    ],
    "Sar Chakān": [
        65.23055,
        35.70178
    ],
    "Sangīn": [
        64.8359,
        32.07275
    ],
    "Sang-e Māshah": [
        67.44046,
        33.1396
    ],
    "Sang-e Chārak": [
        66.43694,
        35.84972
    ],
    "Sang Atesh": [
        63.0044,
        35.248
    ],
    "Sangar Sarāy": [
        70.63937,
        34.40744
    ],
    "Aībak": [
        68.01551,
        36.26468
    ],
    "Rū-ye Sang": [
        67.63387,
        35.31999
    ],
    "Rūdbār": [
        62.6,
        30.15
    ],
    "Rustāq": [
        69.83045,
        37.12604
    ],
    "Rabāţ-e Sangī-ye Pā’īn": [
        62.13917,
        34.79951
    ],
    "Rāmak": [
        68.6264,
        33.52234
    ],
    "Qurghān": [
        65.0649,
        36.91939
    ],
    "Quchanghī": [
        66.27801,
        34.06183
    ],
    "Sangalak-i-Kaisar": [
        64.29318,
        35.68747
    ],
    "Qarqīn": [
        66.04358,
        37.41853
    ],
    "Qarghah’ī": [
        70.24292,
        34.55402
    ],
    "Qarchī Gak": [
        66.78891,
        37.03999
    ],
    "Qarāwul": [
        68.7802,
        37.21959
    ],
    "Qarah Bāgh": [
        68.10798,
        33.19801
    ],
    "Qala i Naw": [
        63.12891,
        34.98735
    ],
    "Qal‘ah-ye Kūf": [
        70.47298,
        38.04119
    ],
    "Qal‘ah-ye Kuhnah": [
        63.66681,
        32.61591
    ],
    "Qal‘ah-ye Shahr": [
        65.5676,
        35.54729
    ],
    "Qalāt": [
        66.90833,
        32.10575
    ],
    "Qal‘ah-ye Shāhī": [
        70.5914,
        34.64921
    ],
    "Qādis": [
        63.43003,
        34.8085
    ],
    "Pārūn": [
        70.92214,
        35.4207
    ],
    "Pul-e Khumrī": [
        68.71512,
        35.94458
    ],
    "Pul-e ‘Alam": [
        69.02274,
        33.99529
    ],
    "Pasnay": [
        65.76486,
        35.76664
    ],
    "Pāshmūl": [
        65.4343,
        31.5572
    ],
    "Pasāband": [
        64.8531,
        33.68956
    ],
    "Panjāb": [
        67.02327,
        34.38795
    ],
    "Paghmān": [
        68.95091,
        34.58787
    ],
    "Ōmnah": [
        68.79626,
        32.90029
    ],
    "Qaryeh-ye Owbeh": [
        63.17639,
        34.36972
    ],
    "Uruzgān": [
        66.63253,
        32.92775
    ],
    "Urgūn": [
        69.18,
        32.94111
    ],
    "Nūsay": [
        70.80413,
        38.4435
    ],
    "Nūrgal": [
        70.76498,
        34.61341
    ],
    "Now Zād": [
        64.46959,
        32.40314
    ],
    "Nīlī": [
        66.13023,
        33.72178
    ],
    "Nayak": [
        66.95292,
        34.73414
    ],
    "Nāyak": [
        66.77403,
        32.5723
    ],
    "Now Dahānak": [
        70.00511,
        35.62398
    ],
    "Ōkak": [
        67.95652,
        33.89794
    ],
    "Nāṟay": [
        71.5225,
        35.221
    ],
    "Narang": [
        71.04738,
        34.76009
    ],
    "Nīkêh": [
        69.27179,
        33.18934
    ],
    "Nahrīn": [
        69.13343,
        36.0649
    ],
    "Ḩukūmat-e Nād ‘Alī": [
        64.23982,
        31.64286
    ],
    "Mūsá Qal‘ah": [
        64.74486,
        32.44565
    ],
    "Bala Murghab": [
        63.32886,
        35.58408
    ],
    "Muqêr": [
        67.76934,
        32.82009
    ],
    "Muḩammad Āghah Wuluswālī": [
        69.10026,
        34.21422
    ],
    "Mīzān ‘Alāqahdārī": [
        66.51271,
        32.17635
    ],
    "Mīr Bachah Kōṯ": [
        69.11899,
        34.74999
    ],
    "Mīrān": [
        68.31259,
        34.22038
    ],
    "Mīrābād": [
        61.8383,
        30.43624
    ],
    "Maymana": [
        64.78361,
        35.92139
    ],
    "Maīdān Khūlah": [
        69.7812,
        33.64916
    ],
    "Mingajik": [
        66.12817,
        37.0279
    ],
    "Mehtar Lām": [
        70.20944,
        34.67139
    ],
    "Mazār-e Sharīf": [
        67.11087,
        36.70904
    ],
    "Māymay": [
        71.03838,
        38.40856
    ],
    "Mutā Khān": [
        68.86639,
        33.24167
    ],
    "Mashhad": [
        70.10211,
        36.81665
    ],
    "Mardīān": [
        66.29685,
        36.99286
    ],
    "Mandōl": [
        70.17017,
        35.28403
    ],
    "Māmā Khēl": [
        69.9968,
        34.24494
    ],
    "Lashkar Gāh": [
        64.37161,
        31.59382
    ],
    "Lāsh-e Juwayn": [
        61.62272,
        31.71382
    ],
    "Larkird": [
        66.66409,
        35.48936
    ],
    "La‘l": [
        66.27996,
        34.50141
    ],
    "Kushk": [
        61.95221,
        33.29565
    ],
    "Kōṯowāl": [
        70.46073,
        34.10319
    ],
    "Kushk-e Kuhnah": [
        62.54762,
        34.8711
    ],
    "‘Alāqahdārī Kirān wa Munjān": [
        70.77258,
        36.02866
    ],
    "Kunduz": [
        68.857,
        36.72896
    ],
    "Khōshī": [
        69.21582,
        33.99916
    ],
    "Khōshāmand": [
        68.23801,
        32.68567
    ],
    "Khwājah Ghār": [
        69.42126,
        37.06588
    ],
    "Khwājah Dū Kōh": [
        65.62432,
        36.82881
    ],
    "Deh Khwāhān": [
        70.21875,
        37.88965
    ],
    "Khulbisāt": [
        70.00605,
        33.4948
    ],
    "Khūgyāṉī": [
        66.5814,
        31.56267
    ],
    "Khōst": [
        69.92041,
        33.33951
    ],
    "Khulm": [
        67.69826,
        36.69736
    ],
    "Khudāydād Khēl": [
        67.68758,
        35.17835
    ],
    "Khinjān": [
        68.90093,
        35.58908
    ],
    "Khinj": [
        69.73482,
        35.42898
    ],
    "Khāsh": [
        62.79055,
        31.52919
    ],
    "Khān Neshīn": [
        63.7888,
        30.5488
    ],
    "Khānaqāh": [
        66.16656,
        36.86278
    ],
    "Chahār Bāgh": [
        65.22392,
        37.00108
    ],
    "Khandūd": [
        72.318,
        36.95127
    ],
    "Khanabad": [
        69.11556,
        36.6825
    ],
    "Khamyāb": [
        65.75833,
        37.5275
    ],
    "Khākirān": [
        67.07377,
        32.8385
    ],
    "Kaz̲h̲ah": [
        70.18274,
        34.24088
    ],
    "Kishk-e Nakhūd": [
        65.05511,
        31.62519
    ],
    "Karukh": [
        62.5863,
        34.48108
    ],
    "Kanḏay": [
        70.77897,
        34.9536
    ],
    "Kandahār": [
        65.71013,
        31.61332
    ],
    "Kalān Deh": [
        68.40233,
        33.83676
    ],
    "Kalakān": [
        69.15001,
        34.78371
    ],
    "Kalafgān": [
        69.945,
        36.77274
    ],
    "Kajrān": [
        65.47311,
        33.20357
    ],
    "Kai": [
        70.71828,
        34.12819
    ],
    "Kabul": [
        69.17233,
        34.52813
    ],
    "Jurm": [
        70.83421,
        36.86477
    ],
    "Jawand": [
        64.14917,
        35.06361
    ],
    "Jānī Khēl": [
        68.39722,
        32.76315
    ],
    "Jalrēz": [
        68.65438,
        34.4708
    ],
    "Jalālābād": [
        70.45153,
        34.42647
    ],
    "Jabal os Saraj": [
        69.23778,
        35.11833
    ],
    "Ḩukūmat-e Shīnkaī": [
        67.33558,
        31.98303
    ],
    "Herāt": [
        62.19967,
        34.34817
    ],
    "Ḩājī Khēl": [
        69.43341,
        35.10922
    ],
    "Ḩāfiz̧ Moghul": [
        70.40061,
        37.05643
    ],
    "Khafizan": [
        70.37247,
        34.28665
    ],
    "Guz̄arah": [
        62.21235,
        34.21223
    ],
    "Gōshtah": [
        70.76264,
        34.35822
    ],
    "Gōmal Kêlay": [
        68.85598,
        32.50989
    ],
    "‘Alāqahdārī Gēlān": [
        67.63696,
        32.72692
    ],
    "Ghōriyān": [
        61.49321,
        34.3448
    ],
    "Ghormach": [
        63.78264,
        35.73062
    ],
    "Ghurayd Gharamē": [
        70.79064,
        36.5222
    ],
    "Ghazni": [
        68.42096,
        33.55391
    ],
    "Gereshk": [
        64.57005,
        31.82089
    ],
    "Gardēz": [
        69.22592,
        33.59744
    ],
    "Fayzabad": [
        70.58002,
        37.11664
    ],
    "Faīẕābād": [
        66.45964,
        36.82103
    ],
    "Fayẕābād": [
        64.86222,
        36.29111
    ],
    "Qal‘ah-ye Fārsī": [
        63.24735,
        33.78529
    ],
    "Farkhār": [
        69.85783,
        36.57288
    ],
    "Farah": [
        62.11638,
        32.37451
    ],
    "Istālif": [
        69.07756,
        34.83268
    ],
    "Kafir Qala": [
        61.06667,
        34.66667
    ],
    "Injīl": [
        62.2465,
        34.30157
    ],
    "Imām Şāḩib": [
        68.93644,
        37.18897
    ],
    "Dōshī": [
        68.68473,
        35.60918
    ],
    "Dowlatyār": [
        65.79302,
        34.55132
    ],
    "Dowlat Shāh": [
        70.07102,
        34.9504
    ],
    "Dowlatābād": [
        64.92071,
        36.43259
    ],
    "Dū Qal‘ah": [
        61.4469,
        32.14237
    ],
    "Dūāb": [
        67.82191,
        35.56277
    ],
    "Dê Nārkhēl Kêlay": [
        65.63484,
        32.43205
    ],
    "Dehī": [
        67.27998,
        35.95806
    ],
    "Deh-e Şalāḩ": [
        69.3151,
        35.69031
    ],
    "Deh-e Now": [
        69.04784,
        34.74767
    ],
    "Dehdādī": [
        66.99376,
        36.66308
    ],
    "Dwah Manḏay": [
        69.585,
        33.28167
    ],
    "Dasht-e Qal‘ah": [
        63.8395,
        33.02978
    ],
    "Dasht-e Archī": [
        69.16667,
        37.13333
    ],
    "Darzāb": [
        65.37828,
        35.97744
    ],
    "Markaz-e Ḩukūmat-e Darwēshān": [
        64.1934,
        31.13232
    ],
    "Darqad": [
        69.45294,
        37.38414
    ],
    "Darāyim": [
        70.38333,
        36.86667
    ],
    "Dāngām": [
        71.41943,
        34.99231
    ],
    "Ḏanḏar": [
        69.47504,
        34.79095
    ],
    "Ḩukūmatī Dahanah-ye Ghōrī": [
        68.48869,
        35.90617
    ],
    "Tsowkêy": [
        70.92688,
        34.69246
    ],
    "Chīras": [
        65.98234,
        35.41674
    ],
    "Chisht-e Sharīf": [
        63.73966,
        34.34731
    ],
    "Chinār": [
        65.10721,
        32.01583
    ],
    "Chimtāl": [
        66.80325,
        36.67818
    ],
    "Charkh": [
        68.93749,
        33.79712
    ],
    "Charikar": [
        69.17139,
        35.01361
    ],
    "Dowr-e Rabāţ": [
        68.79093,
        36.69132
    ],
    "Tsapêraī": [
        69.9192,
        33.83003
    ],
    "Tsamkanī": [
        69.81671,
        33.80298
    ],
    "Chakaray": [
        69.4377,
        34.34099
    ],
    "Chākarān": [
        71.06878,
        36.91047
    ],
    "Chahār Qal‘ah": [
        68.29828,
        33.55267
    ],
    "Chahār Burj": [
        62.19165,
        34.24475
    ],
    "Chāh Āb": [
        69.81464,
        37.39773
    ],
    "Chaghcharān": [
        65.25094,
        34.51952
    ],
    "Bulōlah": [
        68.0879,
        34.87706
    ],
    "Bal Chirāgh": [
        65.2309,
        35.84026
    ],
    "Bāzār-e Tālah": [
        68.22317,
        35.39205
    ],
    "Bāsawul": [
        70.87218,
        34.24749
    ],
    "Būrkah": [
        69.15038,
        36.22242
    ],
    "Barg-e Matāl": [
        71.34339,
        35.67283
    ],
    "Barakī Barak": [
        68.9492,
        33.96744
    ],
    "Banū": [
        69.2602,
        35.63348
    ],
    "Bāmyān": [
        67.82734,
        34.82156
    ],
    "Balkh": [
        66.8972,
        36.75635
    ],
    "Bahārak": [
        70.90664,
        37.00254
    ],
    "Bagrāmī": [
        69.27427,
        34.49376
    ],
    "Baghlān": [
        68.70829,
        36.13068
    ],
    "Ḩukūmatī Azrah": [
        69.64573,
        34.17355
    ],
    "Ārt Khwājah": [
        69.47958,
        37.08571
    ],
    "‘Alāqahdārī Aṯghar": [
        67.3574,
        31.73506
    ],
    "Āsmār": [
        71.35809,
        35.03333
    ],
    "Ashkāsham": [
        71.53333,
        36.68333
    ],
    "Asadābād": [
        71.14697,
        34.87311
    ],
    "Āqchah": [
        66.18341,
        36.905
    ],
    "Andkhōy": [
        65.12376,
        36.95293
    ],
    "’Unābah": [
        69.37719,
        35.23251
    ],
    "Anār Darah": [
        61.65397,
        32.7587
    ],
    "Amānzī": [
        66.04765,
        30.21144
    ],
    "‘Alāqahdārī-ye Almār": [
        64.53074,
        35.84616
    ],
    "‘Alī Shēr ‘Alāqahdārī": [
        70.06711,
        33.4362
    ],
    "Wuluswālī ‘Alīngār": [
        70.35946,
        34.8347
    ],
    "‘Alī Khēl": [
        69.71908,
        33.94253
    ],
    "‘Alāqahdārī Yōsuf Khēl": [
        68.65,
        33.05194
    ],
    "‘Alāqahdārī Dīshū": [
        63.29802,
        30.43206
    ],
    "Alah Sāy": [
        69.72049,
        34.8965
    ],
    "Pachīr wa Āgām": [
        70.27806,
        34.20011
    ],
    "Afaki": [
        69.35095,
        36.66172
    ],
    "Adraskan": [
        62.26959,
        33.64573
    ],
    "Āb-e Kamarī": [
        63.0678,
        35.08796
    ],
    "Khadīr": [
        65.93398,
        33.92232
    ],
    "Ghulām ‘Alī": [
        69.2287,
        34.95076
    ],
    "Qarah Bāgh Bāzār": [
        69.17062,
        34.8529
    ],
    "Zargarān": [
        69.05878,
        34.78764
    ],
    "Surkh Bilandī": [
        69.02863,
        34.68474
    ],
    "Pul-e Sangī": [
        69.25993,
        34.59972
    ],
    "Langar": [
        68.05081,
        35.99474
    ],
    "Bāgh-e Maīdān": [
        69.21397,
        35.22156
    ],
    "Ibrāhīm Khān": [
        69.25654,
        35.05352
    ],
    "Qaranghū Tōghaī": [
        67.63972,
        37.21528
    ],
    "Bāzārak": [
        69.51519,
        35.31292
    ],
    "Shērwānī-ye Bālā": [
        69.59934,
        35.01468
    ],
    "Kirāmān": [
        69.68125,
        35.2973
    ],
    "‘Alāqahdārī Saṟōbī": [
        69.0866,
        32.79331
    ],
    "Zerok-Alakadari": [
        69.31278,
        33.15806
    ],
    "Kushkak": [
        61.52194,
        32.28991
    ],
    "Khayr Kōṯ": [
        68.44972,
        32.85355
    ],
    "Chowṉêy": [
        66.27233,
        33.38278
    ],
    "Wuṯahpūr": [
        71.09863,
        34.91914
    ],
    "Karbori": [
        71.27444,
        34.96472
    ],
    "Sulţānpūr-e ‘Ulyā": [
        70.29634,
        34.41204
    ],
    "Babasakhib": [
        65.66098,
        31.66144
    ],
    "Chandal Bā’ī": [
        68.95524,
        34.58469
    ],
    "Dahan-e Jarf": [
        68.46273,
        34.92891
    ],
    "Maydanshakhr": [
        68.86618,
        34.39561
    ],
    "Dū Laīnah": [
        64.78566,
        34.15599
    ],
    "Qaram Qōl": [
        65.04299,
        36.83006
    ],
    "Pul-e Ḩişār": [
        69.47134,
        35.61794
    ],
    "Lab-Sar": [
        66.83799,
        36.02634
    ],
    "Ţāqchah Khānah": [
        69.62805,
        36.61922
    ],
    "March": [
        70.4482,
        37.52845
    ],
    "Zīrakī": [
        70.55814,
        37.59233
    ],
    "Aliabad": [
        68.89985,
        36.52115
    ],
    "Pas Pul": [
        70.61617,
        37.47355
    ],
    "Qal‘ah-ye Na‘īm": [
        69.16705,
        34.39951
    ],
    "Markaz-e Woluswalī-ye Āchīn": [
        70.70778,
        34.12583
    ],
    "Manogay": [
        70.91302,
        34.99015
    ],
    "Stêr Giyān": [
        69.37308,
        32.97704
    ],
    "Cool űrhajó": [
        67.34516,
        34.26545
    ],
    "Sharan": [
        68.73045,
        33.17568
    ],
    "Salām Khēl": [
        69.32983,
        33.67067
    ]
}