{
    "Xarrë": [
        20.05444,
        39.72833
    ],
    "Sarandë": [
        20.00528,
        39.87556
    ],
    "Mesopotam": [
        20.09222,
        39.91028
    ],
    "Markat": [
        20.19528,
        39.73278
    ],
    "Livadhja": [
        20.12194,
        39.78917
    ],
    "Konispol": [
        20.18139,
        39.65889
    ],
    "Kakavijë": [
        20.35833,
        39.90778
    ],
    "Finiq": [
        20.05833,
        39.90639
    ],
    "Dhivër": [
        20.16861,
        39.83611
    ],
    "Delvinë": [
        20.09778,
        39.95111
    ],
    "Aliko": [
        20.07917,
        39.85861
    ],
    "Buçimas": [
        20.68139,
        40.89139
    ],
    "Zhepë": [
        20.28694,
        40.67778
    ],
    "Zerqan": [
        20.36056,
        41.50222
    ],
    "Zavalinë": [
        20.28083,
        40.98083
    ],
    "Zapod": [
        20.5525,
        42.05056
    ],
    "Zall-Reç": [
        20.32,
        41.87611
    ],
    "Zall-Dardhë": [
        20.33611,
        41.80667
    ],
    "Xibër-Murrizë": [
        20.02556,
        41.45472
    ],
    "Vreshtas": [
        20.77694,
        40.79694
    ],
    "Voskopojë": [
        20.58889,
        40.63306
    ],
    "Voskop": [
        20.69028,
        40.61194
    ],
    "Vithkuq": [
        20.25944,
        40.20472
    ],
    "Vërtop": [
        20.05389,
        40.62889
    ],
    "Vergo": [
        20.00889,
        40.00667
    ],
    "Vendresha e Vogël": [
        20.13472,
        40.50722
    ],
    "Velçan": [
        20.46222,
        40.95472
    ],
    "Ujmisht": [
        20.34694,
        41.90833
    ],
    "Udënisht": [
        20.63917,
        40.96333
    ],
    "Tunjë": [
        20.11194,
        40.83417
    ],
    "Tregan": [
        20.07833,
        41.02472
    ],
    "Trebisht-Muçinë": [
        20.53556,
        41.41111
    ],
    "Trebinjë": [
        20.55306,
        40.91333
    ],
    "Topojan": [
        20.21333,
        40.37722
    ],
    "Tomin": [
        20.42167,
        41.69083
    ],
    "Tepelenë": [
        20.01917,
        40.29583
    ],
    "Surroj": [
        20.34417,
        41.99222
    ],
    "Sult": [
        20.09944,
        40.88472
    ],
    "Sukë": [
        20.15472,
        40.37528
    ],
    "Suç": [
        20.05139,
        41.57694
    ],
    "Stravaj": [
        20.42306,
        41.00528
    ],
    "Steblevë": [
        20.47,
        41.33722
    ],
    "Sllovë": [
        20.40833,
        41.80111
    ],
    "Skore": [
        20.36639,
        40.10722
    ],
    "Skënderbegas": [
        20.24056,
        40.77611
    ],
    "Shushicë": [
        20.14833,
        41.0975
    ],
    "Shupenzë": [
        20.42361,
        41.53
    ],
    "Shtiqën": [
        20.43417,
        42.04056
    ],
    "Shishtavec": [
        20.60583,
        41.98
    ],
    "Shirgjan": [
        20.05333,
        41.05194
    ],
    "Shëngjin": [
        19.59389,
        41.81361
    ],
    "Shënmëri": [
        20.23833,
        42.10417
    ],
    "Selishtë": [
        20.27917,
        41.6275
    ],
    "Saraqinishtë": [
        20.22944,
        40.10528
    ],
    "Rukaj": [
        20.01917,
        41.68361
    ],
    "Rajcë": [
        20.57639,
        41.09028
    ],
    "Roshnik": [
        20.03944,
        40.73278
    ],
    "Qukës-Skënderbe": [
        20.43806,
        41.08389
    ],
    "Qestorat": [
        20.19972,
        40.1175
    ],
    "Qafëmal": [
        20.09056,
        42.09333
    ],
    "Përrenjas-Fshat": [
        20.53528,
        41.06667
    ],
    "Përrenjas": [
        20.54889,
        41.07306
    ],
    "Proptisht": [
        20.5025,
        40.98611
    ],
    "Progër": [
        20.94028,
        40.69417
    ],
    "Potom": [
        20.37333,
        40.48833
    ],
    "Poroçan": [
        20.29861,
        40.94194
    ],
    "Polis-Gostimë": [
        20.25833,
        41.13333
    ],
    "Poliçan": [
        20.09806,
        40.61222
    ],
    "Pojan": [
        20.8375,
        40.72583
    ],
    "Pogradec": [
        20.6525,
        40.9025
    ],
    "Pishaj": [
        20.18278,
        40.88111
    ],
    "Pirg": [
        20.70611,
        40.785
    ],
    "Gjinkar": [
        20.40611,
        40.19944
    ],
    "Petran": [
        20.41833,
        40.20944
    ],
    "Peshkopi": [
        20.42889,
        41.685
    ],
    "Përmet": [
        20.35167,
        40.23361
    ],
    "Ostreni i Math": [
        20.45556,
        41.43083
    ],
    "Orosh": [
        20.08333,
        41.83333
    ],
    "Orenjë": [
        20.21194,
        41.28472
    ],
    "Odrie": [
        20.16667,
        40.13333
    ],
    "Novoselë": [
        19.46694,
        40.625
    ],
    "Picar": [
        20.04833,
        40.16667
    ],
    "Mollas": [
        20.67444,
        40.42556
    ],
    "Mollaj": [
        20.74028,
        40.56028
    ],
    "Miras": [
        20.92833,
        40.50917
    ],
    "Melan": [
        20.46528,
        41.65417
    ],
    "Martanesh": [
        20.2,
        41.4
    ],
    "Maqellarë": [
        20.48306,
        41.58889
    ],
    "Maliq": [
        20.69972,
        40.70583
    ],
    "Macukull": [
        20.11028,
        41.68861
    ],
    "Lunik": [
        20.32361,
        41.28917
    ],
    "Llugaj": [
        20.10861,
        42.34139
    ],
    "Lis": [
        20.08528,
        41.6275
    ],
    "Liqenas": [
        20.90222,
        40.78667
    ],
    "Librazhd": [
        20.315,
        41.17944
    ],
    "Libonik": [
        20.70861,
        40.70444
    ],
    "Libohovë": [
        20.26306,
        40.03111
    ],
    "Leskovik": [
        20.59722,
        40.15139
    ],
    "Leshnjë": [
        20.31333,
        40.53694
    ],
    "Lenias": [
        20.39139,
        40.76667
    ],
    "Lekas": [
        20.5125,
        40.60222
    ],
    "Lazarat": [
        20.1475,
        40.04667
    ],
    "Labinot-Mal": [
        20.15222,
        41.20083
    ],
    "Labinot-Fushë": [
        20.14611,
        41.14056
    ],
    "Kushovë": [
        20.18889,
        40.78889
    ],
    "Kurbnesh": [
        20.08361,
        41.77972
    ],
    "Kukur": [
        20.36361,
        40.86778
    ],
    "Kukës": [
        20.42194,
        42.07694
    ],
    "Kthella e Epërme": [
        20.05889,
        41.81194
    ],
    "Krumë": [
        20.41333,
        42.19694
    ],
    "Korçë": [
        20.78083,
        40.61861
    ],
    "Kolsh": [
        20.34194,
        42.07806
    ],
    "Kodovjat": [
        20.25111,
        40.80556
    ],
    "Klos": [
        20.00972,
        40.94611
    ],
    "Këlcyrë": [
        20.18944,
        40.31306
    ],
    "Kastriot": [
        20.37722,
        41.72944
    ],
    "Kardhiq": [
        20.0275,
        40.12167
    ],
    "Kalis": [
        20.36667,
        41.83889
    ],
    "Iballë": [
        20.0025,
        42.1875
    ],
    "Hotolisht": [
        20.39722,
        41.15667
    ],
    "Hoçisht": [
        20.91417,
        40.60833
    ],
    "Gramsh": [
        20.18444,
        40.86972
    ],
    "Gostimë": [
        20.24,
        41.14556
    ],
    "Golaj": [
        20.38028,
        42.2475
    ],
    "Gjorica e Sipërme": [
        20.45,
        41.53444
    ],
    "Gjirokastër": [
        20.13889,
        40.07583
    ],
    "Gjinar": [
        20.18889,
        41.0225
    ],
    "Gjinaj": [
        20.43583,
        42.11806
    ],
    "Gjergjan": [
        20.02972,
        41.04306
    ],
    "Gjegjan": [
        20.01111,
        41.93778
    ],
    "Fushë-Muhurr": [
        20.33139,
        41.67972
    ],
    "Fushë-Lurë": [
        20.23194,
        41.80611
    ],
    "Fushë-Çidhnë": [
        20.34111,
        41.76056
    ],
    "Fushë-Bulqizë": [
        20.28222,
        41.52194
    ],
    "Fushë-Arrëz": [
        20.01667,
        42.06222
    ],
    "Frashër": [
        20.42444,
        40.36889
    ],
    "Fierzë": [
        19.84694,
        40.92056
    ],
    "Fajzë": [
        20.35083,
        42.16694
    ],
    "Ersekë": [
        20.67889,
        40.33778
    ],
    "Elbasan": [
        20.08222,
        41.1125
    ],
    "Drenovë": [
        19.70083,
        40.60056
    ],
    "Dishnicë": [
        20.81361,
        40.65139
    ],
    "Derviçian": [
        20.17333,
        40.0325
    ],
    "Derjan": [
        20.05833,
        41.67361
    ],
    "Gjerbës": [
        20.25111,
        40.62917
    ],
    "Çorovodë": [
        20.22722,
        40.50417
    ],
    "Çlirim": [
        20.55028,
        40.4175
    ],
    "Cerava": [
        20.725,
        40.85139
    ],
    "Çepan": [
        20.26056,
        40.42056
    ],
    "Çarshovë": [
        20.54083,
        40.11806
    ],
    "Kokaj": [
        20.50472,
        41.87833
    ],
    "Buz": [
        20.00472,
        40.445
    ],
    "Bushtricë": [
        20.42194,
        41.87861
    ],
    "Burrel": [
        20.00889,
        41.61028
    ],
    "Bulqizë": [
        20.22194,
        41.49167
    ],
    "Bujan": [
        20.07639,
        42.32639
    ],
    "Bradashesh": [
        20.0225,
        41.105
    ],
    "Blinisht": [
        20,
        41.86139
    ],
    "Blerim": [
        20.19194,
        42.16056
    ],
    "Bilisht": [
        20.99,
        40.6275
    ],
    "Bicaj": [
        20.4125,
        41.99472
    ],
    "Dardhas": [
        20.65722,
        40.84583
    ],
    "Barmash": [
        20.61833,
        40.27778
    ],
    "Ballaban": [
        20.13444,
        40.41667
    ],
    "Arrën": [
        20.28833,
        41.91306
    ],
    "Arras": [
        20.32417,
        41.73583
    ],
    "Bytyç": [
        20.20278,
        42.31
    ],
    "Librazhd-Qendër": [
        20.33556,
        41.19694
    ],
    "Funarë": [
        20.05972,
        41.19639
    ],
    "Moglicë": [
        20.43806,
        40.71806
    ],
    "Bogovë": [
        20.15,
        40.57111
    ],
    "Piskovë": [
        20.2725,
        40.27917
    ],
    "Lukovë": [
        19.91389,
        39.99222
    ],
    "Zharrëz": [
        19.64972,
        40.70917
    ],
    "Zejmen": [
        19.68917,
        41.70778
    ],
    "Zall-Herr": [
        19.8275,
        41.38944
    ],
    "Zall-Bastar": [
        19.93028,
        41.42972
    ],
    "Xhafzotaj": [
        19.5475,
        41.34444
    ],
    "Vukatanë": [
        19.54778,
        42.02806
    ],
    "Vranisht": [
        19.69083,
        40.20972
    ],
    "Vorë": [
        19.655,
        41.39083
    ],
    "Vlorë": [
        19.48972,
        40.46667
    ],
    "Velipojë": [
        19.40556,
        41.87833
    ],
    "Velabisht": [
        19.93222,
        40.70167
    ],
    "Vaqarr": [
        19.74417,
        41.29917
    ],
    "Ura Vajgurore": [
        19.87778,
        40.76889
    ],
    "Ungrej": [
        19.79472,
        41.87528
    ],
    "Ulëz": [
        19.89333,
        41.68278
    ],
    "Topojë": [
        19.43278,
        40.76306
    ],
    "Tirana": [
        19.81889,
        41.3275
    ],
    "Thumanë": [
        19.67778,
        41.5475
    ],
    "Tërbuf": [
        19.61417,
        41.04
    ],
    "Synej": [
        19.5425,
        41.18
    ],
    "Sukth": [
        19.53778,
        41.38056
    ],
    "Strum": [
        19.7375,
        40.75111
    ],
    "Sinjë": [
        19.86806,
        40.64806
    ],
    "Sinaballaj": [
        19.69944,
        41.06889
    ],
    "Shkodër": [
        19.51258,
        42.06828
    ],
    "Shijak": [
        19.56722,
        41.34556
    ],
    "Shezë": [
        19.81611,
        41.02417
    ],
    "Shënkoll": [
        19.65333,
        41.69083
    ],
    "Shëngjergj": [
        19.53333,
        41.18333
    ],
    "Shalës": [
        19.94778,
        40.99861
    ],
    "Nicaj-Shalë": [
        19.805,
        42.29944
    ],
    "Sevaster": [
        19.72972,
        40.39639
    ],
    "Selitë": [
        19.84806,
        40.5475
    ],
    "Valbonë": [
        19.89167,
        42.45139
    ],
    "Selenicë": [
        19.63583,
        40.53056
    ],
    "Ruzhdie": [
        19.69833,
        40.67083
    ],
    "Rubik": [
        19.78611,
        41.77444
    ],
    "Rrogozhinë": [
        19.66528,
        41.07639
    ],
    "Rrëshen": [
        19.87556,
        41.7675
    ],
    "Rrashbull": [
        19.51028,
        41.32278
    ],
    "Rrasa e Sipërme": [
        19.82111,
        40.96778
    ],
    "Rrapë": [
        19.97056,
        42.04444
    ],
    "Roskovec": [
        19.70222,
        40.7375
    ],
    "Remas": [
        19.51139,
        40.88639
    ],
    "Qerret": [
        19.83722,
        42.05306
    ],
    "Qelëz": [
        19.895,
        42.08972
    ],
    "Pukë": [
        19.89972,
        42.04444
    ],
    "Progonat": [
        19.94472,
        40.21333
    ],
    "Prezë": [
        19.67278,
        41.42722
    ],
    "Poshnje": [
        19.84417,
        40.78028
    ],
    "Portëz": [
        19.57444,
        40.69917
    ],
    "Peza e Madhe": [
        19.69611,
        41.2175
    ],
    "Petrelë": [
        19.85306,
        41.25306
    ],
    "Përparim": [
        19.79917,
        41.05
    ],
    "Perondi": [
        19.92306,
        40.77889
    ],
    "Peqin": [
        19.75111,
        41.04611
    ],
    "Patos Fshat": [
        19.65083,
        40.64278
    ],
    "Patos": [
        19.61944,
        40.68333
    ],
    "Paskuqan": [
        19.80667,
        41.35389
    ],
    "Papër": [
        19.96083,
        41.05167
    ],
    "Pajovë": [
        19.8375,
        41.05472
    ],
    "Otllak": [
        19.93528,
        40.74389
    ],
    "Orikum": [
        19.47139,
        40.32528
    ],
    "Nikël": [
        19.74833,
        41.44417
    ],
    "Nicaj-Shosh": [
        19.75806,
        42.24444
    ],
    "Ngraçan": [
        19.7925,
        40.64444
    ],
    "Ndroq": [
        19.65583,
        41.26389
    ],
    "Milot": [
        19.71556,
        41.68389
    ],
    "Memaliaj": [
        19.98028,
        40.35167
    ],
    "Mbrostar-Urë": [
        19.57944,
        40.75361
    ],
    "Manzë": [
        19.59306,
        41.42861
    ],
    "Mamurras": [
        19.69222,
        41.5775
    ],
    "Maminas": [
        19.6075,
        41.37917
    ],
    "Luzi i Vogël": [
        19.57389,
        41.1275
    ],
    "Lushnjë": [
        19.705,
        40.94194
    ],
    "Luftinjë": [
        19.95444,
        40.44278
    ],
    "Libofshë": [
        19.55222,
        40.83444
    ],
    "Lezhë": [
        19.64361,
        41.78361
    ],
    "Levan": [
        19.48972,
        40.67611
    ],
    "Lekbibaj": [
        19.93167,
        42.29472
    ],
    "Lekaj": [
        19.60972,
        41.11444
    ],
    "Laç": [
        19.71306,
        41.63556
    ],
    "Kutë": [
        19.76639,
        40.47333
    ],
    "Kutalli": [
        19.78667,
        40.78389
    ],
    "Kurjan": [
        19.74556,
        40.7175
    ],
    "Kuman": [
        19.68667,
        40.72667
    ],
    "Kuçovë": [
        19.91667,
        40.80028
    ],
    "Kuç": [
        19.52528,
        42.03972
    ],
    "Kryevidh": [
        19.5275,
        41.10056
    ],
    "Krutja e Poshtme": [
        19.68083,
        40.87194
    ],
    "Krujë": [
        19.79278,
        41.50917
    ],
    "Krrabë": [
        19.97139,
        41.21556
    ],
    "Krahës": [
        19.84444,
        40.43861
    ],
    "Kozarë": [
        19.90056,
        40.83083
    ],
    "Kotë": [
        19.60222,
        40.38944
    ],
    "Koplik": [
        19.43639,
        42.21361
    ],
    "Kombësi": [
        19.98556,
        41.58167
    ],
    "Kolonjë": [
        19.60389,
        40.82417
    ],
    "Kolç": [
        19.67611,
        41.78667
    ],
    "Kavajë": [
        19.55694,
        41.18556
    ],
    "Katundi i Ri": [
        19.51806,
        41.40306
    ],
    "Kastrat": [
        19.48917,
        42.3525
    ],
    "Kashar": [
        19.71028,
        41.34972
    ],
    "Karinë": [
        19.71611,
        41.06306
    ],
    "Karbunara e Vogël": [
        19.71778,
        40.92194
    ],
    "Kamëz": [
        19.76028,
        41.38167
    ],
    "Kallmeti i Madh": [
        19.68694,
        41.84889
    ],
    "Kallmet": [
        19.82139,
        41.41806
    ],
    "Kalenjë": [
        19.77833,
        40.59
    ],
    "Kajan": [
        19.88944,
        40.91417
    ],
    "Kaçinar": [
        19.89861,
        41.89333
    ],
    "Ishëm": [
        19.6,
        41.54528
    ],
    "Hysgjokaj": [
        19.78972,
        40.97167
    ],
    "Hot": [
        19.44417,
        42.36194
    ],
    "Himarë": [
        19.74472,
        40.10167
    ],
    "Helmas": [
        19.60694,
        41.18028
    ],
    "Hekal": [
        19.73583,
        40.56194
    ],
    "Hasan": [
        19.69972,
        41.48278
    ],
    "Hajmel": [
        19.63778,
        41.95306
    ],
    "Gurra e Vogël": [
        19.99083,
        41.53611
    ],
    "Guri i Zi": [
        19.57472,
        42.045
    ],
    "Gruemirë": [
        19.51889,
        42.15917
    ],
    "Greshicë": [
        19.77833,
        40.55194
    ],
    "Grekan": [
        19.9475,
        40.92944
    ],
    "Gradishtë": [
        19.58583,
        40.88806
    ],
    "Gracen": [
        19.96361,
        41.15194
    ],
    "Grabjan": [
        19.58083,
        40.95306
    ],
    "Gosë e Madhe": [
        19.62472,
        41.09056
    ],
    "Golem": [
        19.53472,
        41.24583
    ],
    "Gjoçaj": [
        19.72389,
        41.02556
    ],
    "Gjepalaj": [
        19.57806,
        41.33306
    ],
    "Fushëkuqe": [
        19.62,
        41.65028
    ],
    "Fushë-Krujë": [
        19.71778,
        41.47833
    ],
    "Fratar": [
        19.81667,
        40.5
    ],
    "Frakulla e Madhe": [
        19.5025,
        40.65583
    ],
    "Fier-Shegan": [
        19.78528,
        40.86722
    ],
    "Fier-Çifçi": [
        19.56667,
        40.71667
    ],
    "Fier": [
        19.55611,
        40.72389
    ],
    "Farka e Madhe": [
        19.86694,
        41.30556
    ],
    "Durrës": [
        19.44139,
        41.32306
    ],
    "Divjakë": [
        19.52944,
        40.99667
    ],
    "Dërmënas": [
        19.49389,
        40.74556
    ],
    "Vau i Dejës": [
        19.62472,
        42.01
    ],
    "Dajt": [
        19.91583,
        41.39361
    ],
    "Dajç": [
        19.60444,
        41.91556
    ],
    "Cukalat": [
        19.79056,
        40.73028
    ],
    "Cudhi Zall": [
        19.84583,
        41.50944
    ],
    "Cërrik": [
        19.97583,
        41.03167
    ],
    "Cakran": [
        19.62611,
        40.60333
    ],
    "Bushat": [
        19.89972,
        42.11944
    ],
    "Bubullimë": [
        19.64083,
        40.81806
    ],
    "Bubq": [
        19.65167,
        41.47417
    ],
    "Brataj": [
        19.66917,
        40.26778
    ],
    "Bërzhitë": [
        19.90111,
        41.24528
    ],
    "Bërxull": [
        19.6875,
        41.38
    ],
    "Bërdica e Madhe": [
        19.48167,
        42.01528
    ],
    "Berat": [
        19.95222,
        40.70583
    ],
    "Belsh": [
        19.88194,
        40.975
    ],
    "Baz": [
        19.92917,
        41.63194
    ],
    "Banaj": [
        19.83917,
        40.82472
    ],
    "Ballsh": [
        19.73472,
        40.59889
    ],
    "Ballagat": [
        19.76528,
        40.99528
    ],
    "Baldushk": [
        19.79694,
        41.21389
    ],
    "Armen": [
        19.59611,
        40.53639
    ],
    "Aranitas": [
        19.80667,
        40.59444
    ],
    "Allkaj": [
        19.75528,
        40.8575
    ],
    "Balldreni i Ri": [
        19.64028,
        41.81917
    ],
    "Grudë-Fushë": [
        19.49667,
        42.16222
    ],
    "Dushk": [
        19.75722,
        40.72667
    ],
    "Vllahinë": [
        19.64361,
        40.45694
    ],
    "Bajram Curri": [
        20.07679,
        42.35734
    ]
}