{
    "Zarrit’ap’": [
        45.51162,
        39.63732
    ],
    "Zangakatun": [
        45.04063,
        39.8212
    ],
    "Goravan": [
        44.73171,
        39.90611
    ],
    "Yeghegnavan": [
        44.62531,
        39.83799
    ],
    "Yeghegnadzor": [
        45.33239,
        39.76389
    ],
    "Vostan": [
        44.55937,
        39.96515
    ],
    "Vosketap’": [
        44.64917,
        39.88114
    ],
    "Vernashen": [
        45.36389,
        39.79236
    ],
    "Verishen": [
        46.31221,
        39.53557
    ],
    "Vedi": [
        44.72217,
        39.91421
    ],
    "Vayk’": [
        45.46653,
        39.691
    ],
    "Tegh": [
        46.47723,
        39.55792
    ],
    "Surenavan": [
        44.77397,
        39.79759
    ],
    "Sisavan": [
        44.6672,
        39.90802
    ],
    "Shinuhayr": [
        46.31787,
        39.4367
    ],
    "Shahumyan": [
        44.54596,
        40.77482
    ],
    "Shatin": [
        45.30186,
        39.83568
    ],
    "Shaghat": [
        45.91433,
        39.56253
    ],
    "Rrind": [
        45.17907,
        39.76022
    ],
    "Noyakert": [
        44.66899,
        39.8312
    ],
    "Mrgavan": [
        44.53318,
        39.97167
    ],
    "Meghri": [
        46.24458,
        38.90292
    ],
    "Malishka": [
        45.39004,
        39.73758
    ],
    "Khndzoresk": [
        46.43284,
        39.51224
    ],
    "Kapan": [
        46.40576,
        39.20754
    ],
    "Jermuk": [
        45.6723,
        39.84173
    ],
    "Goris": [
        46.33816,
        39.51288
    ],
    "Gladzor": [
        45.35043,
        39.78123
    ],
    "Getap’": [
        45.30664,
        39.76306
    ],
    "Dzorastan": [
        46.3572,
        39.27059
    ],
    "Dalar": [
        44.52649,
        39.97653
    ],
    "Burastan": [
        44.49682,
        39.99157
    ],
    "Brun": [
        46.30732,
        39.53491
    ],
    "Brrnakot’": [
        45.97241,
        39.49742
    ],
    "Berkanush": [
        44.51394,
        39.97726
    ],
    "Aygezard": [
        44.6023,
        39.95436
    ],
    "Aygepat": [
        44.59982,
        39.95845
    ],
    "Aygavan": [
        44.66984,
        39.87326
    ],
    "Avshar": [
        44.6793,
        39.8536
    ],
    "Hats’avan": [
        45.97047,
        39.46405
    ],
    "Artashat": [
        44.54447,
        39.96144
    ],
    "Yeghegis": [
        45.36002,
        39.87181
    ],
    "Armash": [
        44.80902,
        39.76532
    ],
    "Areni": [
        45.17991,
        39.71913
    ],
    "Ararat": [
        44.70489,
        39.83166
    ],
    "Angeghakot’": [
        45.94123,
        39.57017
    ],
    "Aghavnadzor": [
        44.69581,
        40.58195
    ],
    "Agarakadzor": [
        45.35274,
        39.73405
    ],
    "Agarak": [
        44.07033,
        40.32932
    ],
    "Aralez": [
        44.6514,
        39.90195
    ],
    "Horrom": [
        43.88819,
        40.66012
    ],
    "Margara": [
        44.17709,
        40.03351
    ],
    "Zovuni": [
        44.42889,
        40.51083
    ],
    "Zovaber": [
        44.78827,
        40.56693
    ],
    "Zorak": [
        44.39209,
        40.09109
    ],
    "Zarr": [
        44.73086,
        40.2595
    ],
    "Yerevan": [
        44.51361,
        40.18111
    ],
    "Yerazgavors": [
        43.75,
        40.7
    ],
    "Yeraskhahun": [
        44.21619,
        40.07167
    ],
    "Yeranos": [
        45.19209,
        40.20428
    ],
    "Yeghegnut": [
        44.16018,
        40.09186
    ],
    "Ejmiatsin": [
        44.29462,
        40.16557
    ],
    "Yeghvard": [
        44.48138,
        40.32053
    ],
    "Voskevaz": [
        44.29509,
        40.27678
    ],
    "Voskevan": [
        45.06381,
        41.12081
    ],
    "Voskehask": [
        43.77474,
        40.76426
    ],
    "Verin Getashen": [
        45.25068,
        40.13328
    ],
    "Verin Dvin": [
        44.59038,
        40.02434
    ],
    "Verin Artashat": [
        44.58546,
        39.99046
    ],
    "Verin Akhtala": [
        44.75811,
        41.16838
    ],
    "Varser": [
        44.9069,
        40.5534
    ],
    "Vardenis": [
        45.7311,
        40.18272
    ],
    "Vardenik": [
        45.43342,
        40.13928
    ],
    "Vahan": [
        45.39769,
        40.57549
    ],
    "Vaghashen": [
        45.32879,
        40.13578
    ],
    "Vahagni": [
        44.60873,
        40.90698
    ],
    "Ushi": [
        44.37252,
        40.34869
    ],
    "Urrut": [
        44.39628,
        41.06778
    ],
    "Tsovinar": [
        45.46132,
        40.15701
    ],
    "Tsovazard": [
        45.05879,
        40.4709
    ],
    "Tsovak": [
        45.63286,
        40.18254
    ],
    "Tsovagyugh": [
        44.95738,
        40.63029
    ],
    "Tsaghkunk’": [
        44.27026,
        40.18075
    ],
    "Tsaghkahovit": [
        44.22241,
        40.63428
    ],
    "Tsaghkaber": [
        44.10144,
        40.79849
    ],
    "Tsaghkadzor": [
        44.72025,
        40.53259
    ],
    "T’azagyugh": [
        45.19096,
        40.1382
    ],
    "Tashir": [
        44.28462,
        41.12072
    ],
    "Tandzut": [
        44.07476,
        40.07015
    ],
    "T’alin": [
        43.87387,
        40.38428
    ],
    "Spitak": [
        44.27435,
        40.79532
    ],
    "Spandaryan": [
        44.01551,
        40.66105
    ],
    "Sovetakan": [
        44.05108,
        40.10712
    ],
    "Solak": [
        44.70796,
        40.46439
    ],
    "Sis": [
        44.38649,
        40.06023
    ],
    "Shnogh": [
        44.84043,
        41.14693
    ],
    "Shirak": [
        43.91582,
        40.84042
    ],
    "Shenavan": [
        43.92876,
        40.05486
    ],
    "Sevan": [
        44.94868,
        40.5484
    ],
    "Sarukhan": [
        45.13059,
        40.29053
    ],
    "Sarigyugh": [
        45.14486,
        41.03531
    ],
    "Saratak": [
        43.86915,
        40.66992
    ],
    "Saramech": [
        44.2222,
        40.77487
    ],
    "Sarahart’": [
        44.21407,
        40.87043
    ],
    "Samaghar": [
        44.24331,
        40.18516
    ],
    "Ptghni": [
        44.58407,
        40.25576
    ],
    "Ptghunk’": [
        44.36328,
        40.16505
    ],
    "Pshatavan": [
        44.06629,
        40.03865
    ],
    "Prroshyan": [
        44.41631,
        40.24853
    ],
    "Pokr Mantash": [
        44.04666,
        40.64026
    ],
    "Zoravan": [
        44.52319,
        40.35326
    ],
    "Pemzashen": [
        43.94021,
        40.5851
    ],
    "Parravak’ar": [
        45.36696,
        40.98248
    ],
    "Oshakan": [
        44.31456,
        40.2646
    ],
    "Hoktember": [
        44.00969,
        40.13206
    ],
    "Odzun": [
        44.61341,
        41.05321
    ],
    "Noyemberyan": [
        44.99917,
        41.17244
    ],
    "Nor Gyugh": [
        44.6563,
        40.2673
    ],
    "Nor Geghi": [
        44.58027,
        40.32105
    ],
    "Norashen": [
        44.58952,
        39.9996
    ],
    "Nor Armavir": [
        43.99242,
        40.08563
    ],
    "Noramarg": [
        44.42403,
        40.02384
    ],
    "Norakert": [
        44.34774,
        40.19229
    ],
    "Noratus": [
        45.17718,
        40.37547
    ],
    "Nerk’in Getashen": [
        45.279,
        40.14046
    ],
    "Navur": [
        45.34179,
        40.86694
    ],
    "Nalbandyan": [
        43.9869,
        40.06236
    ],
    "Musayelyan": [
        43.99274,
        40.75767
    ],
    "Hovtamej": [
        44.25862,
        40.18347
    ],
    "Mrgashen": [
        44.54107,
        40.28523
    ],
    "Mrgashat": [
        44.06584,
        40.12462
    ],
    "Mrganush": [
        44.55831,
        40.02857
    ],
    "Mosesgegh": [
        45.48838,
        40.90534
    ],
    "Mets Parni": [
        44.11042,
        40.83335
    ],
    "Mets Masrik": [
        45.76809,
        40.21825
    ],
    "Mets Mant’ash": [
        44.05653,
        40.64376
    ],
    "Metsavan": [
        44.22877,
        41.20156
    ],
    "Metsamor": [
        44.11998,
        40.14481
    ],
    "Mertsavan": [
        44.40032,
        40.1814
    ],
    "Meghrashen": [
        43.95783,
        40.67259
    ],
    "Meghradzor": [
        44.65147,
        40.60611
    ],
    "Mayakovski": [
        44.63928,
        40.25196
    ],
    "Masis": [
        44.43591,
        40.06762
    ],
    "Martuni": [
        45.3045,
        40.13768
    ],
    "Marmarashen": [
        44.47012,
        40.05734
    ],
    "Marmashen": [
        43.7779,
        40.83486
    ],
    "Margahovit": [
        44.68474,
        40.73381
    ],
    "Maralik": [
        43.86862,
        40.57453
    ],
    "Mayisyan": [
        43.83938,
        40.84715
    ],
    "Madina": [
        45.25507,
        40.07638
    ],
    "Lukashin": [
        44.0039,
        40.18726
    ],
    "Lorut": [
        44.77142,
        40.93717
    ],
    "Lichk’": [
        45.23467,
        40.15933
    ],
    "Lernavan": [
        44.16024,
        40.7882
    ],
    "Lerrnapat": [
        44.39344,
        40.81538
    ],
    "Lerrnanist": [
        44.79249,
        40.46676
    ],
    "Lerrnakert": [
        43.93851,
        40.56118
    ],
    "Khoronk’": [
        44.24541,
        40.13507
    ],
    "Lchashen": [
        44.9319,
        40.51757
    ],
    "Lchap’": [
        45.0728,
        40.45462
    ],
    "Lanjaghbyur": [
        45.14038,
        40.27146
    ],
    "Kotayk’": [
        44.66036,
        40.27534
    ],
    "Kosh": [
        44.15584,
        40.29999
    ],
    "Vanadzor": [
        44.4939,
        40.80456
    ],
    "Hnaberd": [
        44.14058,
        40.63721
    ],
    "Khasht’arrak": [
        45.1821,
        40.93668
    ],
    "Kasakh": [
        44.41046,
        40.53697
    ],
    "Karchaghbyur": [
        45.57785,
        40.17048
    ],
    "Karbi": [
        44.37665,
        40.33236
    ],
    "Karanlukh": [
        45.28972,
        40.10444
    ],
    "Kaputan": [
        44.69693,
        40.32407
    ],
    "K’anak’erravan": [
        44.53511,
        40.24739
    ],
    "Kamo": [
        43.95071,
        40.82572
    ],
    "Gavarr": [
        45.12386,
        40.35398
    ],
    "Zhdanov": [
        44.09192,
        40.15701
    ],
    "Ijevan": [
        45.14851,
        40.87877
    ],
    "Hrazdan": [
        44.7662,
        40.49748
    ],
    "Armavir": [
        44.03815,
        40.15446
    ],
    "Hayanist": [
        44.37523,
        40.12166
    ],
    "Haghartsin": [
        44.96847,
        40.77614
    ],
    "Gyumri": [
        43.84528,
        40.7942
    ],
    "Gyulagarak": [
        44.47144,
        40.96715
    ],
    "Ghukasavan": [
        44.41594,
        40.12585
    ],
    "Geghamasar": [
        45.67924,
        40.31091
    ],
    "Gugark’": [
        44.54025,
        40.8046
    ],
    "Tsiatsan": [
        44.26608,
        40.1869
    ],
    "Goght’": [
        44.78093,
        40.13495
    ],
    "Gogaran": [
        44.19915,
        40.89255
    ],
    "Getazat": [
        44.56369,
        40.03844
    ],
    "Getashen": [
        43.94203,
        40.04405
    ],
    "Geghanist": [
        44.43054,
        40.14493
    ],
    "Geghamavan": [
        44.8879,
        40.5634
    ],
    "Garrni": [
        44.73442,
        40.11931
    ],
    "Gagarin": [
        44.86918,
        40.54031
    ],
    "Fantan": [
        44.68476,
        40.39438
    ],
    "Fioletovo": [
        44.71769,
        40.72241
    ],
    "Dzoraghbyur": [
        44.6415,
        40.20412
    ],
    "Dzoragyugh": [
        45.18336,
        40.16957
    ],
    "Dzit’hank’ov": [
        43.82107,
        40.50891
    ],
    "Jrashen": [
        44.51259,
        40.05276
    ],
    "Jrahovit": [
        44.47372,
        40.04533
    ],
    "Janfida": [
        44.02334,
        40.04391
    ],
    "Dvin": [
        44.58376,
        40.01984
    ],
    "Dsegh": [
        44.65003,
        40.9617
    ],
    "Drakhtik": [
        45.2367,
        40.56496
    ],
    "Doghs": [
        44.27171,
        40.22373
    ],
    "Dilijan": [
        44.86362,
        40.74103
    ],
    "Ddmashen": [
        44.81851,
        40.56972
    ],
    "Darpas": [
        44.42494,
        40.83674
    ],
    "Dalarik": [
        43.87538,
        40.22664
    ],
    "Chochkan": [
        44.83217,
        41.18118
    ],
    "Chambarak": [
        45.35498,
        40.59655
    ],
    "Bjni": [
        44.64812,
        40.4559
    ],
    "Byureghavan": [
        44.59396,
        40.31485
    ],
    "Byurakan": [
        44.27138,
        40.338
    ],
    "Buzhakan": [
        44.52105,
        40.45294
    ],
    "Berd": [
        45.38901,
        40.88135
    ],
    "Bazum": [
        44.43978,
        40.86763
    ],
    "Byuravan": [
        44.51889,
        40.01604
    ],
    "Bambakashat": [
        44.01608,
        40.10993
    ],
    "Balahovit": [
        44.60426,
        40.25373
    ],
    "Bagratashen": [
        44.81737,
        41.24358
    ],
    "Azatan": [
        43.82727,
        40.71959
    ],
    "Haykavan": [
        43.75172,
        40.80312
    ],
    "Aygestan": [
        44.55905,
        40.00258
    ],
    "Aygeshat": [
        44.05797,
        40.07641
    ],
    "Aknalich": [
        44.1498,
        40.14315
    ],
    "Aygehovit": [
        45.25033,
        40.97951
    ],
    "Artimet": [
        44.26543,
        40.1508
    ],
    "Astghadzor": [
        45.35698,
        40.12248
    ],
    "Ashtarak": [
        44.36204,
        40.2991
    ],
    "Ashnak": [
        43.91848,
        40.32887
    ],
    "Arzni": [
        44.59664,
        40.29626
    ],
    "Arzakan": [
        44.60648,
        40.44997
    ],
    "Arteni": [
        43.7622,
        40.29848
    ],
    "Arshaluys": [
        44.21375,
        40.1684
    ],
    "Argel": [
        44.59828,
        40.37943
    ],
    "Argavand": [
        44.09474,
        40.06097
    ],
    "Arevshat": [
        44.54179,
        40.03963
    ],
    "Arevik": [
        44.09127,
        40.09945
    ],
    "Arevashogh": [
        44.27438,
        40.86039
    ],
    "Arevashat": [
        44.37068,
        40.1425
    ],
    "Archis": [
        44.87632,
        41.16351
    ],
    "Arbat’": [
        44.402,
        40.13811
    ],
    "Arazap": [
        44.14721,
        40.04195
    ],
    "Arrap’i": [
        43.80583,
        40.78276
    ],
    "Aramus": [
        44.66351,
        40.25095
    ],
    "Arak’s": [
        44.30257,
        40.0544
    ],
    "Aragats": [
        44.35279,
        40.48887
    ],
    "Aparan": [
        44.3589,
        40.59323
    ],
    "Apaga": [
        44.25157,
        40.09666
    ],
    "Anushavan": [
        43.97756,
        40.65013
    ],
    "Amasia": [
        43.7872,
        40.95442
    ],
    "Alaverdi": [
        44.67316,
        41.09766
    ],
    "Akunk’": [
        45.72568,
        40.15886
    ],
    "Akhuryan": [
        43.90027,
        40.78003
    ],
    "Aghavnatun": [
        44.24974,
        40.23238
    ],
    "Abovyan": [
        44.54742,
        40.04851
    ],
    "Vardablur": [
        44.50889,
        40.97083
    ],
    "Bartsrashen": [
        44.57958,
        40.08533
    ],
    "Nshavan": [
        44.52565,
        40.02787
    ],
    "Norabats’": [
        44.42988,
        40.10568
    ],
    "Berdavan": [
        44.99967,
        41.20503
    ],
    "Shirakamut": [
        44.15278,
        40.86056
    ],
    "Azatamut": [
        45.18551,
        40.98204
    ],
    "Getahovit": [
        45.13971,
        40.89784
    ],
    "Artsvaberd": [
        45.47033,
        40.83947
    ],
    "Nor Yerznka": [
        44.40483,
        40.31356
    ],
    "Nor Sasunik": [
        44.33957,
        40.24869
    ],
    "Kamaris": [
        44.69459,
        40.23539
    ],
    "Gandzak": [
        45.11139,
        40.31472
    ],
    "Myasnikyan": [
        43.90639,
        40.1775
    ],
    "Lenughi": [
        43.96484,
        40.12562
    ],
    "Gay": [
        44.30528,
        40.08444
    ],
    "Baghramyan": [
        44.36832,
        40.19344
    ],
    "Musalerr": [
        44.37894,
        40.15393
    ],
    "Darakert": [
        44.41334,
        40.10547
    ],
    "Dashtavan": [
        44.39067,
        40.10121
    ],
    "Nizami": [
        44.40453,
        40.09114
    ],
    "Artsvanist": [
        45.50222,
        40.15444
    ],
    "Vardadzor": [
        45.19212,
        40.18701
    ],
    "Taronik": [
        44.19957,
        40.13367
    ],
    "Aknashen": [
        44.28604,
        40.09551
    ],
    "Haykashen": [
        44.30628,
        40.07303
    ],
    "Hovtashat": [
        44.33891,
        40.10328
    ],
    "Sayat’-Nova": [
        44.39846,
        40.07428
    ],
    "Voskehat": [
        44.32918,
        40.14158
    ],
    "Griboyedov": [
        44.27169,
        40.11307
    ],
    "Amberd": [
        44.27227,
        40.24192
    ],
    "Aygek": [
        44.38333,
        40.18861
    ],
    "Hovtashen": [
        44.45129,
        40.0251
    ],
    "Dimitrov": [
        44.48999,
        40.00752
    ],
    "Mrgavet": [
        44.48252,
        40.02779
    ],
    "Arevabuyr": [
        44.46934,
        40.03712
    ]
}