{
    "York": [
        116.76874,
        -31.88467
    ],
    "Yanchep": [
        115.63171,
        -31.54678
    ],
    "Yallingup": [
        115.03333,
        -33.65
    ],
    "Wundowie": [
        116.3799,
        -31.76163
    ],
    "Wooroloo": [
        116.31311,
        -31.8038
    ],
    "Woodville": [
        138.55,
        -34.88333
    ],
    "Woodside": [
        138.87901,
        -34.95433
    ],
    "Wongan Hills": [
        116.71925,
        -30.89294
    ],
    "Williamstown": [
        138.89108,
        -34.6721
    ],
    "Willaston": [
        138.75,
        -34.58333
    ],
    "Whyalla": [
        137.56484,
        -33.03268
    ],
    "Wembley": [
        115.8,
        -31.93333
    ],
    "Wellard": [
        115.83333,
        -32.26667
    ],
    "Wayville": [
        138.58333,
        -34.95
    ],
    "Waroona": [
        115.92201,
        -32.84323
    ],
    "Wanneroo": [
        115.8,
        -31.75
    ],
    "Wallaroo": [
        137.63365,
        -33.93881
    ],
    "Waikerie": [
        139.98552,
        -34.18178
    ],
    "Wagin": [
        117.34328,
        -33.30894
    ],
    "Waggrakine": [
        114.61667,
        -28.71667
    ],
    "Virginia": [
        138.56027,
        -34.6663
    ],
    "Victor Harbor": [
        138.62154,
        -35.55042
    ],
    "Vasse": [
        115.25,
        -33.66667
    ],
    "Upper Sturt": [
        138.68333,
        -35.01667
    ],
    "Unley": [
        138.6,
        -34.95
    ],
    "Two Wells": [
        138.51367,
        -34.59327
    ],
    "Tumby Bay": [
        136.10333,
        -34.37506
    ],
    "Trigg": [
        115.7571,
        -31.86939
    ],
    "Toodyay": [
        116.46743,
        -31.54977
    ],
    "Thebarton": [
        138.56667,
        -34.91667
    ],
    "Tennant Creek": [
        134.19147,
        -19.6497
    ],
    "Tanunda": [
        138.95982,
        -34.52336
    ],
    "Swan View": [
        116.05,
        -31.88333
    ],
    "Swanbourne": [
        115.78333,
        -31.96667
    ],
    "Subiaco": [
        115.8,
        -31.95
    ],
    "Sturt": [
        138.55,
        -35.01667
    ],
    "Streaky Bay": [
        134.21159,
        -32.79924
    ],
    "Strathalbyn": [
        138.89247,
        -35.25979
    ],
    "Stoneville": [
        121.76667,
        -30.86667
    ],
    "Stirling": [
        138.73637,
        -35.01518
    ],
    "Spearwood": [
        115.78333,
        -32.1
    ],
    "South Perth": [
        115.86667,
        -31.98333
    ],
    "Solomontown": [
        138.03333,
        -33.2
    ],
    "Smithfield": [
        138.68333,
        -34.68333
    ],
    "Serpentine": [
        115.97723,
        -32.36051
    ],
    "Seaton": [
        138.51667,
        -34.9
    ],
    "Seaford": [
        138.46667,
        -35.18333
    ],
    "Scarborough": [
        153.11028,
        -27.20083
    ],
    "Salisbury": [
        138.63333,
        -34.76667
    ],
    "Safety Bay": [
        115.7,
        -32.3
    ],
    "Roxby Downs": [
        136.89546,
        -30.56305
    ],
    "Roseworthy": [
        138.75023,
        -34.53397
    ],
    "Roebourne": [
        117.14648,
        -20.77229
    ],
    "Rockingham": [
        115.72978,
        -32.27682
    ],
    "Maida Vale": [
        116.02764,
        -31.95187
    ],
    "Reynella": [
        138.53082,
        -35.09372
    ],
    "Ravensthorpe": [
        120.04688,
        -33.58303
    ],
    "Quorn": [
        138.04176,
        -32.34676
    ],
    "Quindalup": [
        115.1223,
        -33.62906
    ],
    "Prospect": [
        138.5933,
        -34.88241
    ],
    "Port Willunga": [
        138.4523,
        -35.27792
    ],
    "Port Victoria": [
        137.48534,
        -34.49722
    ],
    "Port Pirie": [
        138.01746,
        -33.19176
    ],
    "Port Noarlunga": [
        138.47944,
        -35.14019
    ],
    "Port Lincoln": [
        135.87442,
        -34.72625
    ],
    "Port Keats": [
        129.52092,
        -14.24029
    ],
    "Port Hedland": [
        118.61059,
        -20.31215
    ],
    "Port Elliot": [
        138.67806,
        -35.52998
    ],
    "Port Augusta West": [
        137.75,
        -32.48333
    ],
    "Port Augusta": [
        137.77281,
        -32.49597
    ],
    "Port Adelaide": [
        138.46667,
        -34.85
    ],
    "Plympton": [
        138.55,
        -34.95
    ],
    "Pinjarra": [
        115.87351,
        -32.6298
    ],
    "Peterborough": [
        138.84073,
        -32.97205
    ],
    "Perth": [
        147.1713,
        -41.57151
    ],
    "Pemberton": [
        116.03689,
        -34.44311
    ],
    "Pearce": [
        116.01667,
        -31.66667
    ],
    "Parkerville": [
        116.138,
        -31.87472
    ],
    "Parap": [
        130.84142,
        -12.43054
    ],
    "One Tree Hill": [
        138.76667,
        -34.7
    ],
    "Oakbank": [
        138.84528,
        -34.9834
    ],
    "Nuriootpa": [
        138.99766,
        -34.46825
    ],
    "North Fremantle": [
        115.75,
        -32.03333
    ],
    "North Beach": [
        115.75624,
        -31.86298
    ],
    "Northampton": [
        114.62998,
        -28.35164
    ],
    "Northam": [
        116.67423,
        -31.64932
    ],
    "Normanville": [
        138.31495,
        -35.44781
    ],
    "Noarlunga": [
        138.5,
        -35.18333
    ],
    "Nhulunbuy": [
        136.78201,
        -12.18652
    ],
    "Newman": [
        119.73553,
        -23.35644
    ],
    "Nedlands": [
        115.8,
        -31.98333
    ],
    "Narrogin": [
        117.17763,
        -32.93282
    ],
    "Nairne": [
        138.91154,
        -35.0345
    ],
    "Murray Bridge": [
        139.27345,
        -35.11986
    ],
    "Mundijong": [
        115.98564,
        -32.29217
    ],
    "Mundaring": [
        116.16757,
        -31.9021
    ],
    "Mount Isa": [
        139.49727,
        -20.72523
    ],
    "Mount Helena": [
        116.21025,
        -31.87606
    ],
    "Mount Compass": [
        138.62032,
        -35.34685
    ],
    "Mount Barker": [
        117.66606,
        -34.63084
    ],
    "Mosman Park": [
        115.75,
        -32
    ],
    "Morphett Vale": [
        138.51667,
        -35.13333
    ],
    "Moora": [
        116.00365,
        -30.64003
    ],
    "Modbury": [
        138.68333,
        -34.83333
    ],
    "Moana": [
        138.48333,
        -35.2
    ],
    "Mitcham": [
        138.6,
        -34.98333
    ],
    "Midland": [
        116,
        -31.9
    ],
    "Middle Swan": [
        116.01667,
        -31.85
    ],
    "Merredin": [
        118.27448,
        -31.48094
    ],
    "Meningie": [
        139.33856,
        -35.68841
    ],
    "Melville": [
        116.73333,
        -28.18333
    ],
    "Medina": [
        115.78333,
        -32.23333
    ],
    "Meadows": [
        138.7625,
        -35.18021
    ],
    "McMinns Lagoon": [
        131.11165,
        -12.55397
    ],
    "McLaren Vale": [
        138.54326,
        -35.21895
    ],
    "Maylands": [
        115.88333,
        -31.93333
    ],
    "Marion": [
        138.56667,
        -35.01667
    ],
    "Marino": [
        138.51667,
        -35.03333
    ],
    "Margaret River": [
        115.07391,
        -33.9536
    ],
    "Mannum": [
        139.30325,
        -34.91529
    ],
    "Manning": [
        115.86714,
        -32.01594
    ],
    "Manjimup": [
        116.14564,
        -34.24122
    ],
    "Mandurah": [
        115.7217,
        -32.5269
    ],
    "Mallala": [
        138.50987,
        -34.4374
    ],
    "Maitland": [
        151.5574,
        -32.73308
    ],
    "Maddington": [
        115.98333,
        -32.05
    ],
    "Macclesfield": [
        138.83589,
        -35.17182
    ],
    "Lyndoch": [
        138.89094,
        -34.60124
    ],
    "Lower Chittering": [
        116.11667,
        -31.58333
    ],
    "Lobethal": [
        138.87477,
        -34.90455
    ],
    "Little Hampton": [
        138.85,
        -35.05
    ],
    "Lewiston": [
        138.6,
        -34.6
    ],
    "Largs Bay": [
        138.46667,
        -34.8
    ],
    "Langhorne Creek": [
        139.03333,
        -35.3
    ],
    "Kwinana": [
        115.78128,
        -32.23013
    ],
    "Kununurra": [
        128.74414,
        -15.77813
    ],
    "Kojonup": [
        117.15946,
        -33.8305
    ],
    "Kingscote": [
        137.6393,
        -35.6559
    ],
    "Kenwick": [
        115.96667,
        -32.03333
    ],
    "Kendenup": [
        117.62533,
        -34.48213
    ],
    "Kelmscott": [
        116.01667,
        -32.11667
    ],
    "Katherine": [
        132.26347,
        -14.46517
    ],
    "Katanning": [
        117.5584,
        -33.68787
    ],
    "Kapunda": [
        138.91644,
        -34.33871
    ],
    "Kalgoorlie": [
        121.4742,
        -30.74614
    ],
    "Kalbarri": [
        114.16505,
        -27.7105
    ],
    "Kadina": [
        137.71634,
        -33.96495
    ],
    "Jamestown": [
        138.60503,
        -33.20531
    ],
    "Ingle Farm": [
        138.63333,
        -34.83333
    ],
    "Hope Valley": [
        138.7,
        -34.83333
    ],
    "Heathfield": [
        138.71667,
        -35.01667
    ],
    "Harvey": [
        115.89447,
        -33.07988
    ],
    "Happy Valley": [
        138.53333,
        -35.08333
    ],
    "Halls Creek": [
        127.66647,
        -18.22485
    ],
    "Hahndorf": [
        138.81078,
        -35.02967
    ],
    "Hackham": [
        138.51667,
        -35.15
    ],
    "Gumeracha": [
        138.88467,
        -34.82388
    ],
    "Guildford": [
        115.96667,
        -31.9
    ],
    "Greenmount": [
        116.05,
        -31.9
    ],
    "Grasmere": [
        117.75556,
        -35.01806
    ],
    "Grange": [
        138.48333,
        -34.9
    ],
    "Gosnells": [
        116,
        -32.08333
    ],
    "Gooseberry Hill": [
        116.05,
        -31.95
    ],
    "Goolwa": [
        138.78462,
        -35.50261
    ],
    "Golden Grove": [
        138.73333,
        -34.78333
    ],
    "Glenelg": [
        138.51667,
        -34.98333
    ],
    "Gilles Plains": [
        138.65,
        -34.85
    ],
    "Geraldton": [
        114.61459,
        -28.77897
    ],
    "Gawler": [
        138.74902,
        -34.60251
    ],
    "Fremantle": [
        115.76667,
        -32.05
    ],
    "Freeling": [
        138.80868,
        -34.45407
    ],
    "Findon": [
        138.53333,
        -34.9
    ],
    "Esperance": [
        121.88259,
        -33.86013
    ],
    "Encounter Bay": [
        138.6,
        -35.58333
    ],
    "Elizabeth": [
        138.67707,
        -34.71944
    ],
    "Donnybrook": [
        115.82446,
        -33.5713
    ],
    "Dongara": [
        114.93276,
        -29.25818
    ],
    "Chidlow": [
        116.27243,
        -31.86094
    ],
    "Derby": [
        123.63412,
        -17.29727
    ],
    "Denmark": [
        117.35321,
        -34.96067
    ],
    "Port Denison": [
        114.91667,
        -29.28333
    ],
    "Darwin": [
        130.84185,
        -12.46113
    ],
    "Darlington": [
        116.08333,
        -31.91667
    ],
    "Dampier": [
        116.71256,
        -20.66275
    ],
    "Cunderdin": [
        117.23374,
        -31.65398
    ],
    "Cummins": [
        135.72731,
        -34.26008
    ],
    "Crystal Brook": [
        138.20955,
        -33.35256
    ],
    "Craigburn Farm": [
        138.61667,
        -35.05
    ],
    "Crafers": [
        138.7,
        -35
    ],
    "Cottesloe": [
        115.76667,
        -32
    ],
    "Coromandel Valley": [
        138.61667,
        -35.05
    ],
    "Coogee": [
        151.25522,
        -33.9205
    ],
    "Coober Pedy": [
        134.75495,
        -29.01415
    ],
    "Collie": [
        116.15617,
        -33.36206
    ],
    "Cleve": [
        136.5,
        -33.7
    ],
    "Clare": [
        138.61064,
        -33.83325
    ],
    "Cheltenham": [
        138.51667,
        -34.86667
    ],
    "Ceduna": [
        133.67866,
        -32.12156
    ],
    "Caversham": [
        115.96667,
        -31.88333
    ],
    "Carnarvon": [
        113.6594,
        -24.88073
    ],
    "Capel": [
        115.56278,
        -33.55808
    ],
    "Cannington": [
        115.95,
        -32.01667
    ],
    "Campbelltown": [
        150.81667,
        -34.06667
    ],
    "Callington": [
        139.0414,
        -35.11977
    ],
    "Byford": [
        116.009,
        -32.22099
    ],
    "Busselton": [
        115.3455,
        -33.65249
    ],
    "Bunbury": [
        115.64137,
        -33.32711
    ],
    "Bullsbrook": [
        116,
        -31.66667
    ],
    "Broome": [
        122.23922,
        -17.95538
    ],
    "Brighton": [
        153.05721,
        -27.29582
    ],
    "Bridgewater": [
        147.22784,
        -42.73719
    ],
    "Bridgetown": [
        116.13598,
        -33.96242
    ],
    "Boyup Brook": [
        116.38776,
        -33.83425
    ],
    "Boyanup": [
        115.72838,
        -33.48295
    ],
    "Boulder": [
        121.48333,
        -30.78333
    ],
    "Blackwood": [
        138.61667,
        -35.01667
    ],
    "Birkenhead": [
        138.5,
        -34.83333
    ],
    "Birdwood": [
        138.96478,
        -34.81826
    ],
    "Beverley": [
        116.9228,
        -32.10896
    ],
    "Bentley": [
        115.91667,
        -32
    ],
    "Bellevue": [
        116.01667,
        -31.9
    ],
    "Belair": [
        138.63333,
        -35
    ],
    "Bedford Park": [
        138.56667,
        -35.03333
    ],
    "Bedfordale": [
        116.05,
        -32.18333
    ],
    "Beaumont": [
        138.66188,
        -34.94899
    ],
    "Bassendean": [
        115.95,
        -31.9
    ],
    "Balhannah": [
        138.82565,
        -34.99094
    ],
    "Balaklava": [
        138.41148,
        -34.14542
    ],
    "Australind": [
        115.71504,
        -33.2792
    ],
    "Augusta": [
        115.15922,
        -34.31566
    ],
    "Armadale": [
        145.02176,
        -37.8552
    ],
    "Ardrossan": [
        137.91907,
        -34.42217
    ],
    "Applecross": [
        115.83333,
        -32.01667
    ],
    "Angle Vale": [
        138.6461,
        -34.64098
    ],
    "Angaston": [
        139.04625,
        -34.50129
    ],
    "Alice Springs": [
        133.88362,
        -23.69748
    ],
    "Aldinga": [
        138.48333,
        -35.28333
    ],
    "Aldgate": [
        138.73333,
        -35.01667
    ],
    "Albany": [
        117.86595,
        -35.0031
    ],
    "Adelaide": [
        138.59863,
        -34.92866
    ],
    "Dunsborough": [
        115.08333,
        -33.58333
    ],
    "Eaton": [
        115.70503,
        -33.31664
    ],
    "Seacliff": [
        138.525,
        -35.03333
    ],
    "Clapham": [
        138.6,
        -34.99139
    ],
    "Two Rocks": [
        115.58737,
        -31.49985
    ],
    "Quinns Rocks": [
        115.67778,
        -31.68611
    ],
    "East Fremantle": [
        115.76667,
        -32.03889
    ],
    "Peppermint Grove": [
        115.76389,
        -32.00417
    ],
    "Claremont": [
        147.25,
        -42.78333
    ],
    "Bicton": [
        115.78333,
        -32.02778
    ],
    "Attadale": [
        115.79583,
        -32.02361
    ],
    "Shenton Park": [
        115.79722,
        -31.95833
    ],
    "Dalkeith": [
        115.79583,
        -31.99583
    ],
    "Jurien Bay": [
        115.03825,
        -30.30591
    ],
    "Warnbro": [
        115.74861,
        -32.33611
    ],
    "Mullaloo": [
        115.73676,
        -31.77896
    ],
    "Alyangula": [
        136.4213,
        -13.85413
    ],
    "Stuart Park": [
        130.845,
        -12.44306
    ],
    "Larrakeyah": [
        130.83172,
        -12.45527
    ],
    "Leanyer": [
        130.9,
        -12.36667
    ],
    "Ludmilla": [
        130.85506,
        -12.42032
    ],
    "Fannie Bay": [
        130.83627,
        -12.42275
    ],
    "Nightcliff": [
        130.85389,
        -12.38056
    ],
    "Glen Iris": [
        145.05489,
        -37.85995
    ],
    "Lower King": [
        117.93833,
        -34.95778
    ],
    "Young": [
        148.30107,
        -34.3135
    ],
    "Yeppoon": [
        150.74406,
        -23.12683
    ],
    "Yatala": [
        153.21667,
        -27.71667
    ],
    "Yarrawonga": [
        145.99972,
        -36.01923
    ],
    "Yarraman": [
        151.98138,
        -26.84167
    ],
    "Yandina": [
        152.95595,
        -26.56165
    ],
    "Wynyard": [
        145.72617,
        -40.9897
    ],
    "Wynnum": [
        153.16667,
        -27.45
    ],
    "Worrolong": [
        140.86667,
        -37.81667
    ],
    "Woree": [
        145.75,
        -16.95
    ],
    "Woorim": [
        153.20427,
        -27.06931
    ],
    "Woombye": [
        152.96947,
        -26.66054
    ],
    "Woolgoolga": [
        153.20067,
        -30.11058
    ],
    "Woodridge": [
        153.1,
        -27.63333
    ],
    "Woodford": [
        152.77747,
        -26.95291
    ],
    "Wondai": [
        151.87242,
        -26.3177
    ],
    "Wodonga": [
        146.88809,
        -36.12179
    ],
    "Windaroo": [
        153.2,
        -27.73333
    ],
    "West Wyalong": [
        147.20473,
        -33.92373
    ],
    "Westcourt": [
        150.15,
        -26.8
    ],
    "Westbury": [
        146.84374,
        -41.52588
    ],
    "Westbrook": [
        151.86667,
        -27.61667
    ],
    "Wellington Point": [
        153.25,
        -27.48333
    ],
    "Wellington": [
        148.94508,
        -32.55588
    ],
    "Weipa": [
        141.87883,
        -12.62346
    ],
    "Warwick": [
        152.03438,
        -28.21901
    ],
    "Warrnambool": [
        142.48799,
        -38.38176
    ],
    "Warrane": [
        147.38333,
        -42.86667
    ],
    "Warragul": [
        145.93118,
        -38.15912
    ],
    "Wangaratta": [
        146.32056,
        -36.35846
    ],
    "Walkerston": [
        149.05814,
        -21.16097
    ],
    "Wagga Wagga": [
        147.35374,
        -35.12577
    ],
    "Wacol": [
        152.93333,
        -27.58333
    ],
    "Victoria Point": [
        153.31172,
        -27.58329
    ],
    "Urraween": [
        152.81667,
        -25.3
    ],
    "Urangan": [
        152.9,
        -25.3
    ],
    "Upper Coomera": [
        153.3,
        -27.9
    ],
    "Ulverstone": [
        146.18242,
        -41.16026
    ],
    "Ulladulla": [
        150.47247,
        -35.35906
    ],
    "Tumut": [
        148.22505,
        -35.30016
    ],
    "Tugun": [
        153.5,
        -28.15
    ],
    "Trinity Beach": [
        145.69682,
        -16.78876
    ],
    "Traralgon": [
        146.5415,
        -38.19528
    ],
    "Townsville": [
        146.8057,
        -19.26639
    ],
    "Torquay": [
        152.86667,
        -25.28333
    ],
    "Toowoomba": [
        151.95386,
        -27.56056
    ],
    "Toolooa": [
        151.28333,
        -23.93333
    ],
    "Tolga": [
        145.48333,
        -17.23333
    ],
    "Tin Can Bay": [
        153.00584,
        -25.91646
    ],
    "The Entrance": [
        151.4978,
        -33.33876
    ],
    "Thagoona": [
        152.63333,
        -27.63333
    ],
    "Thabeban": [
        152.35,
        -24.9
    ],
    "Tewantin": [
        153.03432,
        -26.39104
    ],
    "Tarragindi": [
        153.03333,
        -27.53333
    ],
    "Taroona": [
        147.33333,
        -42.95
    ],
    "Taroom": [
        149.7998,
        -25.63925
    ],
    "Taree": [
        152.45387,
        -31.91099
    ],
    "Tamworth": [
        150.92905,
        -31.09048
    ],
    "Tallebudgera": [
        153.43333,
        -28.15
    ],
    "Sydney": [
        151.20732,
        -33.86785
    ],
    "Swan Hill": [
        143.5544,
        -35.33781
    ],
    "Surfers Paradise": [
        153.42999,
        -28.00274
    ],
    "Sunnybank": [
        153.05,
        -27.58333
    ],
    "Sunbury": [
        144.72607,
        -37.57742
    ],
    "Strathpine": [
        152.98977,
        -27.30414
    ],
    "Port Stephens": [
        152.06623,
        -32.71314
    ],
    "Stawell": [
        142.78088,
        -37.05632
    ],
    "Stanthorpe": [
        151.93372,
        -28.65721
    ],
    "Spring Hill": [
        153.02311,
        -27.46141
    ],
    "Southport": [
        153.4,
        -27.96667
    ],
    "South Melbourne": [
        144.96667,
        -37.83333
    ],
    "South Grafton": [
        152.95,
        -29.7
    ],
    "Sorrento": [
        144.73333,
        -38.31667
    ],
    "Sorell": [
        147.56267,
        -42.78161
    ],
    "Somerville": [
        145.16667,
        -38.21667
    ],
    "Smithton": [
        145.12357,
        -40.8425
    ],
    "Slacks Creek": [
        153.15,
        -27.65
    ],
    "Singleton": [
        151.16603,
        -32.56742
    ],
    "Shorncliffe": [
        153.08161,
        -27.32759
    ],
    "Shepparton": [
        145.39867,
        -36.38047
    ],
    "Shellharbour Village": [
        150.86667,
        -34.58333
    ],
    "Sheffield": [
        146.32533,
        -41.38211
    ],
    "Sharon": [
        152.26667,
        -24.88333
    ],
    "Sebastopol": [
        143.83953,
        -37.58532
    ],
    "Scottsdale": [
        147.51727,
        -41.1578
    ],
    "Scarness": [
        152.85,
        -25.28333
    ],
    "Sawtell": [
        153.10141,
        -30.36459
    ],
    "Sarina": [
        149.21677,
        -21.4191
    ],
    "Sandgate": [
        153.06951,
        -27.32198
    ],
    "Sandford": [
        147.5,
        -42.93333
    ],
    "Sale": [
        147.06802,
        -38.11095
    ],
    "Saint Kilda": [
        144.98099,
        -37.8676
    ],
    "St Helens": [
        148.23889,
        -41.32028
    ],
    "Rosebery": [
        145.53825,
        -41.77941
    ],
    "Roma": [
        148.78751,
        -26.56741
    ],
    "Rokeby": [
        147.43333,
        -42.9
    ],
    "Rocklea": [
        153.00402,
        -27.53917
    ],
    "Rockhampton": [
        150.50595,
        -23.38032
    ],
    "Riverview": [
        152.85,
        -27.6
    ],
    "Riverstone": [
        150.86667,
        -33.68333
    ],
    "Richmond": [
        150.75142,
        -33.59956
    ],
    "Rhodes": [
        151.08333,
        -33.83333
    ],
    "Revesby": [
        151.01667,
        -33.95
    ],
    "Renmark West": [
        140.7,
        -34.16667
    ],
    "Renmark": [
        140.74697,
        -34.17702
    ],
    "Regents Park": [
        151.01667,
        -33.88333
    ],
    "Redlynch": [
        145.7,
        -16.88333
    ],
    "Redland Bay": [
        153.30245,
        -27.61343
    ],
    "Red Hill": [
        148.5,
        -20.31667
    ],
    "Redhead": [
        151.71667,
        -33.01667
    ],
    "Redfern": [
        151.20415,
        -33.89279
    ],
    "Redbank": [
        152.86667,
        -27.6
    ],
    "Raworth": [
        151.61667,
        -32.73333
    ],
    "Ravenshoe": [
        145.48688,
        -17.61636
    ],
    "Rathmines": [
        151.58443,
        -33.03773
    ],
    "Quirindi": [
        150.67902,
        -31.50763
    ],
    "Queenstown": [
        145.55646,
        -42.0805
    ],
    "Queenscliff": [
        144.66193,
        -38.26789
    ],
    "Queanbeyan": [
        149.232,
        -35.35493
    ],
    "Quakers Hill": [
        150.88333,
        -33.73333
    ],
    "Pymble": [
        151.15,
        -33.75
    ],
    "Port Sorell": [
        146.55283,
        -41.16652
    ],
    "Port Melbourne": [
        144.94228,
        -37.83961
    ],
    "Port Macquarie": [
        152.90894,
        -31.43084
    ],
    "Portland": [
        149.98148,
        -33.35709
    ],
    "Port Kennedy": [
        142.21778,
        -10.585
    ],
    "Port Kembla": [
        150.9,
        -34.46667
    ],
    "Port Fairy": [
        142.2371,
        -38.38535
    ],
    "Port Douglas": [
        145.46726,
        -16.48383
    ],
    "Point Clare": [
        151.33333,
        -33.45
    ],
    "Pitt Town": [
        150.85857,
        -33.58718
    ],
    "Picton": [
        150.61168,
        -34.16995
    ],
    "Phillip": [
        150.85,
        -31.13333
    ],
    "Perthville": [
        149.54642,
        -33.48741
    ],
    "Penshurst": [
        151.08333,
        -33.96667
    ],
    "Penrith": [
        150.7,
        -33.75
    ],
    "Penola": [
        140.83678,
        -37.3752
    ],
    "Pennant Hills": [
        151.07216,
        -33.73783
    ],
    "Penguin": [
        146.07065,
        -41.11436
    ],
    "Peak Hill": [
        148.19052,
        -32.72387
    ],
    "Parkes": [
        148.1759,
        -33.1372
    ],
    "Palm Beach": [
        151.32384,
        -33.59664
    ],
    "Pakenham Upper": [
        145.51667,
        -38.01667
    ],
    "Ouyen": [
        142.32034,
        -35.07087
    ],
    "Orange": [
        149.10018,
        -33.28397
    ],
    "One Mile": [
        152.73768,
        -27.62902
    ],
    "Old Beach": [
        147.26659,
        -42.77758
    ],
    "Old Bar": [
        152.58807,
        -31.9694
    ],
    "Oberon": [
        149.85915,
        -33.70398
    ],
    "Oatley": [
        151.06667,
        -33.98333
    ],
    "Oakey": [
        151.72063,
        -27.43305
    ],
    "Oakdale": [
        150.5132,
        -34.0793
    ],
    "Nyngan": [
        147.18816,
        -31.56088
    ],
    "Nowra": [
        150.60036,
        -34.88422
    ],
    "Notting Hill": [
        145.1427,
        -37.905
    ],
    "North Wonthaggi": [
        145.6,
        -38.6
    ],
    "North Turramurra": [
        151.14726,
        -33.71345
    ],
    "North Sydney": [
        151.20722,
        -33.84056
    ],
    "Northmead": [
        150.98333,
        -33.78333
    ],
    "North Haven": [
        152.81357,
        -31.6368
    ],
    "Normanhurst": [
        151.1,
        -33.73333
    ],
    "Noosa Heads": [
        153.0901,
        -26.39433
    ],
    "Nimbin": [
        153.22254,
        -28.59726
    ],
    "Newtown": [
        151.17754,
        -33.89835
    ],
    "Newstead": [
        147.16667,
        -41.43333
    ],
    "Newport": [
        151.32126,
        -33.65517
    ],
    "New Norfolk": [
        147.0587,
        -42.78261
    ],
    "Newnham": [
        147.13333,
        -41.38333
    ],
    "Newcastle": [
        151.77647,
        -32.92715
    ],
    "Nerang": [
        153.33633,
        -27.98941
    ],
    "Nelson Bay": [
        152.14398,
        -32.72043
    ],
    "Narromine": [
        148.24052,
        -32.23121
    ],
    "Narrandera": [
        146.55096,
        -34.74752
    ],
    "Narrabri": [
        149.78371,
        -30.32612
    ],
    "Narrabeen": [
        151.29736,
        -33.71277
    ],
    "Narooma": [
        150.13062,
        -36.22101
    ],
    "Narellan": [
        150.73333,
        -34.03333
    ],
    "Narara": [
        151.35,
        -33.4
    ],
    "Naracoorte": [
        140.7383,
        -36.95785
    ],
    "Nana Glen": [
        153.01667,
        -30.13333
    ],
    "Nambucca Heads": [
        153.00884,
        -30.64318
    ],
    "Nambucca": [
        152.98333,
        -30.63333
    ],
    "Nambour": [
        152.95941,
        -26.62613
    ],
    "Nabiac": [
        152.37627,
        -32.09837
    ],
    "Muswellbrook": [
        150.89009,
        -32.26118
    ],
    "Murwillumbah": [
        153.39339,
        -28.32732
    ],
    "Murrumbateman": [
        149.02985,
        -34.97199
    ],
    "Mundulla": [
        140.68333,
        -36.36667
    ],
    "Mulwala": [
        146.00114,
        -35.99161
    ],
    "Mulgrave": [
        145.2,
        -37.91667
    ],
    "Mulgoa": [
        150.64963,
        -33.838
    ],
    "Mudgee": [
        149.5871,
        -32.59426
    ],
    "Mount Gambier": [
        140.77919,
        -37.8318
    ],
    "Mount Druitt": [
        150.81667,
        -33.76667
    ],
    "Mount Colah": [
        151.11667,
        -33.68333
    ],
    "Mount Beauty": [
        147.17531,
        -36.73628
    ],
    "Moss Vale": [
        150.37116,
        -34.55374
    ],
    "Mosman": [
        151.23333,
        -33.82778
    ],
    "Morwell": [
        146.39499,
        -38.23476
    ],
    "Mortdale": [
        151.08333,
        -33.96667
    ],
    "Mornington": [
        145.03333,
        -38.21667
    ],
    "Moree": [
        149.84157,
        -29.46278
    ],
    "Mordialloc": [
        145.08333,
        -38
    ],
    "Morayfield": [
        152.94907,
        -27.10876
    ],
    "Moonee Beach": [
        153.15293,
        -30.20575
    ],
    "Moonah": [
        147.3,
        -42.85
    ],
    "Mooloolaba": [
        153.11925,
        -26.68164
    ],
    "Montrose": [
        145.35,
        -37.81667
    ],
    "Monash": [
        140.56131,
        -34.2384
    ],
    "Molong": [
        148.87002,
        -33.09233
    ],
    "Moggill": [
        152.86667,
        -27.58333
    ],
    "Moe": [
        146.26099,
        -38.17828
    ],
    "Moama": [
        144.75648,
        -36.1136
    ],
    "Mittagong": [
        150.44572,
        -34.45002
    ],
    "Miranda": [
        151.1,
        -34.03333
    ],
    "Milton": [
        153.00312,
        -27.47039
    ],
    "Millthorpe": [
        149.18539,
        -33.44601
    ],
    "Millicent": [
        140.34947,
        -37.59389
    ],
    "Mildura": [
        142.16251,
        -34.18551
    ],
    "Merrylands": [
        150.98333,
        -33.83333
    ],
    "Merriwa": [
        150.35562,
        -32.13922
    ],
    "Merimbula": [
        149.90961,
        -36.88901
    ],
    "Menai": [
        151.01667,
        -34.01667
    ],
    "Melton": [
        144.58543,
        -37.68339
    ],
    "Melbourne": [
        144.96332,
        -37.814
    ],
    "Medowie": [
        151.8676,
        -32.7415
    ],
    "Matraville": [
        151.23333,
        -33.95
    ],
    "Mascot": [
        151.2,
        -33.93333
    ],
    "Maryborough": [
        152.70493,
        -25.54073
    ],
    "Marrickville": [
        151.16667,
        -33.91667
    ],
    "Maroubra": [
        151.23333,
        -33.95
    ],
    "Margate": [
        153.09809,
        -27.24761
    ],
    "Mareeba": [
        145.42323,
        -16.995
    ],
    "Mansfield": [
        146.08846,
        -37.052
    ],
    "Manly": [
        151.28826,
        -33.79798
    ],
    "Manilla": [
        150.71974,
        -30.74748
    ],
    "Malabar": [
        151.25,
        -33.96667
    ],
    "Maclean": [
        153.19752,
        -29.4581
    ],
    "Macksville": [
        152.92029,
        -30.7078
    ],
    "Mackay": [
        149.16554,
        -21.15345
    ],
    "Luddenham": [
        150.68863,
        -33.8785
    ],
    "Loveday": [
        140.43333,
        -34.28333
    ],
    "Lorn": [
        151.56667,
        -32.73333
    ],
    "Long Jetty": [
        151.48333,
        -33.36667
    ],
    "Longford": [
        147.11887,
        -41.60512
    ],
    "Liverpool": [
        150.93333,
        -33.9
    ],
    "Lithgow": [
        150.13631,
        -33.48247
    ],
    "Lismore": [
        153.2773,
        -28.81354
    ],
    "Lisarow": [
        151.36667,
        -33.38333
    ],
    "Lindisfarne": [
        147.35,
        -42.83333
    ],
    "Lindfield": [
        151.16667,
        -33.78333
    ],
    "Lightning Ridge": [
        147.97865,
        -29.42743
    ],
    "Lidcombe": [
        151.0397,
        -33.86436
    ],
    "Leura": [
        150.33333,
        -33.71667
    ],
    "Leumeah": [
        150.83333,
        -34.05
    ],
    "Leopold": [
        144.46825,
        -38.19001
    ],
    "Leichhardt": [
        151.15,
        -33.88333
    ],
    "Leeton": [
        146.40483,
        -34.55105
    ],
    "Lawson": [
        150.42975,
        -33.72064
    ],
    "Lavington": [
        146.93333,
        -36.05
    ],
    "Camden Haven": [
        152.79462,
        -31.64484
    ],
    "Launceston": [
        147.13467,
        -41.43876
    ],
    "Lauderdale": [
        147.48747,
        -42.91364
    ],
    "Latrobe": [
        146.41721,
        -41.2362
    ],
    "Larnook": [
        153.11077,
        -28.65162
    ],
    "Largs": [
        151.6,
        -32.7
    ],
    "Lara": [
        144.40617,
        -38.02388
    ],
    "Lane Cove": [
        151.16667,
        -33.81667
    ],
    "Lakes Entrance": [
        147.98103,
        -37.88115
    ],
    "Lakemba": [
        151.08333,
        -33.91667
    ],
    "Lake Illawarra": [
        150.85645,
        -34.54658
    ],
    "Lake Cargelligo": [
        146.37386,
        -33.29868
    ],
    "Lake Albert": [
        147.38333,
        -35.16667
    ],
    "Kyogle": [
        153.00482,
        -28.62075
    ],
    "Kyabram": [
        145.05035,
        -36.31335
    ],
    "Kurri Kurri": [
        151.47908,
        -32.81933
    ],
    "Kurnell": [
        151.2,
        -34.01667
    ],
    "Kuranda": [
        145.63818,
        -16.81978
    ],
    "Kotara": [
        151.68333,
        -32.95
    ],
    "Kootingal": [
        151.0535,
        -31.05857
    ],
    "Kogarah": [
        151.11667,
        -33.98333
    ],
    "Kirribilli": [
        151.21667,
        -33.85
    ],
    "Kingston Beach": [
        147.31667,
        -42.98333
    ],
    "Kingston": [
        140.35,
        -34.23333
    ],
    "Kingscliff": [
        153.57816,
        -28.25984
    ],
    "Kingaroy": [
        151.8373,
        -26.53994
    ],
    "Kiama": [
        150.85219,
        -34.66828
    ],
    "Kettering": [
        147.24744,
        -43.12973
    ],
    "Kenthurst": [
        151.00504,
        -33.65527
    ],
    "Kensington": [
        151.21667,
        -33.91667
    ],
    "Kendall": [
        152.70393,
        -31.63295
    ],
    "Kempsey": [
        152.83093,
        -31.07898
    ],
    "Kelso": [
        149.6,
        -33.41667
    ],
    "Keith": [
        140.35315,
        -36.0991
    ],
    "Keiraville": [
        150.86667,
        -34.41667
    ],
    "Katoomba": [
        150.30739,
        -33.71977
    ],
    "Kanwal": [
        151.49177,
        -33.25391
    ],
    "Kangaroo Valley": [
        150.53658,
        -34.73806
    ],
    "Kandos": [
        149.96832,
        -32.85772
    ],
    "Kahibah": [
        151.71667,
        -32.96667
    ],
    "Junee": [
        147.58273,
        -34.86819
    ],
    "Jindera": [
        146.88852,
        -35.95474
    ],
    "Jindabyne": [
        148.62505,
        -36.41623
    ],
    "Jilliby": [
        151.41684,
        -33.22605
    ],
    "Jannali": [
        151.06667,
        -34.01667
    ],
    "Jamberoo": [
        150.77464,
        -34.64745
    ],
    "Inverell": [
        151.11166,
        -29.77403
    ],
    "Innisfail": [
        146.03102,
        -17.52209
    ],
    "Ingleburn": [
        150.86667,
        -34
    ],
    "Ingham": [
        146.16248,
        -18.64552
    ],
    "Hurstville Grove": [
        151.1,
        -33.96667
    ],
    "Huonville": [
        147.04813,
        -43.03124
    ],
    "Howlong": [
        146.62514,
        -35.97918
    ],
    "Horsham": [
        142.19981,
        -36.71131
    ],
    "Hornsby": [
        151.09931,
        -33.70244
    ],
    "Home Hill": [
        147.41232,
        -19.65921
    ],
    "Homebush": [
        151.08333,
        -33.86667
    ],
    "Holsworthy": [
        150.96667,
        -33.98333
    ],
    "Holgate": [
        151.41667,
        -33.4
    ],
    "Holbrook": [
        147.31387,
        -35.72189
    ],
    "Hobart": [
        147.32941,
        -42.87936
    ],
    "Hillston": [
        145.53435,
        -33.48094
    ],
    "Henty": [
        147.03716,
        -35.51745
    ],
    "Helensburgh": [
        150.99522,
        -34.17836
    ],
    "Heddon Greta": [
        151.51328,
        -32.80204
    ],
    "Heathcote": [
        151.01667,
        -34.08333
    ],
    "Healesville": [
        145.51718,
        -37.65395
    ],
    "Hazelbrook": [
        150.45839,
        -33.72446
    ],
    "Haymarket": [
        151.20526,
        -33.87868
    ],
    "Hay": [
        144.84474,
        -34.50429
    ],
    "Hawks Nest": [
        152.17831,
        -32.66755
    ],
    "Hastings": [
        145.18333,
        -38.3
    ],
    "Harrington": [
        152.69174,
        -31.87227
    ],
    "Hamilton": [
        142.02202,
        -37.74425
    ],
    "Haberfield": [
        151.2,
        -33.88333
    ],
    "Gympie": [
        152.66499,
        -26.18979
    ],
    "Guyra": [
        151.67444,
        -30.21674
    ],
    "Gunnedah": [
        150.25838,
        -30.98065
    ],
    "Gundaroo": [
        149.25,
        -35.03333
    ],
    "Gundagai": [
        148.10802,
        -35.06525
    ],
    "Gulgong": [
        149.53201,
        -32.36253
    ],
    "Griffith": [
        146.05093,
        -34.28853
    ],
    "Greta": [
        151.38924,
        -32.67783
    ],
    "Grenfell": [
        148.16438,
        -33.89549
    ],
    "Greenwell Point": [
        150.73311,
        -34.90746
    ],
    "Greensborough": [
        145.10302,
        -37.70462
    ],
    "Granville": [
        151.01667,
        -33.83333
    ],
    "Granton": [
        147.22795,
        -42.75149
    ],
    "Grafton": [
        152.93336,
        -29.69012
    ],
    "Goulburn": [
        149.72086,
        -34.75155
    ],
    "Gosford": [
        151.34399,
        -33.4244
    ],
    "Gorokan": [
        151.51134,
        -33.25742
    ],
    "Gordon": [
        152.71667,
        -29.3
    ],
    "Goonellabah": [
        153.31667,
        -28.81667
    ],
    "Goondiwindi": [
        150.3073,
        -28.5464
    ],
    "Goodna": [
        152.9,
        -27.61667
    ],
    "Gol Gol": [
        142.2265,
        -34.18056
    ],
    "Gold Coast": [
        153.43088,
        -28.00029
    ],
    "Gloucester": [
        151.9633,
        -32.0077
    ],
    "Glenorie": [
        151.00886,
        -33.60177
    ],
    "Glenorchy": [
        147.27593,
        -42.83343
    ],
    "Glen Innes": [
        151.7385,
        -29.73485
    ],
    "Glenhaven": [
        151,
        -33.7
    ],
    "Glenfield": [
        150.9,
        -33.96667
    ],
    "Glenbrook": [
        150.61667,
        -33.76667
    ],
    "Gladstone": [
        151.25635,
        -23.84761
    ],
    "Gilgandra": [
        148.66252,
        -31.71173
    ],
    "Gilgai": [
        151.11806,
        -29.8527
    ],
    "Gerringong": [
        150.82809,
        -34.74702
    ],
    "George Town": [
        146.82606,
        -41.10559
    ],
    "Geeveston": [
        146.92549,
        -43.16337
    ],
    "Geelong West": [
        144.35,
        -38.13333
    ],
    "Geelong": [
        144.36069,
        -38.14711
    ],
    "Gayndah": [
        151.61144,
        -25.62522
    ],
    "Gatton": [
        152.27618,
        -27.55873
    ],
    "Galston": [
        151.04713,
        -33.65297
    ],
    "Frederickton": [
        152.8753,
        -31.03749
    ],
    "Frankston East": [
        145.13333,
        -38.13333
    ],
    "Franklin": [
        147.00906,
        -43.08884
    ],
    "Forster": [
        152.51715,
        -32.18136
    ],
    "Forest Hill": [
        145.16519,
        -37.83656
    ],
    "Forbes": [
        148.0076,
        -33.38436
    ],
    "Fitzroy": [
        144.97833,
        -37.79839
    ],
    "Finley": [
        145.57704,
        -35.64904
    ],
    "Federal": [
        153.45,
        -28.65
    ],
    "Falls Creek": [
        150.6,
        -34.96667
    ],
    "Evans Head": [
        153.43072,
        -29.11777
    ],
    "Evandale": [
        147.24744,
        -41.571
    ],
    "Eulomogo": [
        148.68333,
        -32.26667
    ],
    "Ettalong Beach": [
        151.33044,
        -33.51058
    ],
    "Ettalong": [
        151.35,
        -33.51667
    ],
    "Erina": [
        151.38333,
        -33.43333
    ],
    "Epping": [
        151.08184,
        -33.77271
    ],
    "Engadine": [
        151.01667,
        -34.06667
    ],
    "Empire Bay": [
        151.36667,
        -33.5
    ],
    "Emerald": [
        148.15784,
        -23.52296
    ],
    "Elderslie": [
        150.7,
        -34.05
    ],
    "Eglinton": [
        149.54654,
        -33.37731
    ],
    "Eden": [
        149.90401,
        -37.06322
    ],
    "Echuca": [
        144.75185,
        -36.14057
    ],
    "East Maitland": [
        151.58333,
        -32.75
    ],
    "East Hills": [
        150.98333,
        -33.96667
    ],
    "East Gosford": [
        151.35,
        -33.43333
    ],
    "East Ballina": [
        153.58333,
        -28.86667
    ],
    "Earlwood": [
        151.1,
        -33.95
    ],
    "Dungog": [
        151.75758,
        -32.40032
    ],
    "Dunedoo": [
        149.3871,
        -32.01634
    ],
    "Dubbo": [
        148.60484,
        -32.24295
    ],
    "Douglas Park": [
        150.71449,
        -34.18496
    ],
    "Dorrigo": [
        152.71394,
        -30.34112
    ],
    "Dora Creek": [
        151.49676,
        -33.08139
    ],
    "Doonside": [
        150.86667,
        -33.76667
    ],
    "Dingley Village": [
        145.1342,
        -37.9827
    ],
    "Devonport": [
        146.35152,
        -41.17695
    ],
    "Denman": [
        150.68935,
        -32.38788
    ],
    "Deniliquin": [
        144.95958,
        -35.52741
    ],
    "Deloraine": [
        146.65717,
        -41.52374
    ],
    "Deception Bay": [
        153.02631,
        -27.19354
    ],
    "Deagon": [
        153.06667,
        -27.33333
    ],
    "Davistown": [
        151.36667,
        -33.48333
    ],
    "Davidson": [
        151.2008,
        -33.74297
    ],
    "Darlington Point": [
        145.9987,
        -34.56942
    ],
    "Darlinghurst": [
        151.21925,
        -33.87939
    ],
    "Dareton": [
        142.03966,
        -34.09468
    ],
    "Darch": [
        145.11667,
        -37.75
    ],
    "Dapto": [
        150.78333,
        -34.5
    ],
    "Dalby": [
        151.26205,
        -27.18169
    ],
    "Daceyville": [
        151.23333,
        -33.93333
    ],
    "Cygnet": [
        147.07252,
        -43.15333
    ],
    "Cundletown": [
        152.53333,
        -31.9
    ],
    "Culcairn": [
        147.03845,
        -35.66669
    ],
    "Croydon": [
        151.11667,
        -33.88333
    ],
    "Crookwell": [
        149.47138,
        -34.45925
    ],
    "Cronulla": [
        151.15,
        -34.05
    ],
    "Cringila": [
        150.88333,
        -34.46667
    ],
    "Crescent Head": [
        152.97301,
        -31.1887
    ],
    "Cranbourne": [
        145.28333,
        -38.1
    ],
    "Craigieburn": [
        144.95,
        -37.6
    ],
    "Cowra": [
        148.69662,
        -33.83554
    ],
    "Cowes": [
        145.23865,
        -38.45231
    ],
    "Coutts Crossing": [
        152.89156,
        -29.82619
    ],
    "Corrimal": [
        150.9,
        -34.36667
    ],
    "Corowa": [
        146.3858,
        -35.99962
    ],
    "Coraki": [
        153.28212,
        -28.99332
    ],
    "Cootamundra": [
        148.02838,
        -34.64095
    ],
    "Cooranbong": [
        151.45409,
        -33.07622
    ],
    "Coonamble": [
        148.38881,
        -30.95389
    ],
    "Coonabarabran": [
        149.27904,
        -31.27734
    ],
    "Cooma": [
        149.12598,
        -36.23469
    ],
    "Coolum Beach": [
        153.09123,
        -26.53333
    ],
    "Coolamon": [
        147.20084,
        -34.8179
    ],
    "Coniston": [
        150.88333,
        -34.45
    ],
    "Condobolin": [
        147.14514,
        -33.08805
    ],
    "Concord": [
        151.1,
        -33.86667
    ],
    "Como": [
        115.86336,
        -31.99119
    ],
    "Colo Vale": [
        150.48573,
        -34.40095
    ],
    "Collingwood": [
        144.98333,
        -37.8
    ],
    "Colac": [
        143.58488,
        -38.339
    ],
    "Coffs Harbour": [
        153.11351,
        -30.29626
    ],
    "Cobbitty": [
        150.67854,
        -34.01592
    ],
    "Cobar": [
        145.84183,
        -31.49873
    ],
    "Clifton Springs": [
        144.5551,
        -38.1567
    ],
    "Cleveland": [
        153.26667,
        -27.53333
    ],
    "Clayton South": [
        145.11667,
        -37.93333
    ],
    "Clarence Town": [
        151.77757,
        -32.58395
    ],
    "Wollongong": [
        150.89345,
        -34.424
    ],
    "Churchill": [
        152.75022,
        -27.64233
    ],
    "Chipping Norton": [
        150.95,
        -33.9
    ],
    "Chippendale": [
        151.19745,
        -33.88673
    ],
    "Chinderah": [
        153.55,
        -28.23333
    ],
    "Chinchilla": [
        150.6297,
        -26.73787
    ],
    "Chatswood": [
        151.18333,
        -33.8
    ],
    "Charters Towers": [
        146.26354,
        -20.07671
    ],
    "Charlestown": [
        151.66667,
        -32.95
    ],
    "Cessnock": [
        151.35623,
        -32.83211
    ],
    "Caulfield": [
        145.02288,
        -37.88251
    ],
    "Castlemaine": [
        144.21684,
        -37.06709
    ],
    "Castle Hill": [
        151,
        -33.73333
    ],
    "Castlecrag": [
        151.21667,
        -33.8
    ],
    "Casino": [
        153.04748,
        -28.85819
    ],
    "Carlingford": [
        151.04888,
        -33.78269
    ],
    "Caringbah": [
        151.13333,
        -34.05
    ],
    "Cardiff": [
        151.66667,
        -32.95
    ],
    "Canowindra": [
        148.66434,
        -33.56247
    ],
    "Canberra": [
        149.12807,
        -35.28346
    ],
    "Camperdown": [
        151.17642,
        -33.88965
    ],
    "Cambridge": [
        147.45,
        -42.83333
    ],
    "Camberwell": [
        145.0694,
        -37.84205
    ],
    "Caloundra": [
        153.13771,
        -26.79709
    ],
    "Cairns": [
        145.76625,
        -16.92304
    ],
    "Caboolture": [
        152.9511,
        -27.08465
    ],
    "Byron Bay": [
        153.61194,
        -28.64201
    ],
    "Buxton": [
        150.53288,
        -34.26017
    ],
    "Burringbar": [
        153.47324,
        -28.4358
    ],
    "Burpengary": [
        152.95758,
        -27.15746
    ],
    "Burnie": [
        145.90375,
        -41.05584
    ],
    "Bungendore": [
        149.43999,
        -35.25652
    ],
    "Bundanoon": [
        150.29913,
        -34.65851
    ],
    "Bundamba": [
        152.81133,
        -27.60947
    ],
    "Bundaberg": [
        152.3479,
        -24.86621
    ],
    "Bulli": [
        150.91667,
        -34.33333
    ],
    "Bulahdelah": [
        152.21185,
        -32.40698
    ],
    "Budgewoi": [
        151.55412,
        -33.2339
    ],
    "Buderim": [
        153.05705,
        -26.68443
    ],
    "Brunswick Heads": [
        153.5481,
        -28.54154
    ],
    "Brunswick": [
        144.96667,
        -37.76667
    ],
    "Broulee": [
        150.17392,
        -35.85469
    ],
    "Broken Hill": [
        141.45998,
        -31.96173
    ],
    "Broadmeadows": [
        144.91877,
        -37.68015
    ],
    "Brisbane": [
        153.02809,
        -27.46794
    ],
    "Bringelly": [
        150.73333,
        -33.93333
    ],
    "Bridport": [
        147.39175,
        -41.00046
    ],
    "Brewarrina": [
        146.85986,
        -29.96067
    ],
    "Branxton": [
        151.35114,
        -32.65547
    ],
    "Braidwood": [
        149.7998,
        -35.44148
    ],
    "Box Hill": [
        145.12545,
        -37.81887
    ],
    "Bowraville": [
        152.85146,
        -30.64997
    ],
    "Bowral": [
        150.4204,
        -34.4775
    ],
    "Bowenfels": [
        150.11667,
        -33.51667
    ],
    "Bowen": [
        148.24754,
        -20.01367
    ],
    "Bourke": [
        145.94544,
        -30.09008
    ],
    "Botany": [
        151.19591,
        -33.94599
    ],
    "Bordertown": [
        140.77167,
        -36.30768
    ],
    "Boorowa": [
        148.71634,
        -34.43661
    ],
    "Booker Bay": [
        151.35,
        -33.51667
    ],
    "Bonville": [
        153.05959,
        -30.38284
    ],
    "Bongaree": [
        153.15942,
        -27.08367
    ],
    "Bombala": [
        149.23903,
        -36.90873
    ],
    "Bomaderry": [
        150.61093,
        -34.84967
    ],
    "Bolwarra": [
        151.56667,
        -32.71667
    ],
    "Boggabri": [
        150.04121,
        -30.70953
    ],
    "Boggabilla": [
        150.35934,
        -28.60477
    ],
    "Boambee": [
        153.08107,
        -30.33664
    ],
    "Blayney": [
        149.25367,
        -33.53233
    ],
    "Blaxland": [
        150.6,
        -33.75
    ],
    "Blair Athol": [
        138.59656,
        -34.85889
    ],
    "Blackwater": [
        148.87912,
        -23.58351
    ],
    "Blackwall": [
        151.31667,
        -33.5
    ],
    "Blacktown": [
        150.91667,
        -33.76667
    ],
    "Blackmans Bay": [
        147.31667,
        -43.01667
    ],
    "Blackheath": [
        150.28576,
        -33.63375
    ],
    "Bingara": [
        150.57204,
        -29.86931
    ],
    "Biloela": [
        150.5,
        -24.41667
    ],
    "Bilambil": [
        153.46667,
        -28.23333
    ],
    "Bexley": [
        151.11667,
        -33.95
    ],
    "Berry": [
        150.69064,
        -34.77527
    ],
    "Berrigan": [
        145.81145,
        -35.65879
    ],
    "Berriedale": [
        147.25,
        -42.81667
    ],
    "Berridale": [
        148.82677,
        -36.36565
    ],
    "Berri": [
        140.59958,
        -34.28107
    ],
    "Berowra": [
        151.15,
        -33.63333
    ],
    "Bermagui": [
        150.06355,
        -36.419
    ],
    "Berkeley Vale": [
        151.43333,
        -33.35
    ],
    "Berkeley": [
        150.85,
        -34.48333
    ],
    "Beresfield": [
        151.65,
        -32.8
    ],
    "Bentleigh": [
        145.03584,
        -37.9184
    ],
    "Bensville": [
        151.38333,
        -33.5
    ],
    "Bendigo": [
        144.28024,
        -36.75818
    ],
    "Benalla": [
        145.98425,
        -36.55113
    ],
    "Belmont": [
        115.9255,
        -31.9435
    ],
    "Bellingen": [
        152.89911,
        -30.45294
    ],
    "Bellerive": [
        147.36667,
        -42.86667
    ],
    "Belconnen": [
        149.08333,
        -35.21667
    ],
    "Bega": [
        149.84178,
        -36.67392
    ],
    "Beauty Point": [
        146.82108,
        -41.15663
    ],
    "Beaconsfield Upper": [
        145.4142,
        -37.99415
    ],
    "Beaconsfield": [
        146.81723,
        -41.20227
    ],
    "Bathurst": [
        149.5806,
        -33.41665
    ],
    "Batemans Bay": [
        150.17542,
        -35.70658
    ],
    "Barmera": [
        140.46147,
        -34.25562
    ],
    "Banora Point": [
        153.53634,
        -28.21298
    ],
    "Ballina": [
        153.56541,
        -28.86414
    ],
    "Ballarat": [
        143.84957,
        -37.56622
    ],
    "Bairnsdale": [
        147.61041,
        -37.82289
    ],
    "Bacchus Marsh": [
        144.43829,
        -37.67268
    ],
    "Ayr": [
        147.40666,
        -19.57393
    ],
    "Avoca Beach": [
        151.4339,
        -33.46818
    ],
    "Austins Ferry": [
        147.25,
        -42.76667
    ],
    "Atherton": [
        145.47522,
        -17.26864
    ],
    "Armidale": [
        151.67123,
        -30.50828
    ],
    "Ararat": [
        142.92728,
        -37.28542
    ],
    "Apollo Bay": [
        143.6722,
        -38.7594
    ],
    "Anglesea": [
        144.18587,
        -38.4073
    ],
    "Allansford": [
        142.59432,
        -38.38639
    ],
    "Alexandra": [
        145.7112,
        -37.19132
    ],
    "Albury": [
        146.92394,
        -36.07494
    ],
    "Holmesville": [
        151.59167,
        -32.9
    ],
    "Lambton": [
        151.7,
        -32.91667
    ],
    "New Lambton": [
        151.68333,
        -32.95
    ],
    "Raymond Terrace": [
        151.75,
        -32.75
    ],
    "Mayfield": [
        147.13333,
        -41.38722
    ],
    "Invermay": [
        147.13056,
        -41.39167
    ],
    "Gymea": [
        151.08333,
        -34.03333
    ],
    "Kirrawee": [
        151.06667,
        -34.03333
    ],
    "Loftus": [
        151.05,
        -34.05
    ],
    "Dolans Bay": [
        151.11667,
        -34.05
    ],
    "Bundeena": [
        151.15,
        -34.08333
    ],
    "Gymea Bay": [
        151.08333,
        -34.05
    ],
    "Kareela": [
        151.08333,
        -34.01667
    ],
    "Bonnet Bay": [
        151.05,
        -34
    ],
    "Oyster Bay": [
        151.06667,
        -34
    ],
    "Grays Point": [
        151.08333,
        -34.05
    ],
    "Brighton-Le-Sands": [
        151.15,
        -33.95
    ],
    "Monterey": [
        151.15,
        -33.96667
    ],
    "Ramsgate": [
        151.15,
        -33.98333
    ],
    "Blakehurst": [
        151.1,
        -33.98333
    ],
    "Connells Point": [
        151.08333,
        -33.98333
    ],
    "Lugarno": [
        151.03333,
        -33.98333
    ],
    "Peakhurst": [
        151.05,
        -33.96667
    ],
    "Padstow": [
        151.03333,
        -33.95
    ],
    "Goodwood": [
        147.29444,
        -42.825
    ],
    "Lutana": [
        147.31111,
        -42.83611
    ],
    "New Town": [
        147.30833,
        -42.86
    ],
    "Lake Heights": [
        150.875,
        -34.48667
    ],
    "Sandy Bay": [
        147.35318,
        -42.913
    ],
    "Fairy Meadow": [
        150.89583,
        -34.39667
    ],
    "Mount Ousley": [
        150.875,
        -34.4
    ],
    "Mount Keira": [
        150.85417,
        -34.41889
    ],
    "Gwynneville": [
        150.8875,
        -34.41667
    ],
    "Mangerton": [
        150.87167,
        -34.43667
    ],
    "Mount Saint Thomas": [
        150.87222,
        -34.44333
    ],
    "Palm Cove": [
        145.66667,
        -16.75
    ],
    "Yorkeys Knob": [
        145.71667,
        -16.81667
    ],
    "South Brisbane": [
        153.01667,
        -27.48333
    ],
    "Laverton": [
        144.76979,
        -37.86202
    ],
    "North Brighton": [
        145.00528,
        -37.90694
    ],
    "Highett": [
        145.03944,
        -37.95167
    ],
    "Parkdale": [
        145.07339,
        -37.99423
    ],
    "Bellevue Hill": [
        151.25056,
        -33.87944
    ],
    "Paddington": [
        151.23,
        -33.88528
    ],
    "Lilyfield": [
        151.16556,
        -33.87611
    ],
    "Drummoyne": [
        151.15417,
        -33.85361
    ],
    "Greenwich": [
        151.18306,
        -33.84056
    ],
    "Hunters Hill": [
        151.14083,
        -33.83333
    ],
    "Longueville": [
        151.16639,
        -33.83278
    ],
    "Crows Nest": [
        151.20167,
        -33.82806
    ],
    "Cammeray": [
        151.21583,
        -33.8225
    ],
    "Clontarf": [
        153.07835,
        -27.25341
    ],
    "Cremorne": [
        151.225,
        -33.83333
    ],
    "Neutral Bay": [
        151.21667,
        -33.83889
    ],
    "Point Piper": [
        151.25,
        -33.86667
    ],
    "Darling Point": [
        151.23889,
        -33.87083
    ],
    "Dover Heights": [
        151.27917,
        -33.87083
    ],
    "Randwick": [
        151.24167,
        -33.91667
    ],
    "Clovelly": [
        151.25,
        -33.9125
    ],
    "Bronte": [
        151.26667,
        -33.9
    ],
    "Bondi": [
        151.26667,
        -33.89167
    ],
    "Gladesville": [
        151.13333,
        -33.83333
    ],
    "Forestville": [
        151.20833,
        -33.76667
    ],
    "Brookvale": [
        151.26667,
        -33.76667
    ],
    "Curl Curl": [
        151.29167,
        -33.76667
    ],
    "Dee Why": [
        151.3,
        -33.75
    ],
    "Blairgowrie": [
        144.77955,
        -38.36131
    ],
    "Flinders": [
        150.85516,
        -34.58333
    ],
    "Palmerston": [
        130.9833,
        -12.48602
    ],
    "Tom Price": [
        117.7931,
        -22.6939
    ],
    "Moranbah": [
        148.04661,
        -22.00163
    ],
    "Heyfield": [
        146.78559,
        -37.9813
    ],
    "Kaleen": [
        149.10516,
        -35.21814
    ],
    "Karratha": [
        116.84629,
        -20.73765
    ],
    "Enfield": [
        138.60255,
        -34.8526
    ],
    "Hillarys": [
        115.74045,
        -31.80698
    ],
    "Kingsford": [
        151.22749,
        -33.92399
    ],
    "Klemzig": [
        138.63562,
        -34.87928
    ],
    "Osborne Park": [
        115.81083,
        -31.90066
    ],
    "Seven Mile Beach": [
        147.50381,
        -42.85759
    ],
    "Corlette": [
        152.10846,
        -32.72014
    ],
    "Burswood": [
        115.90396,
        -31.95872
    ],
    "Howrah": [
        147.40554,
        -42.88728
    ],
    "Springfield Lakes": [
        152.92488,
        -27.66757
    ],
    "North Narrabeen": [
        151.29607,
        -33.70935
    ],
    "Joondalup": [
        115.76835,
        -31.74445
    ],
    "East Lismore": [
        153.28743,
        -28.81933
    ],
    "Mindarie": [
        115.70698,
        -31.68932
    ],
    "Clarkson": [
        115.7247,
        -31.68282
    ],
    "Kinross": [
        115.73839,
        -31.71868
    ],
    "Currambine": [
        115.74766,
        -31.73306
    ],
    "Iluka": [
        115.73058,
        -31.73554
    ],
    "Heathridge": [
        115.75895,
        -31.76244
    ],
    "Girraween": [
        150.943,
        -33.799
    ],
    "Freshwater": [
        151.28569,
        -33.77867
    ],
    "Tieri": [
        148.34463,
        -23.03829
    ],
    "Taringa": [
        152.97861,
        -27.49061
    ],
    "Inala": [
        152.97432,
        -27.59715
    ],
    "Mount Lawley": [
        115.8716,
        -31.93439
    ],
    "Main Beach": [
        153.4266,
        -27.97879
    ],
    "Paradise": [
        138.66896,
        -34.87361
    ],
    "Athelstone": [
        138.70288,
        -34.86979
    ],
    "Wooloowin": [
        153.04204,
        -27.42244
    ],
    "Zillmere": [
        153.04453,
        -27.35591
    ],
    "Taigum": [
        153.04444,
        -27.34265
    ],
    "Bracken Ridge": [
        153.03097,
        -27.3171
    ],
    "Woolloongabba": [
        153.03655,
        -27.48855
    ],
    "Toowong": [
        152.98943,
        -27.4836
    ],
    "Fortitude Valley": [
        153.03474,
        -27.45718
    ],
    "Windsor": [
        144.99267,
        -37.8548
    ],
    "Twin Waters": [
        153,
        -26.61
    ],
    "Canada Bay": [
        151.15,
        -33.85
    ],
    "Canterbury": [
        145.08476,
        -37.8247
    ],
    "Forresters Beach": [
        151.476,
        -33.407
    ],
    "Tamborine Mountain": [
        153.19937,
        -27.96954
    ],
    "East Melbourne": [
        144.9879,
        -37.81667
    ],
    "Rainbow Beach": [
        153.09174,
        -25.90432
    ],
    "North Shore": [
        152.90185,
        -31.40237
    ],
    "North Ryde": [
        151.12436,
        -33.79677
    ],
    "North Melbourne": [
        144.94816,
        -37.80289
    ],
    "Caroline Springs": [
        144.73631,
        -37.74124
    ],
    "Hoppers Crossing": [
        144.7003,
        -37.88264
    ],
    "West Melbourne": [
        144.95,
        -37.81014
    ],
    "Rouse Hill": [
        150.9154,
        -33.68207
    ],
    "Logan City": [
        153.10944,
        -27.63917
    ],
    "Carindale": [
        153.10236,
        -27.50578
    ],
    "Paramatta": [
        151.00348,
        -33.8178
    ],
    "Macquarie": [
        149.06362,
        -35.25126
    ],
    "Ferntree Gully": [
        145.29539,
        -37.88461
    ],
    "Fullarton": [
        138.629,
        -34.951
    ],
    "Macarthur": [
        149.13196,
        -35.40856
    ],
    "City of Parramatta": [
        151,
        -33.81667
    ],
    "Phillip Island": [
        145.23102,
        -38.48349
    ],
    "Springwood": [
        153.12899,
        -27.61183
    ],
    "Adelaide Hills": [
        138.70735,
        -34.91118
    ],
    "Erskine": [
        115.70657,
        -32.55717
    ],
    "Canning Vale": [
        115.91814,
        -32.05798
    ],
    "Varsity Lakes": [
        153.4122,
        -28.0894
    ],
    "Roselands": [
        151.0732,
        -33.93317
    ],
    "Oxenford": [
        153.31309,
        -27.89033
    ],
    "Toormina": [
        153.09028,
        -30.35262
    ],
    "Glenmore Park": [
        150.6693,
        -33.79068
    ],
    "Southbank": [
        144.96434,
        -37.8228
    ],
    "Magnetic Island": [
        146.8485,
        -19.15514
    ],
    "Melton West": [
        144.56883,
        -37.67852
    ],
    "Brookfield": [
        144.56025,
        -37.7008
    ],
    "Kurunjang": [
        144.5969,
        -37.67587
    ],
    "Ashburton": [
        145.07936,
        -37.86259
    ],
    "Ashwood": [
        145.10553,
        -37.86659
    ],
    "Toorak": [
        145.00957,
        -37.84077
    ],
    "Balaclava": [
        144.99773,
        -37.86916
    ],
    "Caulfield North": [
        145.02262,
        -37.87255
    ],
    "Elsternwick": [
        145.00434,
        -37.88441
    ],
    "Elwood": [
        144.98305,
        -37.8817
    ],
    "Burwood": [
        145.11901,
        -37.84978
    ],
    "Box Hill South": [
        145.12098,
        -37.83236
    ],
    "Blackburn": [
        145.15326,
        -37.81901
    ],
    "Surrey Hills": [
        145.10038,
        -37.82524
    ],
    "Hawthorn East": [
        145.0464,
        -37.82484
    ],
    "Kew East": [
        145.05378,
        -37.79758
    ],
    "Balwyn North": [
        145.09386,
        -37.79086
    ],
    "Mont Albert North": [
        145.10828,
        -37.80043
    ],
    "Box Hill North": [
        145.12656,
        -37.80266
    ],
    "Blackburn North": [
        145.1518,
        -37.80931
    ],
    "Blackburn South": [
        145.15549,
        -37.83975
    ],
    "Chadstone": [
        145.09519,
        -37.88766
    ],
    "Carnegie": [
        145.05713,
        -37.88867
    ],
    "Glen Huntly": [
        145.04605,
        -37.88949
    ],
    "Malvern East": [
        145.04253,
        -37.87397
    ],
    "Murrumbeena": [
        145.07112,
        -37.89023
    ],
    "Oakleigh South": [
        145.09146,
        -37.92416
    ],
    "Oakleigh East": [
        145.10571,
        -37.89904
    ],
    "Caulfield South": [
        145.02734,
        -37.89673
    ],
    "Brighton East": [
        145.01884,
        -37.90141
    ],
    "Hampton": [
        145.0046,
        -37.93723
    ],
    "Hampton East": [
        145.02863,
        -37.93695
    ],
    "Bentleigh East": [
        145.05987,
        -37.9201
    ],
    "Black Rock": [
        145.01636,
        -37.97357
    ],
    "Aspendale Gardens": [
        145.11798,
        -38.02277
    ],
    "Booval": [
        152.78944,
        -27.61328
    ],
    "North Booval": [
        152.79485,
        -27.60392
    ],
    "North Ipswich": [
        152.76146,
        -27.60286
    ],
    "Brassall": [
        152.74755,
        -27.59753
    ],
    "Silkstone": [
        152.78768,
        -27.62126
    ],
    "Eastern Heights": [
        152.77828,
        -27.62849
    ],
    "Raceview": [
        152.77519,
        -27.63472
    ],
    "Flinders View": [
        152.77451,
        -27.65046
    ],
    "Deebing Heights": [
        152.74867,
        -27.66719
    ],
    "Yamanto": [
        152.73863,
        -27.66027
    ],
    "Redbank Plains": [
        152.85965,
        -27.64613
    ],
    "Collingwood Park": [
        152.86008,
        -27.61282
    ],
    "Woody Point": [
        153.10427,
        -27.25608
    ],
    "Ballarat Central": [
        143.85082,
        -37.56206
    ],
    "Golden Point": [
        143.8687,
        -37.57493
    ],
    "Delacombe": [
        143.81472,
        -37.58911
    ],
    "St Albans": [
        144.80049,
        -37.74496
    ],
    "St Leonards": [
        151.19836,
        -33.82344
    ],
    "St Kilda West": [
        144.9722,
        -37.86017
    ],
    "Eleebana": [
        151.63642,
        -32.9896
    ],
    "Summer Hill": [
        151.13825,
        -33.89146
    ],
    "West Perth": [
        115.84199,
        -31.94896
    ],
    "Altona North": [
        144.84735,
        -37.83487
    ],
    "Balcatta": [
        115.82839,
        -31.87501
    ],
    "East Perth": [
        115.87109,
        -31.95872
    ],
    "Leederville": [
        115.8419,
        -31.93628
    ],
    "Alexandria": [
        151.20037,
        -33.90219
    ],
    "Doveton": [
        145.23891,
        -37.99346
    ],
    "Endeavour Hills": [
        145.25866,
        -37.97695
    ],
    "Clayton": [
        145.13041,
        -37.91731
    ],
    "Robina": [
        153.38571,
        -28.07751
    ],
    "City of Cockburn": [
        115.84422,
        -32.10261
    ],
    "Beaumont Hills": [
        150.9411,
        -33.69993
    ],
    "North Adelaide": [
        138.59141,
        -34.90733
    ],
    "Victoria Park": [
        115.90525,
        -31.97619
    ],
    "Milsons Point": [
        151.21192,
        -33.846
    ],
    "Forrest": [
        149.12859,
        -35.31499
    ],
    "Bondi Junction": [
        151.24723,
        -33.89275
    ]
}