{
    "Zvornik": [
        19.10247,
        44.38605
    ],
    "Živinice": [
        18.64978,
        44.44929
    ],
    "Žepče": [
        18.03778,
        44.42667
    ],
    "Zenica": [
        17.90397,
        44.20169
    ],
    "Željezno Polje": [
        17.94103,
        44.39875
    ],
    "Zborište": [
        16.01728,
        45.14593
    ],
    "Zavidovići": [
        18.14972,
        44.44583
    ],
    "Zabrišće": [
        16.94224,
        43.79224
    ],
    "Vukovije Donje": [
        18.74941,
        44.46209
    ],
    "Vrnograč": [
        15.95444,
        45.16369
    ],
    "Vozuća": [
        18.35397,
        44.35878
    ],
    "Voljevac": [
        17.65861,
        43.87873
    ],
    "Vogošća": [
        18.34438,
        43.90225
    ],
    "Vlasenica": [
        18.94096,
        44.18183
    ],
    "Vitina": [
        17.48389,
        43.2375
    ],
    "Vitez": [
        17.79008,
        44.15424
    ],
    "Visoko": [
        18.17806,
        43.98889
    ],
    "Višegrad": [
        19.29256,
        43.7826
    ],
    "Vidoši": [
        17.02833,
        43.77139
    ],
    "Velika Obarska": [
        19.16183,
        44.80461
    ],
    "Velika Kladuša": [
        15.80579,
        45.18497
    ],
    "Velagići": [
        16.73349,
        44.55618
    ],
    "Varoška Rijeka": [
        16.01906,
        45.08936
    ],
    "Vareš": [
        18.32833,
        44.16444
    ],
    "Ustikolina": [
        18.79106,
        43.58338
    ],
    "Ugljevik": [
        19.02028,
        44.66361
    ],
    "Tuzla": [
        18.66709,
        44.53842
    ],
    "Turbe": [
        17.57499,
        44.24352
    ],
    "Tržačka Raštela": [
        15.78489,
        44.97597
    ],
    "Trn": [
        17.23583,
        44.85829
    ],
    "Trebinje": [
        18.34362,
        42.71197
    ],
    "Travnik": [
        17.66582,
        44.22637
    ],
    "Tojšići": [
        18.78523,
        44.50133
    ],
    "Teslić": [
        17.85972,
        44.60639
    ],
    "Tešanj": [
        17.98552,
        44.61191
    ],
    "Tasovčići": [
        17.72,
        43.11333
    ],
    "Svodna": [
        16.54019,
        45.0377
    ],
    "Šumatac": [
        15.85818,
        45.09744
    ],
    "Šturlić": [
        15.77806,
        45.06389
    ],
    "Stupari": [
        18.68416,
        44.31382
    ],
    "Stolac": [
        17.95995,
        43.084
    ],
    "Stjepan-Polje": [
        18.25783,
        44.71634
    ],
    "Stijena": [
        16.02224,
        44.9363
    ],
    "Srebrenik": [
        18.48834,
        44.70819
    ],
    "Srebrenica": [
        19.29669,
        44.10748
    ],
    "Srbac": [
        17.52331,
        45.0973
    ],
    "Solina": [
        18.69322,
        44.56226
    ],
    "Sokolac": [
        18.80079,
        43.93817
    ],
    "Sladna": [
        18.42576,
        44.72897
    ],
    "Skender Vakuf": [
        17.38161,
        44.49071
    ],
    "Šipovo": [
        17.08597,
        44.28237
    ],
    "Šerići": [
        18.5637,
        44.46674
    ],
    "Šekovići": [
        18.85532,
        44.29896
    ],
    "Sarajevo": [
        18.35644,
        43.84864
    ],
    "Sanski Most": [
        16.667,
        44.7667
    ],
    "Sanica": [
        16.64062,
        44.61354
    ],
    "Rumboci": [
        17.50273,
        43.83154
    ],
    "Rudo": [
        19.36719,
        43.61781
    ],
    "Rogatica": [
        19.00363,
        43.79894
    ],
    "Rodoč": [
        17.8029,
        43.31453
    ],
    "Radišići": [
        17.54056,
        43.22302
    ],
    "Puračić": [
        18.47865,
        44.54562
    ],
    "Novi Travnik": [
        17.65816,
        44.17133
    ],
    "Prozor": [
        17.60917,
        43.82222
    ],
    "Prnjavor": [
        17.66256,
        44.87021
    ],
    "Prijedor": [
        16.71401,
        44.97991
    ],
    "Priboj": [
        18.93165,
        44.60233
    ],
    "Pribinić": [
        17.68982,
        44.6101
    ],
    "Potoci": [
        17.87855,
        43.40953
    ],
    "Popovi": [
        19.28667,
        44.76547
    ],
    "Polje-Bijela": [
        17.97216,
        43.63299
    ],
    "Podzvizd": [
        15.87361,
        45.17417
    ],
    "Podhum": [
        16.99887,
        43.72295
    ],
    "Petkovci": [
        19.07466,
        44.46849
    ],
    "Pećigrad": [
        15.89694,
        45.05444
    ],
    "Peći": [
        16.7825,
        44.63139
    ],
    "Pazarić": [
        18.16049,
        43.78882
    ],
    "Pale": [
        18.56949,
        43.81664
    ],
    "Otoka": [
        16.17917,
        44.96
    ],
    "Ostrožac": [
        15.94044,
        44.90866
    ],
    "Oštra Luka": [
        18.58464,
        44.99724
    ],
    "Orguz": [
        16.86329,
        43.77414
    ],
    "Orašje": [
        18.69334,
        45.03366
    ],
    "Orašac": [
        16.07443,
        44.63039
    ],
    "Orahovica Donja": [
        18.36951,
        44.65345
    ],
    "Omarska": [
        16.89814,
        44.8917
    ],
    "Olovo": [
        18.58065,
        44.1277
    ],
    "Odžak": [
        18.3272,
        45.01038
    ],
    "Obudovac": [
        18.59869,
        44.95214
    ],
    "Novi Šeher": [
        18.02624,
        44.51031
    ],
    "Nevesinje": [
        18.11333,
        43.25861
    ],
    "Neum": [
        17.61556,
        42.92333
    ],
    "Mrkonjić Grad": [
        17.08288,
        44.41729
    ],
    "Mramor": [
        18.56458,
        44.59234
    ],
    "Mostar": [
        17.80806,
        43.34333
    ],
    "Mionica": [
        18.46603,
        44.86646
    ],
    "Milići": [
        19.09195,
        44.17016
    ],
    "Maslovare": [
        17.53216,
        44.56594
    ],
    "Marićka": [
        16.8551,
        44.86801
    ],
    "Mala Kladuša": [
        15.85217,
        45.13443
    ],
    "Mahala": [
        18.25528,
        44.01194
    ],
    "Maglajani": [
        17.35014,
        44.94975
    ],
    "Maglaj": [
        18.10003,
        44.54771
    ],
    "Lukavica": [
        18.16887,
        44.76452
    ],
    "Lopare": [
        18.8434,
        44.63498
    ],
    "Lokvine": [
        17.85665,
        44.20466
    ],
    "Ljubuški": [
        17.545,
        43.19694
    ],
    "Ljubinje": [
        18.08702,
        42.9512
    ],
    "Livno": [
        17.00746,
        43.82695
    ],
    "Široki Brijeg": [
        17.59416,
        43.3829
    ],
    "Laktaši": [
        17.30135,
        44.90857
    ],
    "Kotor-Varoš": [
        17.37204,
        44.61831
    ],
    "Kočerin": [
        17.48552,
        43.39005
    ],
    "Kobilja Glava": [
        18.38864,
        43.88188
    ],
    "Ključ": [
        16.77682,
        44.53251
    ],
    "Kladanj": [
        18.69274,
        44.22669
    ],
    "Kiseljak": [
        18.08132,
        43.94295
    ],
    "Karadaglije": [
        18.01774,
        44.57065
    ],
    "Kalenderovci Donji": [
        17.83785,
        44.94672
    ],
    "Kakanj": [
        18.12292,
        44.13311
    ],
    "Jezerski": [
        16.09448,
        44.98172
    ],
    "Janja": [
        19.24691,
        44.66554
    ],
    "Jajce": [
        17.27059,
        44.34203
    ],
    "Izačić": [
        15.78256,
        44.87485
    ],
    "Ilijaš": [
        18.27128,
        43.95128
    ],
    "Han Pijesak": [
        18.95258,
        44.08161
    ],
    "Hadžići": [
        18.20667,
        43.82222
    ],
    "Grude": [
        17.39506,
        43.38356
    ],
    "Gromiljak": [
        18.05504,
        43.96668
    ],
    "Gradačac": [
        18.42764,
        44.87851
    ],
    "Gračanica": [
        18.28333,
        43.73333
    ],
    "Gostovići": [
        18.17029,
        44.41124
    ],
    "Gornji Vakuf": [
        17.58833,
        43.93806
    ],
    "Gornje Živinice": [
        18.61667,
        44.42921
    ],
    "Gornje Moštre": [
        18.15477,
        44.01911
    ],
    "Gornja Tuzla": [
        18.76159,
        44.55659
    ],
    "Gornja Koprivna": [
        15.95487,
        45.01091
    ],
    "Goražde": [
        18.97564,
        43.66795
    ],
    "Gnojnica": [
        18.44684,
        44.62058
    ],
    "Glamoč": [
        16.84861,
        44.04583
    ],
    "Gacko": [
        18.53528,
        43.16722
    ],
    "Fojnica": [
        17.90288,
        43.95952
    ],
    "Foča": [
        18.77854,
        43.50646
    ],
    "Tomislavgrad": [
        17.22515,
        43.71848
    ],
    "Dubravica": [
        18.11882,
        44.44131
    ],
    "Dubrave Gornje": [
        18.72685,
        44.47229
    ],
    "Dubrave Donje": [
        18.69709,
        44.4806
    ],
    "Drinovci": [
        17.32536,
        43.35454
    ],
    "Donji Vakuf": [
        17.4,
        44.14361
    ],
    "Donja Međiđa": [
        18.40477,
        44.80234
    ],
    "Donja Mahala": [
        18.66996,
        45.04327
    ],
    "Donja Dubica": [
        18.41023,
        45.07559
    ],
    "Dobrljin": [
        16.47869,
        45.15106
    ],
    "Dobrinje": [
        18.11958,
        44.05008
    ],
    "Doboj": [
        18.08698,
        44.73179
    ],
    "Divičani": [
        17.32678,
        44.36682
    ],
    "Derventa": [
        17.90779,
        44.97839
    ],
    "Čitluk": [
        17.70083,
        43.22861
    ],
    "Cim": [
        17.78045,
        43.35402
    ],
    "Čečava": [
        17.7578,
        44.67962
    ],
    "Cazin": [
        15.94306,
        44.96694
    ],
    "Čapljina": [
        17.68444,
        43.12139
    ],
    "Čajniče": [
        19.07186,
        43.55712
    ],
    "Bužim": [
        16.03254,
        45.05361
    ],
    "Busovača": [
        17.8783,
        44.09769
    ],
    "Bugojno": [
        17.45083,
        44.05722
    ],
    "Bronzani Majdan": [
        16.94039,
        44.79237
    ],
    "Brka": [
        18.7242,
        44.82837
    ],
    "Brčko": [
        18.80833,
        44.87278
    ],
    "Bratunac": [
        19.33085,
        44.18455
    ],
    "Bosansko Grahovo": [
        16.36389,
        44.17944
    ],
    "Bosanski Šamac": [
        18.46756,
        45.05986
    ],
    "Bosanski Novi": [
        16.37782,
        45.04643
    ],
    "Bosanski Brod": [
        17.98722,
        45.13747
    ],
    "Bosanska Krupa": [
        16.15139,
        44.8825
    ],
    "Kostajnica": [
        16.53929,
        45.21956
    ],
    "Bosanska Gradiška": [
        17.25453,
        45.14484
    ],
    "Bosanska Dubica": [
        16.80944,
        45.17667
    ],
    "Blatnica": [
        17.82278,
        44.48677
    ],
    "Blagaj": [
        17.8897,
        43.25822
    ],
    "Bileća": [
        18.42967,
        42.87645
    ],
    "Bila": [
        16.92676,
        43.78265
    ],
    "Bijeljina": [
        19.21437,
        44.75874
    ],
    "Bihać": [
        15.87083,
        44.81694
    ],
    "Banovići": [
        18.52648,
        44.40596
    ],
    "Banja Luka": [
        17.18556,
        44.77583
    ],
    "Balatun": [
        19.33931,
        44.86332
    ],
    "Koran": [
        18.56999,
        43.81038
    ],
    "Jelah": [
        17.95897,
        44.654
    ],
    "Stanari": [
        17.82714,
        44.74476
    ],
    "Podbrdo": [
        17.01495,
        44.44189
    ],
    "Malešići": [
        18.27335,
        44.73824
    ],
    "Svojat": [
        18.73849,
        44.39548
    ],
    "Dvorovi": [
        19.25999,
        44.80753
    ],
    "Knežica": [
        16.67668,
        45.10548
    ],
    "Pjanići": [
        15.82304,
        44.98568
    ],
    "Polje": [
        18.07452,
        43.88014
    ],
    "Ilići": [
        17.76848,
        43.34765
    ],
    "Careva Ćuprija": [
        18.42961,
        44.2663
    ],
    "Starcevica": [
        17.21178,
        44.75708
    ],
    "Čelinac": [
        17.32431,
        44.72453
    ],
    "Hiseti": [
        17.17944,
        44.76111
    ],
    "Piskavica": [
        16.97464,
        44.86717
    ],
    "Lamovita": [
        16.89932,
        44.92018
    ],
    "Tešanjka": [
        18.01109,
        44.67228
    ],
    "Kovači": [
        18.20521,
        44.44874
    ],
    "Liješnica": [
        18.07644,
        44.49497
    ],
    "Ćoralići": [
        15.87194,
        45.00694
    ],
    "Crnići": [
        17.86452,
        43.13156
    ],
    "Barice": [
        18.48069,
        44.54065
    ],
    "Hotonj": [
        18.37751,
        43.89342
    ],
    "Skokovi": [
        15.91444,
        45.03139
    ],
    "Drežnica": [
        17.2812,
        43.52891
    ],
    "Kačuni": [
        17.93894,
        44.06433
    ],
    "Pajić Polje": [
        17.5275,
        43.97583
    ],
    "Gornja Breza": [
        18.24564,
        44.03758
    ],
    "Todorovo": [
        15.93083,
        45.08833
    ],
    "Konjic": [
        17.96082,
        43.65126
    ],
    "Jablanica": [
        17.76167,
        43.66028
    ],
    "Bijela": [
        17.95078,
        43.60871
    ],
    "Mejdan - Obilićevo": [
        17.19012,
        44.76324
    ]
}