{
    "Zwijndrecht": [
        4.32664,
        51.21979
    ],
    "Zwevegem": [
        3.33848,
        50.81268
    ],
    "Zutendaal": [
        5.5753,
        50.93306
    ],
    "Zulte": [
        3.44859,
        50.91954
    ],
    "Zuienkerke": [
        3.15506,
        51.26511
    ],
    "Zoutleeuw": [
        5.10376,
        50.83316
    ],
    "Zottegem": [
        3.81052,
        50.86956
    ],
    "Zonnebeke": [
        2.98725,
        50.8726
    ],
    "Zonhoven": [
        5.36819,
        50.99064
    ],
    "Zomergem": [
        3.56496,
        51.11994
    ],
    "Zoersel": [
        4.71296,
        51.26825
    ],
    "Zingem": [
        3.65305,
        50.90409
    ],
    "Zemst": [
        4.46079,
        50.98318
    ],
    "Zelzate": [
        3.80777,
        51.18963
    ],
    "Zele": [
        4.0403,
        51.06566
    ],
    "Zeebrugge": [
        3.18188,
        51.32902
    ],
    "Zedelgem": [
        3.1368,
        51.14236
    ],
    "Zaventem": [
        4.47298,
        50.88365
    ],
    "Zandhoven": [
        4.66164,
        51.21488
    ],
    "Yvoir": [
        4.88059,
        50.3279
    ],
    "Wuustwezel": [
        4.59546,
        51.39214
    ],
    "Wommelgem": [
        4.5225,
        51.20452
    ],
    "Wingene": [
        3.27359,
        51.05782
    ],
    "Willebroek": [
        4.36019,
        51.06041
    ],
    "Wijnegem": [
        4.51895,
        51.22787
    ],
    "Wielsbeke": [
        3.36667,
        50.9
    ],
    "Wichelen": [
        3.97683,
        51.00526
    ],
    "Wezembeek-Oppem": [
        4.49427,
        50.8395
    ],
    "Wevelgem": [
        3.16667,
        50.8
    ],
    "Wetteren": [
        3.88341,
        51.00526
    ],
    "Westerlo": [
        4.91544,
        51.09049
    ],
    "Wervik": [
        3.03854,
        50.78069
    ],
    "Wenduine": [
        3.08213,
        51.2983
    ],
    "Wemmel": [
        4.30613,
        50.90812
    ],
    "Wellin": [
        5.11413,
        50.08133
    ],
    "Wellen": [
        5.33867,
        50.84096
    ],
    "Welkenraedt": [
        5.97034,
        50.6605
    ],
    "Wavre": [
        4.60138,
        50.71717
    ],
    "Waterloo": [
        4.4014,
        50.71255
    ],
    "Wasseiges": [
        5.00528,
        50.62186
    ],
    "Waremme": [
        5.25524,
        50.6976
    ],
    "Waregem": [
        3.42756,
        50.88898
    ],
    "Wanze": [
        5.20846,
        50.53907
    ],
    "Walhain-Saint-Paul": [
        4.69837,
        50.62627
    ],
    "Walcourt": [
        4.43796,
        50.25401
    ],
    "Waimes": [
        6.11207,
        50.41488
    ],
    "Wachtebeke": [
        3.87183,
        51.16852
    ],
    "Waasmunster": [
        4.08573,
        51.10572
    ],
    "Waarschoot": [
        3.605,
        51.1525
    ],
    "Vosselaar": [
        4.8896,
        51.30856
    ],
    "Vorselaar": [
        4.77259,
        51.20243
    ],
    "Visé": [
        5.69907,
        50.7376
    ],
    "Virton": [
        5.53259,
        49.56824
    ],
    "Vilvoorde": [
        4.42938,
        50.92814
    ],
    "Villers-le-Bouillet": [
        5.25945,
        50.57708
    ],
    "Villers-la-Ville": [
        4.51667,
        50.56667
    ],
    "Vielsalm": [
        5.91502,
        50.28407
    ],
    "Veurne": [
        2.66238,
        51.07231
    ],
    "Verviers": [
        5.86241,
        50.58907
    ],
    "Verlaine": [
        5.3174,
        50.60743
    ],
    "Vaux-sur-Sûre": [
        5.57848,
        49.911
    ],
    "Turnhout": [
        4.94471,
        51.32254
    ],
    "Tubize": [
        4.2009,
        50.69059
    ],
    "Trooz": [
        5.69521,
        50.57026
    ],
    "Trois-Ponts": [
        5.87146,
        50.37128
    ],
    "Tremelo": [
        4.70807,
        50.99231
    ],
    "Tournai": [
        3.38932,
        50.60715
    ],
    "Torhout": [
        3.10085,
        51.0656
    ],
    "Tongeren": [
        5.46484,
        50.78054
    ],
    "Tintigny": [
        5.51349,
        49.68326
    ],
    "Tinlot": [
        5.37755,
        50.47493
    ],
    "Tienen": [
        4.9378,
        50.80744
    ],
    "Tielt": [
        3.32707,
        50.99931
    ],
    "Thuin": [
        4.28604,
        50.33933
    ],
    "Theux": [
        5.81245,
        50.53323
    ],
    "Tessenderlo": [
        5.08856,
        51.06513
    ],
    "Tervuren": [
        4.51418,
        50.82372
    ],
    "Ternat": [
        4.16682,
        50.86654
    ],
    "Tenneville": [
        5.52894,
        50.09501
    ],
    "Temse": [
        4.21372,
        51.12794
    ],
    "Tellin": [
        5.21638,
        50.08038
    ],
    "Stoumont": [
        5.80838,
        50.40667
    ],
    "Stekene": [
        4.0365,
        51.2099
    ],
    "Steenokkerzeel": [
        4.50989,
        50.91851
    ],
    "Stavelot": [
        5.93124,
        50.395
    ],
    "Staden": [
        3.01468,
        50.97456
    ],
    "Stabroek": [
        4.37127,
        51.33189
    ],
    "Sprimont": [
        5.6595,
        50.50922
    ],
    "Spa": [
        5.86674,
        50.48375
    ],
    "Soumagne": [
        5.74679,
        50.61385
    ],
    "Somme-Leuze": [
        5.36705,
        50.33699
    ],
    "Sombreffe": [
        4.60087,
        50.52865
    ],
    "Soignies": [
        4.07129,
        50.57904
    ],
    "Sint-Truiden": [
        5.18647,
        50.81679
    ],
    "Sint-Pieters-Leeuw": [
        4.24355,
        50.77926
    ],
    "Sint-Niklaas": [
        4.1437,
        51.16509
    ],
    "Sint-Martens-Lennik": [
        4.16965,
        50.81158
    ],
    "Sint-Martens-Latem": [
        3.63779,
        51.01459
    ],
    "Sint-Maria-Lierde": [
        3.84814,
        50.82172
    ],
    "Sint-Lievens-Houtem": [
        3.86225,
        50.9197
    ],
    "Sint-Laureins": [
        3.52441,
        51.24202
    ],
    "Sint-Kruis": [
        3.24949,
        51.21399
    ],
    "Sint-Katelijne-Waver": [
        4.53469,
        51.06691
    ],
    "Sint-Gillis-Waas": [
        4.12374,
        51.21914
    ],
    "Sint-Genesius-Rode": [
        4.35754,
        50.74645
    ],
    "Sint-Amands": [
        4.20957,
        51.05645
    ],
    "Silly": [
        3.92363,
        50.64877
    ],
    "Seraing": [
        5.50115,
        50.58362
    ],
    "Seneffe": [
        4.26301,
        50.53134
    ],
    "Schoten": [
        4.50268,
        51.25251
    ],
    "Schilde": [
        4.58336,
        51.24107
    ],
    "Schelle": [
        4.34114,
        51.12615
    ],
    "Saint-Yvon": [
        2.90992,
        50.74335
    ],
    "Saint-Vith": [
        6.12724,
        50.28146
    ],
    "Saint-Nicolas": [
        5.53243,
        50.62837
    ],
    "Saint-Léger": [
        5.65688,
        49.61196
    ],
    "Saint-Hubert": [
        5.37401,
        50.02668
    ],
    "Saint-Ghislain": [
        3.81886,
        50.44816
    ],
    "Sainte-Ode": [
        5.51926,
        50.01723
    ],
    "Rumst": [
        4.42217,
        51.08153
    ],
    "Rumes": [
        3.30535,
        50.5545
    ],
    "Ruiselede": [
        3.39416,
        51.04039
    ],
    "Rouvroy": [
        5.49031,
        49.53771
    ],
    "Rotselaar": [
        4.71665,
        50.95302
    ],
    "Ronse": [
        3.6005,
        50.74574
    ],
    "Mons-lez-Liège": [
        5.46667,
        50.61667
    ],
    "Roeulx": [
        4.11163,
        50.50365
    ],
    "Roeselare": [
        3.12269,
        50.94653
    ],
    "Rochefort": [
        5.2216,
        50.1631
    ],
    "Rixensart": [
        4.52529,
        50.71229
    ],
    "Rijkevorsel": [
        4.76053,
        51.34795
    ],
    "Riemst": [
        5.60131,
        50.80995
    ],
    "Retie": [
        5.08242,
        51.26652
    ],
    "Rendeux": [
        5.50414,
        50.23422
    ],
    "Remicourt": [
        5.32785,
        50.68069
    ],
    "Rebecq-Rognon": [
        4.10683,
        50.65147
    ],
    "Ravels": [
        4.9921,
        51.37274
    ],
    "Ranst": [
        4.56533,
        51.18983
    ],
    "Ramillies": [
        4.90119,
        50.63395
    ],
    "Raeren": [
        6.11535,
        50.6672
    ],
    "Quiévrain": [
        3.68351,
        50.40737
    ],
    "Quévy-le-Petit": [
        3.93602,
        50.36879
    ],
    "Quaregnon": [
        3.8653,
        50.44067
    ],
    "Puurs": [
        4.28844,
        51.07409
    ],
    "Putte": [
        4.63263,
        51.05337
    ],
    "Profondeville": [
        4.86506,
        50.37581
    ],
    "Poperinge": [
        2.72659,
        50.85386
    ],
    "Pont-à-Celles": [
        4.36887,
        50.50518
    ],
    "Plombières": [
        5.95922,
        50.73656
    ],
    "Pittem": [
        3.26317,
        50.99279
    ],
    "Philippeville": [
        4.54374,
        50.19612
    ],
    "Perwez": [
        4.81354,
        50.62426
    ],
    "Péruwelz": [
        3.59373,
        50.50819
    ],
    "Perre": [
        3.86098,
        50.88914
    ],
    "Pepinster": [
        5.8049,
        50.57375
    ],
    "Pepingen": [
        4.15983,
        50.75922
    ],
    "Peer": [
        5.45952,
        51.1303
    ],
    "Pecq": [
        3.33789,
        50.68619
    ],
    "Paliseul": [
        5.13537,
        49.90395
    ],
    "Overpelt": [
        5.41557,
        51.21038
    ],
    "Overijse": [
        4.53461,
        50.77436
    ],
    "Oupeye": [
        5.6468,
        50.71184
    ],
    "Ouffet": [
        5.4657,
        50.4387
    ],
    "Oud-Turnhout": [
        4.9841,
        51.31978
    ],
    "Oud-Heverlee": [
        4.66421,
        50.83522
    ],
    "Oudenburg": [
        3.00035,
        51.18489
    ],
    "Oudenaarde": [
        3.60891,
        50.85168
    ],
    "Ottignies": [
        4.56679,
        50.66535
    ],
    "Oreye": [
        5.3488,
        50.71749
    ],
    "Opwijk": [
        4.18442,
        50.96724
    ],
    "Opglabbeek": [
        5.58346,
        51.04258
    ],
    "Oostrozebeke": [
        3.33799,
        50.92093
    ],
    "Oostkamp": [
        3.23128,
        51.15432
    ],
    "Oosterzele": [
        3.79826,
        50.95261
    ],
    "Oostende": [
        2.91185,
        51.22339
    ],
    "Onhaye": [
        4.84069,
        50.24148
    ],
    "Olne": [
        5.74662,
        50.58994
    ],
    "Olen": [
        4.8598,
        51.14391
    ],
    "Ohey": [
        5.12375,
        50.4357
    ],
    "Noville-les-Bois": [
        4.98466,
        50.55702
    ],
    "Nivelles": [
        4.32848,
        50.59833
    ],
    "Ninove": [
        4.02657,
        50.82776
    ],
    "Nijlen": [
        4.67008,
        51.16096
    ],
    "Nieuwpoort": [
        2.75134,
        51.13008
    ],
    "Nieuwerkerken": [
        5.19467,
        50.8638
    ],
    "Niel": [
        4.33428,
        51.11096
    ],
    "Nevele": [
        3.54574,
        51.03531
    ],
    "Neufchâteau": [
        5.43535,
        49.84074
    ],
    "Neerpelt": [
        5.4427,
        51.22807
    ],
    "Nazareth": [
        3.59426,
        50.95686
    ],
    "Nassogne": [
        5.34274,
        50.12849
    ],
    "Nandrin": [
        5.41905,
        50.50674
    ],
    "Namur": [
        4.86746,
        50.4669
    ],
    "Musson": [
        5.70525,
        49.55835
    ],
    "Mouscron": [
        3.20639,
        50.74497
    ],
    "Mortsel": [
        4.45127,
        51.16697
    ],
    "Morlanwelz-Mariemont": [
        4.24519,
        50.45502
    ],
    "Moorslede": [
        3.06117,
        50.8919
    ],
    "Mont-Saint-Guibert": [
        4.61061,
        50.63427
    ],
    "Mons": [
        3.95229,
        50.45413
    ],
    "Momignies": [
        4.16519,
        50.0271
    ],
    "Mol": [
        5.11662,
        51.19188
    ],
    "Moerbeke": [
        3.93001,
        51.17409
    ],
    "Modave": [
        5.29532,
        50.44614
    ],
    "Middelkerke": [
        2.82077,
        51.18532
    ],
    "Meulebeke": [
        3.28804,
        50.95136
    ],
    "Mettet": [
        4.66232,
        50.32119
    ],
    "Messancy": [
        5.81878,
        49.592
    ],
    "Merksplas": [
        4.86513,
        51.35851
    ],
    "Merelbeke": [
        3.74621,
        50.99447
    ],
    "Merchtem": [
        4.23197,
        50.95129
    ],
    "Merbes-le-Château": [
        4.1649,
        50.3245
    ],
    "Menen": [
        3.12245,
        50.79722
    ],
    "Melle": [
        3.80526,
        51.00232
    ],
    "Meix-devant-Virton": [
        5.48045,
        49.60581
    ],
    "Meise": [
        4.32655,
        50.93934
    ],
    "Meerhout": [
        5.07842,
        51.1321
    ],
    "Mechelen": [
        4.47762,
        51.02574
    ],
    "Martelange": [
        5.73655,
        49.83195
    ],
    "Marchin": [
        5.2428,
        50.46707
    ],
    "Marche-en-Famenne": [
        5.34416,
        50.22678
    ],
    "Manhay": [
        5.67562,
        50.29219
    ],
    "Manage": [
        4.23589,
        50.50312
    ],
    "Malmédy": [
        6.02794,
        50.42686
    ],
    "Maldegem": [
        3.44511,
        51.20737
    ],
    "Machelen": [
        4.44174,
        50.91061
    ],
    "Maasmechelen": [
        5.69452,
        50.96545
    ],
    "Maaseik": [
        5.78379,
        51.09802
    ],
    "Lummen": [
        5.19121,
        50.98772
    ],
    "Lubbeek": [
        4.83896,
        50.88278
    ],
    "Lovendegem": [
        3.61298,
        51.10168
    ],
    "Louvain-la-Neuve": [
        4.61443,
        50.66829
    ],
    "Lontzen": [
        6.00712,
        50.68126
    ],
    "Londerzeel": [
        4.30304,
        51.00468
    ],
    "Lommel": [
        5.31349,
        51.23074
    ],
    "Lokeren": [
        3.99339,
        51.10364
    ],
    "Lochristi": [
        3.83194,
        51.09644
    ],
    "Lobbes": [
        4.26716,
        50.35258
    ],
    "Lint": [
        4.49669,
        51.12708
    ],
    "Linkebeek": [
        4.33688,
        50.76781
    ],
    "Lincent": [
        5.03654,
        50.71222
    ],
    "Limbourg": [
        5.9412,
        50.61222
    ],
    "Lille": [
        4.82312,
        51.24197
    ],
    "Lier": [
        4.57042,
        51.13128
    ],
    "Lierneux": [
        5.79236,
        50.28477
    ],
    "Liège": [
        5.56749,
        50.63373
    ],
    "Liedekerke": [
        4.08743,
        50.86892
    ],
    "Lichtervelde": [
        3.15,
        51.03333
    ],
    "Libin": [
        5.25612,
        49.98107
    ],
    "Leuven": [
        4.70093,
        50.87959
    ],
    "Lessines": [
        3.83579,
        50.71104
    ],
    "Leopoldsburg": [
        5.25,
        51.11667
    ],
    "Lens": [
        3.89946,
        50.55696
    ],
    "Lendelede": [
        3.23747,
        50.88626
    ],
    "Léglise": [
        5.53652,
        49.79985
    ],
    "Ledegem": [
        3.12409,
        50.85785
    ],
    "Ledeberg": [
        4.09112,
        50.84356
    ],
    "Lede": [
        3.98594,
        50.96626
    ],
    "Lebbeke": [
        4.13457,
        51.00464
    ],
    "La Roche-en-Ardenne": [
        5.57547,
        50.18361
    ],
    "Landen": [
        5.082,
        50.75266
    ],
    "Lanaken": [
        5.6468,
        50.89318
    ],
    "La Louvière": [
        4.18785,
        50.48657
    ],
    "La Hulpe": [
        4.48577,
        50.73091
    ],
    "La Calamine": [
        6.01107,
        50.71809
    ],
    "La Bruyère": [
        4.61444,
        50.39478
    ],
    "Laarne": [
        3.85077,
        51.03078
    ],
    "Kuurne": [
        3.2824,
        50.85143
    ],
    "Kruishoutem": [
        3.52588,
        50.90168
    ],
    "Kruibeke": [
        4.31444,
        51.17048
    ],
    "Kraainem": [
        4.46946,
        50.86155
    ],
    "Kortrijk": [
        3.26487,
        50.82803
    ],
    "Kortessem": [
        5.38974,
        50.8589
    ],
    "Kortenberg": [
        4.54353,
        50.88982
    ],
    "Kortenaken": [
        5.05968,
        50.90862
    ],
    "Kortemark": [
        3.04112,
        51.02951
    ],
    "Kontich": [
        4.44706,
        51.13213
    ],
    "Koksijde": [
        2.63772,
        51.11642
    ],
    "Koekelare": [
        2.9783,
        51.09047
    ],
    "Knokke-Heist": [
        3.26667,
        51.35
    ],
    "Knesselare": [
        3.41282,
        51.13932
    ],
    "Kinrooi": [
        5.74207,
        51.14543
    ],
    "Keerbergen": [
        4.63434,
        51.00295
    ],
    "Kasterlee": [
        4.96651,
        51.24118
    ],
    "Kaprijke": [
        3.61519,
        51.2172
    ],
    "Kapelle-op-den-Bos": [
        4.36303,
        51.0097
    ],
    "Kapellen": [
        4.43539,
        51.31377
    ],
    "Kampenhout": [
        4.55103,
        50.9421
    ],
    "Kalmthout": [
        4.47556,
        51.38442
    ],
    "Jurbise": [
        3.90942,
        50.531
    ],
    "Juprelle": [
        5.53127,
        50.7076
    ],
    "Jodoigne": [
        4.86914,
        50.72357
    ],
    "Jalhay": [
        5.96764,
        50.55876
    ],
    "Jabbeke": [
        3.08935,
        51.18185
    ],
    "Izegem": [
        3.21378,
        50.91396
    ],
    "Ittre": [
        4.26476,
        50.64396
    ],
    "Ingelmunster": [
        3.25571,
        50.92081
    ],
    "Incourt": [
        4.79816,
        50.69151
    ],
    "Ieper": [
        2.88569,
        50.85114
    ],
    "Ichtegem": [
        3.01549,
        51.09572
    ],
    "Huy": [
        5.23284,
        50.51894
    ],
    "Hulshout": [
        4.79081,
        51.07451
    ],
    "Huldenberg": [
        4.5831,
        50.78939
    ],
    "Hove": [
        4.4707,
        51.15446
    ],
    "Houyet": [
        5.00762,
        50.18619
    ],
    "Houthulst": [
        2.9505,
        50.97824
    ],
    "Houthalen": [
        5.37429,
        51.03427
    ],
    "Houffalize": [
        5.78962,
        50.13235
    ],
    "Hotton": [
        5.44609,
        50.26742
    ],
    "Hoogstraten": [
        4.76034,
        51.40029
    ],
    "Hooglede": [
        3.08333,
        50.98333
    ],
    "Holsbeek": [
        4.75747,
        50.92097
    ],
    "Hoeselt": [
        5.48767,
        50.84714
    ],
    "Hoeilaart": [
        4.46835,
        50.7673
    ],
    "Hoegaarden": [
        4.88952,
        50.7756
    ],
    "Hoboken": [
        4.34844,
        51.17611
    ],
    "Heusden": [
        5.28013,
        51.03664
    ],
    "Herzele": [
        3.89014,
        50.88681
    ],
    "Herve": [
        5.79353,
        50.64083
    ],
    "Herstal": [
        5.62346,
        50.66415
    ],
    "Herselt": [
        4.88231,
        51.05159
    ],
    "Héron": [
        5.09774,
        50.54731
    ],
    "Herne": [
        4.03481,
        50.72423
    ],
    "Herk-de-Stad": [
        5.16636,
        50.94013
    ],
    "Herenthout": [
        4.75572,
        51.1401
    ],
    "Herentals": [
        4.83248,
        51.17655
    ],
    "Herent": [
        4.67056,
        50.90861
    ],
    "Herbeumont": [
        5.2358,
        49.78086
    ],
    "Hensies": [
        3.68411,
        50.43263
    ],
    "Hemiksem": [
        4.33874,
        51.14484
    ],
    "Helchteren": [
        5.38244,
        51.05591
    ],
    "Heist-op-den-Berg": [
        4.72827,
        51.07537
    ],
    "Heers": [
        5.3021,
        50.75383
    ],
    "Havelange": [
        5.23816,
        50.38931
    ],
    "Hastière-Lavaux": [
        4.82446,
        50.21849
    ],
    "Hasselt": [
        5.33781,
        50.93106
    ],
    "Harelbeke": [
        3.30935,
        50.85343
    ],
    "Hannut": [
        5.07898,
        50.67142
    ],
    "Hamois": [
        5.15619,
        50.3402
    ],
    "Hamoir": [
        5.53304,
        50.42675
    ],
    "Hamme": [
        4.13705,
        51.09822
    ],
    "Halle": [
        4.23454,
        50.73385
    ],
    "Halen": [
        5.11096,
        50.94837
    ],
    "Habay-la-Vieille": [
        5.61999,
        49.72329
    ],
    "Haaltert": [
        4.00093,
        50.90634
    ],
    "Haacht": [
        4.63777,
        50.97737
    ],
    "Grobbendonk": [
        4.73562,
        51.19043
    ],
    "Grimbergen": [
        4.37213,
        50.93409
    ],
    "Grez-Doiceau": [
        4.69829,
        50.73901
    ],
    "Gouvy": [
        5.93918,
        50.186
    ],
    "Gooik": [
        4.11378,
        50.79443
    ],
    "Glabbeek-Zuurbemde": [
        4.94442,
        50.87348
    ],
    "Gistel": [
        2.96388,
        51.15612
    ],
    "Gingelom": [
        5.13422,
        50.74792
    ],
    "Gesves": [
        5.07457,
        50.40146
    ],
    "Gerpinnes": [
        4.52731,
        50.33789
    ],
    "Geraardsbergen": [
        3.88223,
        50.77343
    ],
    "Gent": [
        3.71667,
        51.05
    ],
    "Genk": [
        5.50082,
        50.965
    ],
    "Genappe": [
        4.45152,
        50.61173
    ],
    "Gembloux": [
        4.69889,
        50.56149
    ],
    "Geetbets": [
        5.11199,
        50.89431
    ],
    "Geer": [
        5.17364,
        50.6699
    ],
    "Geel": [
        4.98917,
        51.16557
    ],
    "Gedinne": [
        4.93674,
        49.98037
    ],
    "Gavere": [
        3.66184,
        50.92917
    ],
    "Galmaarden": [
        3.97121,
        50.75389
    ],
    "Froidchapelle": [
        4.32742,
        50.15106
    ],
    "Frasnes-lez-Buissenal": [
        3.62047,
        50.66783
    ],
    "Frameries": [
        3.89603,
        50.40578
    ],
    "Sint-Pieters-Voeren": [
        5.82224,
        50.73863
    ],
    "Fosses-la-Ville": [
        4.69623,
        50.39517
    ],
    "Forville": [
        4.99861,
        50.57424
    ],
    "Florenville": [
        5.3074,
        49.69983
    ],
    "Florennes": [
        4.60636,
        50.25127
    ],
    "Floreffe": [
        4.7596,
        50.43452
    ],
    "Flobecq": [
        3.73876,
        50.73733
    ],
    "Fleurus": [
        4.55006,
        50.48351
    ],
    "Fléron": [
        5.68062,
        50.61516
    ],
    "Flémalle-Haute": [
        5.44471,
        50.59994
    ],
    "Fexhe-le-Haut-Clocher": [
        5.39978,
        50.6654
    ],
    "Ferrières": [
        5.61092,
        50.40157
    ],
    "Fauvillers": [
        5.66405,
        49.85116
    ],
    "Farciennes": [
        4.54152,
        50.43006
    ],
    "Faimes": [
        5.26005,
        50.66252
    ],
    "Evergem": [
        3.704,
        51.1053
    ],
    "Eupen": [
        6.03647,
        50.6279
    ],
    "Étalle": [
        5.60019,
        49.67385
    ],
    "Estinnes-au-Val": [
        4.10477,
        50.41016
    ],
    "Estaimpuis": [
        3.26785,
        50.70485
    ],
    "Essen": [
        4.45393,
        51.46272
    ],
    "Esneux": [
        5.56775,
        50.53596
    ],
    "Erquelinnes": [
        4.11129,
        50.30688
    ],
    "Érezée": [
        5.55815,
        50.29292
    ],
    "Engis": [
        5.39916,
        50.58156
    ],
    "Enghien": [
        4.03284,
        50.68373
    ],
    "Ellezelles": [
        3.67985,
        50.73512
    ],
    "Éghezée": [
        4.91175,
        50.59076
    ],
    "Eeklo": [
        3.55654,
        51.18703
    ],
    "Edegem": [
        4.44504,
        51.15662
    ],
    "Écaussinnes-d'Enghien": [
        4.1658,
        50.56822
    ],
    "Durbuy": [
        5.45631,
        50.35291
    ],
    "Duffel": [
        4.50903,
        51.09554
    ],
    "Drogenbos": [
        4.31471,
        50.78733
    ],
    "Dour": [
        3.77792,
        50.39583
    ],
    "Donceel": [
        5.32,
        50.64827
    ],
    "Doische": [
        4.73545,
        50.13356
    ],
    "Dison": [
        5.8534,
        50.61004
    ],
    "Dinant": [
        4.91166,
        50.25807
    ],
    "Dilbeek": [
        4.25972,
        50.84799
    ],
    "Diksmuide": [
        2.86384,
        51.03248
    ],
    "Diest": [
        5.05062,
        50.98923
    ],
    "Diepenbeek": [
        5.41875,
        50.90769
    ],
    "Diegem": [
        4.43354,
        50.89727
    ],
    "Destelbergen": [
        3.79899,
        51.05952
    ],
    "Dessel": [
        5.11448,
        51.23855
    ],
    "De Pinte": [
        3.64747,
        50.99339
    ],
    "De Panne": [
        2.59368,
        51.09793
    ],
    "Dentergem": [
        3.41617,
        50.96429
    ],
    "Dendermonde": [
        4.10106,
        51.02869
    ],
    "Denderleeuw": [
        4.07601,
        50.88506
    ],
    "Deinze": [
        3.53096,
        50.98175
    ],
    "De Haan": [
        3.03446,
        51.27261
    ],
    "Deerlijk": [
        3.35416,
        50.85337
    ],
    "Daverdisse": [
        5.11811,
        50.02161
    ],
    "Damme": [
        3.28144,
        51.25147
    ],
    "Dalhem": [
        5.72774,
        50.71315
    ],
    "Crisnée": [
        5.39802,
        50.71703
    ],
    "Couvin": [
        4.49495,
        50.05284
    ],
    "Court-Saint-Étienne": [
        4.56851,
        50.63378
    ],
    "Courcelles": [
        4.3747,
        50.46379
    ],
    "Comblain-au-Pont": [
        5.57711,
        50.47488
    ],
    "Colfontaine": [
        3.85569,
        50.4141
    ],
    "Clavier": [
        5.35154,
        50.40069
    ],
    "Ciney": [
        5.10015,
        50.29449
    ],
    "Chiny": [
        5.34104,
        49.73833
    ],
    "Chimay": [
        4.31712,
        50.04856
    ],
    "Chièvres": [
        3.80711,
        50.58787
    ],
    "Chaumont-Gistoux": [
        4.7212,
        50.67753
    ],
    "Chaudfontaine": [
        5.6341,
        50.5828
    ],
    "Châtelet": [
        4.52826,
        50.40338
    ],
    "Chastre-Villeroux-Blanmont": [
        4.64198,
        50.60857
    ],
    "Chasse Royale": [
        3.95001,
        50.42842
    ],
    "Charleroi": [
        4.44448,
        50.41136
    ],
    "Chapelle-lez-Herlaimont": [
        4.28227,
        50.4713
    ],
    "Cerfontaine": [
        4.41028,
        50.17047
    ],
    "Celles": [
        3.45733,
        50.71229
    ],
    "Butgenbach": [
        6.20504,
        50.42689
    ],
    "Burdinne": [
        5.07663,
        50.58454
    ],
    "Bullange": [
        6.25749,
        50.40731
    ],
    "Buggenhout": [
        4.20173,
        51.0159
    ],
    "Brussels": [
        4.34878,
        50.85045
    ],
    "Brunehault": [
        4.43209,
        50.50524
    ],
    "Brugge": [
        3.22424,
        51.20892
    ],
    "Brugelette": [
        3.85363,
        50.59577
    ],
    "Bree": [
        5.5969,
        51.14152
    ],
    "Bredene": [
        2.97559,
        51.23489
    ],
    "Brecht": [
        4.63829,
        51.35024
    ],
    "Brasschaat": [
        4.49182,
        51.2912
    ],
    "Braives": [
        5.13302,
        50.61745
    ],
    "Braine-le-Comte": [
        4.14658,
        50.60979
    ],
    "Braine-le-Château": [
        4.27385,
        50.6799
    ],
    "Braine-l'Alleud": [
        4.36784,
        50.68363
    ],
    "Boutersem": [
        4.8345,
        50.83511
    ],
    "Boussu": [
        3.7944,
        50.43417
    ],
    "Bouillon": [
        5.06704,
        49.79324
    ],
    "Borsbeek": [
        4.48543,
        51.19661
    ],
    "Bornem": [
        4.24364,
        51.09716
    ],
    "Borgloon": [
        5.34366,
        50.80505
    ],
    "Boortmeerbeek": [
        4.57443,
        50.97929
    ],
    "Boom": [
        4.3717,
        51.09242
    ],
    "Bonheiden": [
        4.54714,
        51.02261
    ],
    "Boechout": [
        4.49195,
        51.15959
    ],
    "Bocholt": [
        5.57994,
        51.17337
    ],
    "Blégny": [
        5.72508,
        50.67255
    ],
    "Blankenberge": [
        3.13227,
        51.31306
    ],
    "Binche": [
        4.16469,
        50.41155
    ],
    "Bilzen": [
        5.5184,
        50.87325
    ],
    "Bièvre": [
        5.01592,
        49.94086
    ],
    "Bierbeek": [
        4.75949,
        50.82876
    ],
    "Beyne-Heusay": [
        5.66508,
        50.62251
    ],
    "Beveren": [
        4.25633,
        51.21187
    ],
    "Bever": [
        4.31667,
        50.91667
    ],
    "Bertrix": [
        5.25539,
        49.85596
    ],
    "Bertogne": [
        5.66689,
        50.08364
    ],
    "Bertem": [
        4.62918,
        50.86403
    ],
    "Bernissart": [
        3.64961,
        50.4746
    ],
    "Berloz": [
        5.21236,
        50.69829
    ],
    "Berlare": [
        4,
        51.03333
    ],
    "Berlaar": [
        4.65835,
        51.1176
    ],
    "Beringen": [
        5.22606,
        51.04954
    ],
    "Beloeil": [
        3.73484,
        50.55047
    ],
    "Bekkevoort": [
        4.969,
        50.94074
    ],
    "Begijnendijk": [
        4.78377,
        51.01942
    ],
    "Beersel": [
        4.3002,
        50.76589
    ],
    "Beerse": [
        4.85304,
        51.31927
    ],
    "Beernem": [
        3.33896,
        51.13981
    ],
    "Beauvechain": [
        4.7718,
        50.78195
    ],
    "Beauraing": [
        4.95554,
        50.11042
    ],
    "Beaumont": [
        4.23926,
        50.23699
    ],
    "Bastogne": [
        5.71844,
        50.00347
    ],
    "Bassenge": [
        5.60989,
        50.75883
    ],
    "Basse Lasne": [
        4.49218,
        50.69503
    ],
    "Balen": [
        5.17027,
        51.16837
    ],
    "Baelen": [
        5.97433,
        50.63131
    ],
    "Baarle-Hertog": [
        4.89226,
        51.40504
    ],
    "Aywaille": [
        5.67684,
        50.47411
    ],
    "Awans": [
        5.46329,
        50.66774
    ],
    "Avelgem": [
        3.44502,
        50.77618
    ],
    "Aubel": [
        5.85812,
        50.70189
    ],
    "Aubange": [
        5.80492,
        49.56652
    ],
    "Attert": [
        5.78634,
        49.75035
    ],
    "Ath": [
        3.77801,
        50.62937
    ],
    "Assesse": [
        5.02204,
        50.36934
    ],
    "Assenede": [
        3.75085,
        51.22598
    ],
    "Asse": [
        4.19836,
        50.91011
    ],
    "As": [
        5.58453,
        51.00755
    ],
    "Arlon": [
        5.81667,
        49.68333
    ],
    "Arendonk": [
        5.08289,
        51.32267
    ],
    "Ardooie": [
        3.19736,
        50.9757
    ],
    "Anzegem": [
        3.47786,
        50.837
    ],
    "Antwerpen": [
        4.40346,
        51.21989
    ],
    "Antoing": [
        3.4492,
        50.56765
    ],
    "Anthisnes": [
        5.519,
        50.48323
    ],
    "Ans": [
        5.52029,
        50.6623
    ],
    "Anhée": [
        4.87827,
        50.31039
    ],
    "Anderlues": [
        4.27136,
        50.40704
    ],
    "Andenne": [
        5.09513,
        50.48941
    ],
    "Amblève": [
        6.17002,
        50.35357
    ],
    "Amay": [
        5.30974,
        50.54829
    ],
    "Alveringem": [
        2.71117,
        51.01238
    ],
    "Alken": [
        5.30558,
        50.87552
    ],
    "Aiseau": [
        4.58671,
        50.41158
    ],
    "Aartselaar": [
        4.38678,
        51.13412
    ],
    "Aarschot": [
        4.83695,
        50.98715
    ],
    "Aalter": [
        3.44693,
        51.09017
    ],
    "Aalst": [
        4.0355,
        50.93604
    ],
    "Frasnes-lez-Anvaing": [
        3.63562,
        50.69211
    ],
    "Chastre": [
        4.634,
        50.60067
    ],
    "Lennik": [
        4.16219,
        50.80903
    ],
    "Laakdal": [
        5.00556,
        51.08067
    ],
    "Scherpenheuvel-Zichem": [
        4.97492,
        51.01041
    ]
}