{
    "Vrå": [
        9.95154,
        57.34763
    ],
    "Vordingborg": [
        11.91057,
        55.00801
    ],
    "Vojens": [
        9.30604,
        55.24639
    ],
    "Vodskov": [
        10.02215,
        57.10854
    ],
    "Vissenbjerg": [
        10.13784,
        55.38482
    ],
    "Virklund": [
        9.55582,
        56.13218
    ],
    "Vipperød": [
        11.73967,
        55.66768
    ],
    "Vindinge": [
        12.1387,
        55.62298
    ],
    "Vinderup": [
        8.79081,
        56.47515
    ],
    "Vindeby": [
        10.61309,
        55.04489
    ],
    "Vildbjerg": [
        8.76667,
        56.2
    ],
    "Videbæk": [
        8.62852,
        56.0876
    ],
    "Viby": [
        12.02391,
        55.54872
    ],
    "Viborg": [
        9.40201,
        56.45319
    ],
    "Vester Hassing": [
        10.12558,
        57.06767
    ],
    "Vestbjerg": [
        9.95942,
        57.13166
    ],
    "Veksø": [
        12.23837,
        55.75473
    ],
    "Vejle": [
        9.5357,
        55.70927
    ],
    "Vejen": [
        9.15,
        55.48333
    ],
    "Varde": [
        8.48069,
        55.62112
    ],
    "Vamdrup": [
        9.28435,
        55.42764
    ],
    "Vallensbæk": [
        12.36667,
        55.63333
    ],
    "Vadum": [
        9.857,
        57.1179
    ],
    "Ulstrup": [
        9.79354,
        56.38994
    ],
    "Ullerslev": [
        10.6519,
        55.36172
    ],
    "Ulfborg": [
        8.32167,
        56.26725
    ],
    "Tune": [
        12.18319,
        55.59528
    ],
    "Trørød": [
        12.54432,
        55.83946
    ],
    "Trige": [
        10.1484,
        56.25291
    ],
    "Tranebjerg": [
        10.59723,
        55.8326
    ],
    "Tranbjerg": [
        10.11937,
        56.0901
    ],
    "Tørring": [
        9.48333,
        55.85
    ],
    "Tønder": [
        8.86674,
        54.93306
    ],
    "Tølløse": [
        11.77034,
        55.6125
    ],
    "Tommerup Stationsby": [
        10.17594,
        55.34535
    ],
    "Tommerup": [
        10.20659,
        55.31952
    ],
    "Toftlund": [
        9.06925,
        55.18858
    ],
    "Tjæreborg": [
        8.57968,
        55.46457
    ],
    "Tinglev": [
        9.25243,
        54.93099
    ],
    "Thyborøn": [
        8.21238,
        56.69846
    ],
    "Thurø By": [
        10.66385,
        55.0474
    ],
    "Thisted": [
        8.69491,
        56.95523
    ],
    "Taulov": [
        9.61553,
        55.54582
    ],
    "Taastrup": [
        12.29216,
        55.65173
    ],
    "Tårs": [
        10.11667,
        57.38333
    ],
    "Tårnby": [
        12.60035,
        55.6303
    ],
    "Tarm": [
        8.53041,
        55.90862
    ],
    "Svogerslev": [
        12.01465,
        55.63423
    ],
    "Svinninge": [
        11.46547,
        55.72111
    ],
    "Svenstrup": [
        9.84806,
        56.9723
    ],
    "Svendborg": [
        10.60677,
        55.05982
    ],
    "Svejbæk": [
        9.63289,
        56.13255
    ],
    "Svebølle": [
        11.28658,
        55.65183
    ],
    "Sunds": [
        9.01266,
        56.20417
    ],
    "Sundby": [
        11.79302,
        54.864
    ],
    "Stubbekøbing": [
        12.04102,
        54.88875
    ],
    "Struer": [
        8.58376,
        56.49122
    ],
    "Strøby Egede": [
        12.24502,
        55.41382
    ],
    "Strib": [
        9.76748,
        55.54021
    ],
    "Strandby": [
        10.49608,
        57.4915
    ],
    "Storvorde": [
        10.10125,
        57.00392
    ],
    "Store Heddinge": [
        12.38885,
        55.30965
    ],
    "Støvring": [
        9.83839,
        56.88536
    ],
    "Stoholm": [
        9.14617,
        56.48454
    ],
    "Stilling": [
        9.98822,
        56.06224
    ],
    "Stige": [
        10.4094,
        55.43941
    ],
    "Stenløse": [
        12.19723,
        55.76828
    ],
    "Stenlille": [
        11.59146,
        55.54022
    ],
    "Stege": [
        12.28461,
        54.98704
    ],
    "Stavtrup": [
        10.11987,
        56.13124
    ],
    "Stavnsholt": [
        12.40545,
        55.81479
    ],
    "Starup": [
        9.53503,
        55.24097
    ],
    "Spentrup": [
        10.03792,
        56.53703
    ],
    "Sorø": [
        11.55547,
        55.43184
    ],
    "Søndersø": [
        10.2554,
        55.48526
    ],
    "Sønderborg": [
        9.80737,
        54.90926
    ],
    "Sønder Bjert": [
        9.56741,
        55.45272
    ],
    "Søften": [
        10.0851,
        56.23801
    ],
    "Solrød Strand": [
        12.22227,
        55.53285
    ],
    "Solrød": [
        12.1827,
        55.53628
    ],
    "Solbjerg": [
        10.08631,
        56.04271
    ],
    "Snoghøj": [
        9.72125,
        55.52253
    ],
    "Snejbjerg": [
        8.89896,
        56.13875
    ],
    "Smørumnedre": [
        12.30276,
        55.74232
    ],
    "Slangerup": [
        12.18333,
        55.85
    ],
    "Slagelse": [
        11.35459,
        55.40276
    ],
    "Sherrebek": [
        8.76901,
        55.15735
    ],
    "Skovby": [
        9.95695,
        56.1534
    ],
    "Skørping": [
        9.89255,
        56.83626
    ],
    "Skælskør": [
        11.29352,
        55.25058
    ],
    "Skjern": [
        8.5,
        55.95
    ],
    "Skive": [
        9.03333,
        56.56667
    ],
    "Skibby": [
        11.96083,
        55.75122
    ],
    "Skanderborg": [
        9.9272,
        56.03991
    ],
    "Skagen": [
        10.58394,
        57.72093
    ],
    "Sindal": [
        10.20312,
        57.47117
    ],
    "Silkeborg": [
        9.54508,
        56.1697
    ],
    "Seden": [
        10.44265,
        55.42648
    ],
    "Sæby": [
        10.52251,
        57.33188
    ],
    "Sakskøbing": [
        11.62599,
        54.7997
    ],
    "Sabro": [
        10.03441,
        56.21333
    ],
    "Ryomgård": [
        10.50295,
        56.3843
    ],
    "Ry": [
        9.76505,
        56.09038
    ],
    "Rudkøbing": [
        10.71019,
        54.93639
    ],
    "Roskilde": [
        12.08035,
        55.64152
    ],
    "Rønnede": [
        12.02124,
        55.2571
    ],
    "Rønne": [
        14.70664,
        55.10091
    ],
    "Rønde": [
        10.47506,
        56.30145
    ],
    "Rødovre": [
        12.45373,
        55.68062
    ],
    "Rødekro": [
        9.31641,
        55.07016
    ],
    "Rødding": [
        9.06316,
        55.36569
    ],
    "Rødbyhavn": [
        11.35203,
        54.65442
    ],
    "Rødby": [
        11.38885,
        54.69495
    ],
    "Ringsted": [
        11.79011,
        55.4426
    ],
    "Ringkøbing": [
        8.24402,
        56.09006
    ],
    "Ringe": [
        10.47065,
        55.24506
    ],
    "Ribe": [
        8.76966,
        55.33051
    ],
    "Randers": [
        10.05,
        56.46667
    ],
    "Præstø": [
        12.05727,
        55.11777
    ],
    "Pandrup": [
        9.67569,
        57.22147
    ],
    "Padborg": [
        9.36247,
        54.82657
    ],
    "Otterup": [
        10.39756,
        55.51527
    ],
    "Osted": [
        11.95786,
        55.56228
    ],
    "Ørslev": [
        11.96792,
        55.04356
    ],
    "Ølstykke": [
        12.15509,
        55.79567
    ],
    "Ølgod": [
        8.62859,
        55.80682
    ],
    "Oksbøl": [
        8.28757,
        55.6268
    ],
    "Odense": [
        10.38831,
        55.39594
    ],
    "Odder": [
        10.153,
        55.97313
    ],
    "Nyråd": [
        11.9606,
        55.00511
    ],
    "Nykøbing Falster": [
        11.87425,
        54.76906
    ],
    "Nykøbing Sjælland": [
        11.67109,
        55.92491
    ],
    "Nykøbing Mors": [
        8.85282,
        56.79334
    ],
    "Nyborg": [
        10.78964,
        55.31274
    ],
    "Næstved": [
        11.76092,
        55.22992
    ],
    "Nordby": [
        8.39786,
        55.44603
    ],
    "Nordborg": [
        9.7408,
        55.05732
    ],
    "Nørre Hvalsø": [
        11.85733,
        55.60493
    ],
    "Nørre Alslev": [
        11.88414,
        54.89784
    ],
    "Nørre Åby": [
        9.8794,
        55.46107
    ],
    "Nødebo": [
        12.34685,
        55.97877
    ],
    "Nivå": [
        12.50485,
        55.93405
    ],
    "Nibe": [
        9.63917,
        56.9815
    ],
    "Nexø": [
        15.13058,
        55.06067
    ],
    "Neder Vindinge": [
        11.88356,
        55.03211
    ],
    "Neder Holluf": [
        10.44824,
        55.36451
    ],
    "Nakskov": [
        11.12839,
        54.83734
    ],
    "Munkebo": [
        10.55577,
        55.46184
    ],
    "Middelfart": [
        9.73054,
        55.50591
    ],
    "Marstal": [
        10.51726,
        54.8562
    ],
    "Mårslet": [
        10.1623,
        56.0636
    ],
    "Maribo": [
        11.50017,
        54.77662
    ],
    "Mariager": [
        9.97515,
        56.64985
    ],
    "Måløv": [
        12.32327,
        55.75528
    ],
    "Malling": [
        10.19632,
        56.03632
    ],
    "Lystrup": [
        10.23778,
        56.2375
    ],
    "Lynge": [
        12.27725,
        55.83941
    ],
    "Lunderskov": [
        9.29917,
        55.48375
    ],
    "Løjt Kirkeby": [
        9.46667,
        55.08333
    ],
    "Løgumkloster": [
        8.95508,
        55.05941
    ],
    "Løgten": [
        10.31181,
        56.27459
    ],
    "Løgstør": [
        9.2583,
        56.96245
    ],
    "Liseleje": [
        11.94827,
        56.00531
    ],
    "Lind": [
        8.98333,
        56.1
    ],
    "Værløse": [
        12.36856,
        55.78251
    ],
    "Lillerød": [
        12.34579,
        55.87496
    ],
    "Lemvig": [
        8.31019,
        56.54856
    ],
    "Lejre": [
        11.97477,
        55.60461
    ],
    "Langeskov": [
        10.58447,
        55.35655
    ],
    "Langå": [
        9.89486,
        56.39026
    ],
    "Kruså": [
        9.40129,
        54.85097
    ],
    "Korsør": [
        11.13857,
        55.32993
    ],
    "Køge": [
        12.18214,
        55.45802
    ],
    "Copenhagen": [
        12.56553,
        55.67594
    ],
    "Kongens Lyngby": [
        12.50378,
        55.77044
    ],
    "Kolt": [
        10.06986,
        56.10845
    ],
    "Kolding": [
        9.47216,
        55.4904
    ],
    "Kokkedal": [
        12.49952,
        55.91179
    ],
    "Klarup": [
        10.05617,
        57.01194
    ],
    "Kjellerup": [
        9.43528,
        56.28581
    ],
    "Kirke Hvalsø": [
        11.86253,
        55.5917
    ],
    "Kibæk": [
        8.85697,
        56.0317
    ],
    "Kerteminde": [
        10.65769,
        55.44903
    ],
    "Kås": [
        9.67173,
        57.19774
    ],
    "Karup": [
        9.16835,
        56.30673
    ],
    "Kalundborg": [
        11.08864,
        55.67954
    ],
    "Jyllinge": [
        12.11227,
        55.75843
    ],
    "Jyderup": [
        11.42029,
        55.66399
    ],
    "Juelsminde": [
        10.01668,
        55.70876
    ],
    "Jægerspris": [
        11.96786,
        55.85544
    ],
    "Jelling": [
        9.4258,
        55.75588
    ],
    "Ishøj": [
        12.35182,
        55.61543
    ],
    "Ikast": [
        9.15768,
        56.13883
    ],
    "Hvidovre": [
        12.47364,
        55.65719
    ],
    "Hvide Sande": [
        8.12937,
        56.00452
    ],
    "Hurup": [
        8.41952,
        56.74944
    ],
    "Hundested": [
        11.86667,
        55.96667
    ],
    "Humlebæk": [
        12.5341,
        55.9618
    ],
    "Horsens": [
        9.85034,
        55.86066
    ],
    "Hornslet": [
        10.32041,
        56.3155
    ],
    "Hornbæk": [
        12.45048,
        56.08541
    ],
    "Hørve": [
        11.45298,
        55.75292
    ],
    "Høruphav": [
        9.89872,
        54.91017
    ],
    "Hørsholm": [
        12.5,
        55.88333
    ],
    "Hørning": [
        10.03716,
        56.08701
    ],
    "Høng": [
        11.29032,
        55.51165
    ],
    "Højslev": [
        9.13637,
        56.58565
    ],
    "Højby": [
        10.43684,
        55.34218
    ],
    "Holsted": [
        8.91872,
        55.51086
    ],
    "Holstebro": [
        8.61607,
        56.36009
    ],
    "Holeby": [
        11.46416,
        54.71148
    ],
    "Holbæk": [
        11.71667,
        55.71667
    ],
    "Hobro": [
        9.79029,
        56.64306
    ],
    "Hjortshøj": [
        10.26532,
        56.24811
    ],
    "Hjørring": [
        9.98229,
        57.46417
    ],
    "Hjallerup": [
        10.14571,
        57.16466
    ],
    "Hirtshals": [
        9.95922,
        57.58812
    ],
    "Hinnerup": [
        10.06299,
        56.26608
    ],
    "Hillerød": [
        12.31091,
        55.92667
    ],
    "Herning": [
        8.97378,
        56.13932
    ],
    "Herlev": [
        12.43998,
        55.72366
    ],
    "Helsingør": [
        12.6136,
        56.03606
    ],
    "Helsinge": [
        12.19752,
        56.02283
    ],
    "Hellebæk": [
        12.55782,
        56.06823
    ],
    "Hedensted": [
        9.7011,
        55.77043
    ],
    "Havdrup": [
        12.12392,
        55.54481
    ],
    "Haslev": [
        11.96389,
        55.32346
    ],
    "Hårlev": [
        12.23382,
        55.34936
    ],
    "Hårby": [
        10.12262,
        55.21502
    ],
    "Harboøre": [
        8.18069,
        56.61752
    ],
    "Hanstholm": [
        8.61667,
        57.11667
    ],
    "Hammerum": [
        9.06121,
        56.13361
    ],
    "Hammel": [
        9.86316,
        56.25762
    ],
    "Hals": [
        10.30807,
        56.99609
    ],
    "Hadsund": [
        10.11682,
        56.71482
    ],
    "Hadsten": [
        10.04931,
        56.32819
    ],
    "Haderslev": [
        9.48982,
        55.25377
    ],
    "Gundsømagle": [
        12.15158,
        55.73565
    ],
    "Guderup": [
        9.87174,
        54.98978
    ],
    "Græsted": [
        12.28512,
        56.06558
    ],
    "Grindsted": [
        8.91231,
        55.754
    ],
    "Greve": [
        12.3,
        55.58333
    ],
    "Grenaa": [
        10.87825,
        56.41578
    ],
    "Gråsten": [
        9.59523,
        54.91918
    ],
    "Gram": [
        9.04913,
        55.28948
    ],
    "Gørlev": [
        11.22708,
        55.53926
    ],
    "Glostrup": [
        12.4,
        55.66667
    ],
    "Glamsbjerg": [
        10.10483,
        55.27237
    ],
    "Gjellerup Kirkeby": [
        9.04988,
        56.14341
    ],
    "Give": [
        9.24998,
        55.83977
    ],
    "Gistrup": [
        9.99085,
        56.9943
    ],
    "Gilleleje": [
        12.31056,
        56.12196
    ],
    "Ganløse": [
        12.26421,
        55.79124
    ],
    "Galten": [
        9.91691,
        56.15902
    ],
    "Fuglebjerg": [
        11.54766,
        55.30604
    ],
    "Frejlev": [
        9.81711,
        57.00623
    ],
    "Frederiksværk": [
        12.0225,
        55.97073
    ],
    "Frederikssund": [
        12.06896,
        55.83956
    ],
    "Frederikshavn": [
        10.53661,
        57.44073
    ],
    "Frederiksberg": [
        11.56934,
        55.41618
    ],
    "Fredericia": [
        9.75257,
        55.56568
    ],
    "Fredensborg": [
        12.40314,
        55.97558
    ],
    "Framlev": [
        10.01318,
        56.15664
    ],
    "Forlev": [
        11.28333,
        55.38333
    ],
    "Fløng": [
        12.18698,
        55.66212
    ],
    "Fjerritslev": [
        9.26643,
        57.08134
    ],
    "Fensmark": [
        11.80382,
        55.27919
    ],
    "Farum": [
        12.36066,
        55.80858
    ],
    "Farsø": [
        9.33926,
        56.77276
    ],
    "Fakse Ladeplads": [
        12.17013,
        55.2198
    ],
    "Fakse": [
        12.11764,
        55.24686
    ],
    "Faaborg": [
        10.24226,
        55.0951
    ],
    "Espergærde": [
        12.56667,
        56
    ],
    "Esbjerg": [
        8.45,
        55.46667
    ],
    "Ejby": [
        9.92973,
        55.4301
    ],
    "Egtved": [
        9.30102,
        55.61796
    ],
    "Ebeltoft": [
        10.6821,
        56.19442
    ],
    "Dybbøl": [
        9.73601,
        54.91079
    ],
    "Dronninglund": [
        10.29287,
        57.16035
    ],
    "Dragør": [
        12.66638,
        55.59455
    ],
    "Dianalund": [
        11.4925,
        55.53133
    ],
    "Christiansfeld": [
        9.48701,
        55.35817
    ],
    "Charlottenlund": [
        12.59181,
        55.75367
    ],
    "Byrum": [
        10.99738,
        57.25679
    ],
    "Bullerup": [
        10.47137,
        55.42686
    ],
    "Buddinge": [
        12.48899,
        55.75769
    ],
    "Brovst": [
        9.52801,
        57.09562
    ],
    "Brørup": [
        9.01756,
        55.48194
    ],
    "Brønderslev": [
        9.94102,
        57.27021
    ],
    "Brøndbyvester": [
        12.40996,
        55.65029
    ],
    "Broager": [
        9.68096,
        54.88736
    ],
    "Brenderup": [
        9.97365,
        55.49
    ],
    "Brejning": [
        9.67703,
        55.6613
    ],
    "Brædstrup": [
        9.61129,
        55.97153
    ],
    "Brande": [
        9.12178,
        55.93814
    ],
    "Bramming": [
        8.70007,
        55.46946
    ],
    "Borup": [
        11.97584,
        55.49472
    ],
    "Bording Kirkeby": [
        9.24384,
        56.16871
    ],
    "Børkop": [
        9.64822,
        55.63794
    ],
    "Bogense": [
        10.08863,
        55.56691
    ],
    "Blovstrød": [
        12.3864,
        55.87038
    ],
    "Bjæverskov": [
        12.03651,
        55.45756
    ],
    "Bjerringbro": [
        9.66065,
        56.37797
    ],
    "Birkerød": [
        12.42791,
        55.84759
    ],
    "Billund": [
        9.10785,
        55.73349
    ],
    "Bellinge": [
        10.32045,
        55.33535
    ],
    "Beder": [
        10.21179,
        56.06025
    ],
    "Ballerup": [
        12.36328,
        55.73165
    ],
    "Avlum": [
        8.79256,
        56.26539
    ],
    "Auning": [
        10.37818,
        56.43079
    ],
    "Augustenborg": [
        9.87216,
        54.95201
    ],
    "Assentoft": [
        10.1517,
        56.4421
    ],
    "Assens": [
        9.90081,
        55.27023
    ],
    "Asnæs": [
        11.50129,
        55.81229
    ],
    "Årup": [
        10.04131,
        55.37315
    ],
    "Årslev": [
        10.46428,
        55.30353
    ],
    "Aars": [
        9.51441,
        56.80399
    ],
    "Århus": [
        10.21076,
        56.15674
    ],
    "Arden": [
        9.86184,
        56.76899
    ],
    "Allingåbro": [
        10.33409,
        56.46495
    ],
    "Ålestrup": [
        9.49336,
        56.6947
    ],
    "Aalborg": [
        9.9187,
        57.048
    ],
    "Albertslund": [
        12.36381,
        55.65691
    ],
    "Åkirkeby": [
        14.91978,
        55.0708
    ],
    "Ærøskøbing": [
        10.41117,
        54.88803
    ],
    "Åbybro": [
        9.73672,
        57.15836
    ],
    "Aabenraa": [
        9.41741,
        55.04434
    ],
    "Christiansø": [
        15.18662,
        55.32006
    ]
}