{
    "Ypäjä": [
        23.28333,
        60.8
    ],
    "Ylöjärvi": [
        23.59606,
        61.55632
    ],
    "Ylivieska": [
        24.55,
        64.08333
    ],
    "Ylitornio": [
        23.67734,
        66.30893
    ],
    "Ylistaro": [
        22.51667,
        62.95
    ],
    "Ylikiiminki": [
        26.25,
        65.08333
    ],
    "Yli-Ii": [
        25.83333,
        65.36667
    ],
    "Ylihärmä": [
        22.78333,
        63.15
    ],
    "Yläne": [
        22.41667,
        60.88333
    ],
    "Ylämaa": [
        28,
        60.8
    ],
    "Vuolijoki": [
        27.01667,
        64.18333
    ],
    "Vuokatti": [
        28.25,
        64.11667
    ],
    "Vörå": [
        22.25223,
        63.13607
    ],
    "Virtasalmi": [
        27.46667,
        62.15
    ],
    "Virrat": [
        23.78004,
        62.24759
    ],
    "Virolahti": [
        27.68306,
        60.51667
    ],
    "Vinkkilä": [
        21.71667,
        60.68333
    ],
    "Vimpeli": [
        23.81922,
        63.16187
    ],
    "Vilppula": [
        24.50483,
        62.02121
    ],
    "Viljakkala": [
        23.26667,
        61.7
    ],
    "Viitasaari": [
        25.86667,
        63.06667
    ],
    "Viiala": [
        23.76738,
        61.21023
    ],
    "Vihti": [
        24.31965,
        60.41699
    ],
    "Vihanti": [
        25,
        64.48333
    ],
    "Vieremä": [
        27.01667,
        63.75
    ],
    "Veteli": [
        23.78285,
        63.47839
    ],
    "Vesilahti": [
        23.61667,
        61.31667
    ],
    "Vesanto": [
        26.41667,
        62.93333
    ],
    "Velkua": [
        21.66667,
        60.46667
    ],
    "Vehmersalmi": [
        28.02853,
        62.76101
    ],
    "Vehmaa": [
        21.66667,
        60.68333
    ],
    "Västanfjärd": [
        22.68333,
        60.05
    ],
    "Varpaisjärvi": [
        27.75,
        63.36667
    ],
    "Varkaus": [
        27.873,
        62.31533
    ],
    "Vantaa": [
        25.04099,
        60.29414
    ],
    "Vampula": [
        22.7,
        61.01667
    ],
    "Vammala": [
        22.9,
        61.33333
    ],
    "Valtimo": [
        28.8,
        63.66667
    ],
    "Valkeakoski": [
        24.03122,
        61.26421
    ],
    "Vahto": [
        22.3,
        60.6
    ],
    "Vähäkyrö": [
        22.10584,
        63.05635
    ],
    "Vaasa": [
        21.61577,
        63.096
    ],
    "Vaala": [
        26.83333,
        64.56667
    ],
    "Uusikaupunki": [
        21.40841,
        60.80043
    ],
    "Uurainen": [
        25.45,
        62.5
    ],
    "Utsjoki": [
        27.02843,
        69.90864
    ],
    "Utajärvi": [
        26.38333,
        64.75
    ],
    "Urjala": [
        23.53333,
        61.08333
    ],
    "Ulvila": [
        21.87103,
        61.42844
    ],
    "Ullava": [
        24.08333,
        63.6
    ],
    "Tyrnävä": [
        25.6523,
        64.76469
    ],
    "Tuusula": [
        25.02638,
        60.40368
    ],
    "Tuusniemi": [
        28.5,
        62.81667
    ],
    "Tuupovaara": [
        30.6,
        62.48333
    ],
    "Tuulos": [
        24.8,
        61.15
    ],
    "Turku": [
        22.26869,
        60.45148
    ],
    "Turenki": [
        24.63333,
        60.91667
    ],
    "Töysä": [
        23.81667,
        62.63333
    ],
    "Tornio": [
        24.14662,
        65.84811
    ],
    "Toivakka": [
        26.08333,
        62.1
    ],
    "Akaa": [
        23.86667,
        61.16667
    ],
    "Toholampi": [
        24.25,
        63.76667
    ],
    "Tohmajärvi": [
        30.38333,
        62.18333
    ],
    "Teuva": [
        21.74156,
        62.4819
    ],
    "Tervola": [
        24.8,
        66.08333
    ],
    "Tervo": [
        26.75,
        62.95
    ],
    "Tervakoski": [
        24.62594,
        60.81412
    ],
    "Tarvasjoki": [
        22.73333,
        60.58333
    ],
    "Tampere": [
        23.78712,
        61.49911
    ],
    "Tammela": [
        23.76823,
        60.81035
    ],
    "Taivassalo": [
        21.61639,
        60.56085
    ],
    "Taivalkoski": [
        28.25,
        65.56667
    ],
    "Taipalsaari": [
        28.05,
        61.15
    ],
    "Taavetti": [
        27.56667,
        60.91667
    ],
    "Sysmä": [
        25.68333,
        61.5
    ],
    "Suonenjoki": [
        27.13333,
        62.61667
    ],
    "Suomussalmi": [
        28.90778,
        64.88685
    ],
    "Suomusjärvi": [
        23.65,
        60.35
    ],
    "Suolahti": [
        25.86667,
        62.56667
    ],
    "Suodenniemi": [
        22.78333,
        61.56667
    ],
    "Sumiainen": [
        26.03333,
        62.65
    ],
    "Sulkava": [
        28.37299,
        61.78691
    ],
    "Sotkamo": [
        28.41667,
        64.13333
    ],
    "Sonkajärvi": [
        27.51667,
        63.66667
    ],
    "Somero": [
        23.53333,
        60.61667
    ],
    "Soini": [
        24.21667,
        62.86667
    ],
    "Sodankylä": [
        26.6,
        67.41667
    ],
    "Siuntio": [
        24.22715,
        60.13862
    ],
    "Simpele": [
        29.36667,
        61.43333
    ],
    "Simo": [
        25.05,
        65.66667
    ],
    "Broby": [
        26.71667,
        60.5
    ],
    "Siilinjärvi": [
        27.66667,
        63.08333
    ],
    "Siikajoki": [
        24.75924,
        64.81455
    ],
    "Siikainen": [
        21.81945,
        61.87703
    ],
    "Sievi": [
        24.5,
        63.9
    ],
    "Sibbo": [
        25.26906,
        60.37752
    ],
    "Seinäjoki": [
        22.82822,
        62.79446
    ],
    "Säynätsalo": [
        25.76667,
        62.13333
    ],
    "Savukoski": [
        28.15806,
        67.2925
    ],
    "Savonranta": [
        29.2,
        62.18333
    ],
    "Savonlinna": [
        28.87999,
        61.8699
    ],
    "Savitaipale": [
        27.7,
        61.2
    ],
    "Sauvo": [
        22.69642,
        60.34306
    ],
    "Saukkola": [
        23.98333,
        60.38333
    ],
    "Särkisalo": [
        22.95,
        60.11389
    ],
    "Sammatti": [
        23.81667,
        60.31667
    ],
    "Salo": [
        23.13333,
        60.38333
    ],
    "Salla": [
        28.66667,
        66.83333
    ],
    "Säkylä": [
        22.33333,
        61.03333
    ],
    "Sahalahti": [
        24.31667,
        61.46667
    ],
    "Saarijärvi": [
        25.25396,
        62.70486
    ],
    "Saari": [
        29.75,
        61.65
    ],
    "Rymättylä": [
        21.94184,
        60.37658
    ],
    "Ruukki": [
        25.1,
        64.66667
    ],
    "Rusko": [
        22.21667,
        60.53333
    ],
    "Ruovesi": [
        24.05714,
        61.98575
    ],
    "Ruotsinpyhtää": [
        26.46203,
        60.5268
    ],
    "Ruokolahti": [
        28.83333,
        61.28333
    ],
    "Rovaniemi": [
        25.71667,
        66.5
    ],
    "Ristijärvi": [
        28.21667,
        64.5
    ],
    "Ristiina": [
        27.26667,
        61.5
    ],
    "Riihimäki": [
        24.77726,
        60.73769
    ],
    "Replot": [
        21.41667,
        63.25
    ],
    "Renko": [
        24.28785,
        60.89563
    ],
    "Reisjärvi": [
        24.9,
        63.61667
    ],
    "Rautjärvi": [
        29.35,
        61.43333
    ],
    "Rautavaara": [
        28.3,
        63.48333
    ],
    "Rautalampi": [
        26.83333,
        62.63333
    ],
    "Rauma": [
        21.51127,
        61.12724
    ],
    "Ranua": [
        26.53333,
        65.91667
    ],
    "Rantsila": [
        25.65,
        64.51667
    ],
    "Rantasalmi": [
        28.3,
        62.06667
    ],
    "Raisio": [
        22.16895,
        60.48592
    ],
    "Rääkkylä": [
        29.61667,
        62.31667
    ],
    "Raahe": [
        24.48333,
        64.68333
    ],
    "Pylkönmäki": [
        24.8,
        62.66667
    ],
    "Pyhtää": [
        26.54346,
        60.49349
    ],
    "Pyhäselkä": [
        29.96667,
        62.43333
    ],
    "Pyhäsalmi": [
        25.98333,
        63.68333
    ],
    "Pyhäranta": [
        21.45,
        60.95
    ],
    "Pyhäntä": [
        26.31667,
        64.1
    ],
    "Pyhäjoki": [
        24.23333,
        64.46667
    ],
    "Pyhäjärvi": [
        25.9,
        63.66667
    ],
    "Puumala": [
        28.17495,
        61.52728
    ],
    "Puolanka": [
        27.66667,
        64.86667
    ],
    "Punkalaidun": [
        23.1,
        61.11667
    ],
    "Punkaharju": [
        29.38843,
        61.75883
    ],
    "Pulkkila": [
        25.86667,
        64.26667
    ],
    "Pukkila": [
        25.56667,
        60.65
    ],
    "Pudasjärvi": [
        26.91667,
        65.38333
    ],
    "Pöytyä": [
        22.66667,
        60.76667
    ],
    "Posio": [
        28.17186,
        66.10856
    ],
    "Pornainen": [
        25.3749,
        60.47581
    ],
    "Pori": [
        21.78333,
        61.48333
    ],
    "Pomarkku": [
        22.00862,
        61.69348
    ],
    "Polvijärvi": [
        28.33333,
        62.41667
    ],
    "Pohja": [
        23.52757,
        60.09626
    ],
    "Pirkkala": [
        23.63228,
        61.46125
    ],
    "Piippola": [
        25.96667,
        64.16667
    ],
    "Piikkiö": [
        22.51601,
        60.42481
    ],
    "Pihtipudas": [
        25.56667,
        63.38333
    ],
    "Pielavesi": [
        26.75,
        63.23333
    ],
    "Pieksämäki": [
        27.13333,
        62.3
    ],
    "Petäjävesi": [
        25.2,
        62.25
    ],
    "Pertunmaa": [
        26.48333,
        61.5
    ],
    "Pertteli": [
        23.26667,
        60.43333
    ],
    "Perniö": [
        23.13333,
        60.2
    ],
    "Pernå": [
        26.03187,
        60.44869
    ],
    "Perho": [
        24.41667,
        63.21667
    ],
    "Pello": [
        23.96255,
        66.77364
    ],
    "Pelkosenniemi": [
        27.51056,
        67.11083
    ],
    "Pedersöre": [
        22.68333,
        63.65
    ],
    "Parkano": [
        23.01667,
        62.01667
    ],
    "Parikkala": [
        29.5,
        61.55
    ],
    "Pargas": [
        22.30097,
        60.30672
    ],
    "Paltamo": [
        27.83333,
        64.41667
    ],
    "Pälkäne": [
        24.27197,
        61.33424
    ],
    "Paimio": [
        22.68694,
        60.45671
    ],
    "Padasjoki": [
        25.28333,
        61.35
    ],
    "Outokumpu": [
        29.01592,
        62.72685
    ],
    "Oulunsalo": [
        25.41121,
        64.93456
    ],
    "Oulu": [
        25.46816,
        65.01236
    ],
    "Oulainen": [
        24.8,
        64.26667
    ],
    "Otaniemi": [
        24.82786,
        60.18395
    ],
    "Orivesi": [
        24.3572,
        61.67766
    ],
    "Oripää": [
        22.68333,
        60.85
    ],
    "Orimattila": [
        25.72964,
        60.80487
    ],
    "Oravais": [
        22.37821,
        63.30135
    ],
    "Oitti": [
        25.03333,
        60.78333
    ],
    "Nykarleby": [
        22.53073,
        63.52277
    ],
    "Nurmo": [
        22.9,
        62.83333
    ],
    "Nurmijärvi": [
        24.8073,
        60.46407
    ],
    "Nurmes": [
        29.13965,
        63.54205
    ],
    "Nuijamaa": [
        28.53333,
        60.96667
    ],
    "Nousiainen": [
        22.07926,
        60.60416
    ],
    "Noormarkku": [
        21.86846,
        61.59274
    ],
    "Nokia": [
        23.5,
        61.46667
    ],
    "Nivala": [
        24.96667,
        63.91667
    ],
    "Nilsiä": [
        28.08333,
        63.2
    ],
    "Nastola": [
        25.93333,
        60.95
    ],
    "Närpes": [
        21.33707,
        62.47283
    ],
    "Nakkila": [
        22,
        61.36667
    ],
    "Nagu": [
        21.90972,
        60.19375
    ],
    "Naantali": [
        22.02428,
        60.46744
    ],
    "Myrskylä": [
        25.8475,
        60.66965
    ],
    "Mynämäki": [
        21.99274,
        60.67915
    ],
    "Muurla": [
        23.28333,
        60.35
    ],
    "Muurame": [
        25.66667,
        62.13333
    ],
    "Muonio": [
        23.7,
        67.95
    ],
    "Multia": [
        24.78333,
        62.41667
    ],
    "Muhos": [
        26.1,
        64.76667
    ],
    "Mouhijärvi": [
        23.01667,
        61.5
    ],
    "Mikkeli": [
        27.27227,
        61.68857
    ],
    "Mietoinen": [
        21.93333,
        60.63333
    ],
    "Miehikkälä": [
        27.7,
        60.66667
    ],
    "Merimasku": [
        21.86667,
        60.48333
    ],
    "Merikarvia": [
        21.50035,
        61.85839
    ],
    "Merijärvi": [
        24.45,
        64.3
    ],
    "Mellilä": [
        22.95,
        60.76667
    ],
    "Masku": [
        22.09883,
        60.57082
    ],
    "Marttila": [
        22.9,
        60.58333
    ],
    "Mäntyharju": [
        26.88333,
        61.41667
    ],
    "Mänttä": [
        24.62791,
        62.03014
    ],
    "Mäntsälä": [
        25.31667,
        60.63333
    ],
    "Malax": [
        21.57311,
        62.94225
    ],
    "Maaninka": [
        27.3,
        63.15
    ],
    "Luvia": [
        21.62556,
        61.36375
    ],
    "Luumäki": [
        27.58135,
        60.92618
    ],
    "Luopioinen": [
        24.66667,
        61.36667
    ],
    "Lumijoki": [
        25.18607,
        64.83744
    ],
    "Luhanka": [
        25.70457,
        61.79682
    ],
    "Lovisa": [
        26.22505,
        60.45659
    ],
    "Loppi": [
        24.45,
        60.71667
    ],
    "Loimaa": [
        23.0561,
        60.84972
    ],
    "Lohtaja": [
        23.50482,
        64.02472
    ],
    "Lohja": [
        24.06534,
        60.24859
    ],
    "Liperi": [
        29.36667,
        62.53333
    ],
    "Liminka": [
        25.41545,
        64.80985
    ],
    "Liljendal": [
        26.05,
        60.56667
    ],
    "Lieto": [
        22.46176,
        60.51032
    ],
    "Lieksa": [
        30.01667,
        63.31667
    ],
    "Lestijärvi": [
        24.65,
        63.53333
    ],
    "Leppävirta": [
        27.78262,
        62.49009
    ],
    "Lemu": [
        21.96667,
        60.56667
    ],
    "Lempäälä": [
        23.75,
        61.31667
    ],
    "Lemi": [
        27.80571,
        61.06244
    ],
    "Leivonmäki": [
        26.11667,
        61.91667
    ],
    "Lehtimäki": [
        23.91667,
        62.78333
    ],
    "Lavia": [
        22.6,
        61.6
    ],
    "Laukaa": [
        25.95194,
        62.41407
    ],
    "Larsmo": [
        22.74728,
        63.75388
    ],
    "Lapua": [
        23.0088,
        62.96927
    ],
    "Lappi": [
        21.83333,
        61.1
    ],
    "Lappeenranta": [
        28.18871,
        61.05871
    ],
    "Lappajärvi": [
        23.63333,
        63.2
    ],
    "Lapinlahti": [
        27.4,
        63.36667
    ],
    "Lapinjärvi": [
        26.1972,
        60.62443
    ],
    "Längelmäki": [
        22.1,
        61.65
    ],
    "Lammi": [
        25.01667,
        61.08333
    ],
    "Laitila": [
        21.69765,
        60.87575
    ],
    "Laihia": [
        22.01143,
        62.97609
    ],
    "Lahti": [
        25.66151,
        60.98267
    ],
    "Kyyjärvi": [
        24.56667,
        63.03333
    ],
    "Kyrö": [
        22.75,
        60.7
    ],
    "Kirkkonummi": [
        24.43853,
        60.12381
    ],
    "Kylmäkoski": [
        23.68858,
        61.154
    ],
    "Kuusjoki": [
        23.2,
        60.51667
    ],
    "Kuusankoski": [
        26.63333,
        60.9
    ],
    "Kuusamo": [
        29.18333,
        65.96667
    ],
    "Kustavi": [
        21.3588,
        60.54529
    ],
    "Kuru": [
        23.71948,
        61.87558
    ],
    "Kurikka": [
        22.41667,
        62.61667
    ],
    "Kuortane": [
        23.5,
        62.8
    ],
    "Kuopio": [
        27.67703,
        62.89238
    ],
    "Kullaa": [
        22.16667,
        61.46667
    ],
    "Kuivaniemi": [
        25.18333,
        65.58333
    ],
    "Kuhmoinen": [
        25.18333,
        61.56667
    ],
    "Kuhmo": [
        29.51667,
        64.13333
    ],
    "Kuhmalahti": [
        24.56667,
        61.5
    ],
    "Kronoby": [
        23.03387,
        63.72859
    ],
    "Kristinestad": [
        21.37596,
        62.27429
    ],
    "Köyliö": [
        22.30976,
        61.1191
    ],
    "Kouvola": [
        26.7,
        60.86667
    ],
    "Kotka": [
        26.91667,
        60.46667
    ],
    "Hämeenkoski": [
        25.15417,
        61.02222
    ],
    "Koski": [
        23.15,
        60.65
    ],
    "Kortesjärvi": [
        23.16667,
        63.3
    ],
    "Korsnäs": [
        21.2,
        62.78333
    ],
    "Korsholm": [
        21.68216,
        63.11418
    ],
    "Korpilahti": [
        25.55,
        62.01667
    ],
    "Kontiolahti": [
        29.84711,
        62.76023
    ],
    "Konnevesi": [
        26.31667,
        62.61667
    ],
    "Kolari": [
        23.77785,
        67.33047
    ],
    "Kokkola": [
        23.13066,
        63.83847
    ],
    "Kokemäki": [
        22.35643,
        61.25647
    ],
    "Kivijärvi": [
        25.07835,
        63.11984
    ],
    "Kiuruvesi": [
        26.61667,
        63.65
    ],
    "Kiukainen": [
        22.08333,
        61.21667
    ],
    "Kittilä": [
        24.9,
        67.66667
    ],
    "Kitee": [
        30.15,
        62.1
    ],
    "Kisko": [
        23.48333,
        60.23333
    ],
    "Kinnula": [
        24.96667,
        63.36667
    ],
    "Kimito": [
        22.729,
        60.16047
    ],
    "Kiiminki": [
        25.79744,
        65.13139
    ],
    "Kiikoinen": [
        22.58333,
        61.45
    ],
    "Kiikala": [
        23.56667,
        60.46667
    ],
    "Kiihtelysvaara": [
        30.25,
        62.48333
    ],
    "Kihniö": [
        23.18333,
        62.2
    ],
    "Keuruu": [
        24.7,
        62.26667
    ],
    "Kestilä": [
        26.28333,
        64.35
    ],
    "Kesälahti": [
        29.83333,
        61.9
    ],
    "Kerimäki": [
        29.28333,
        61.91667
    ],
    "Kerava": [
        25.105,
        60.40338
    ],
    "Kempele": [
        25.50339,
        64.91314
    ],
    "Kemijärvi": [
        27.41667,
        66.66667
    ],
    "Keminmaa": [
        24.54483,
        65.80158
    ],
    "Kemi": [
        24.56371,
        65.73641
    ],
    "Keitele": [
        26.36667,
        63.18333
    ],
    "Kaustinen": [
        23.68845,
        63.54878
    ],
    "Kauniainen": [
        24.72756,
        60.21209
    ],
    "Kauhava": [
        23.07129,
        63.10299
    ],
    "Kauhajoki": [
        22.18333,
        62.43333
    ],
    "Kaskinen": [
        21.22331,
        62.38444
    ],
    "Karvia": [
        22.56667,
        62.13333
    ],
    "Karttula": [
        26.96667,
        62.88333
    ],
    "Karstula": [
        24.78333,
        62.86667
    ],
    "Kärsämäki": [
        25.76667,
        63.96667
    ],
    "Kärkölä": [
        23.95,
        60.61667
    ],
    "Karkkila": [
        24.20977,
        60.53418
    ],
    "Karjalohja": [
        23.71789,
        60.24015
    ],
    "Karis": [
        23.66163,
        60.07178
    ],
    "Karinainen": [
        22.76667,
        60.66667
    ],
    "Karijoki": [
        21.70856,
        62.30851
    ],
    "Karhula": [
        26.95,
        60.51667
    ],
    "Kannus": [
        23.9,
        63.9
    ],
    "Kannonkoski": [
        25.25,
        62.96667
    ],
    "Kankaanpää": [
        22.41667,
        61.8
    ],
    "Kangasniemi": [
        26.64785,
        61.99357
    ],
    "Kangaslampi": [
        28.25289,
        62.29563
    ],
    "Kangasala": [
        24.07602,
        61.46383
    ],
    "Kalvola": [
        24.11667,
        61.1
    ],
    "Kälviä": [
        23.45289,
        63.86067
    ],
    "Kalajoki": [
        23.95,
        64.25
    ],
    "Kajaani": [
        27.72846,
        64.22728
    ],
    "Kaavi": [
        28.5,
        62.98333
    ],
    "Kaarina": [
        22.36904,
        60.40724
    ],
    "Jyväskylä": [
        25.72088,
        62.24147
    ],
    "Juva": [
        27.85,
        61.9
    ],
    "Juupajoki": [
        24.36939,
        61.79901
    ],
    "Juuka": [
        29.25,
        63.23333
    ],
    "Jurva": [
        21.98333,
        62.68333
    ],
    "Juankoski": [
        28.35,
        63.06667
    ],
    "Joutseno": [
        28.50763,
        61.11796
    ],
    "Joutsa": [
        26.11667,
        61.73333
    ],
    "Joroinen": [
        27.83165,
        62.17823
    ],
    "Jokioinen": [
        23.48004,
        60.80162
    ],
    "Joensuu": [
        29.76316,
        62.60118
    ],
    "Järvenpää": [
        25.08992,
        60.47369
    ],
    "Järvelä": [
        25.28333,
        60.86667
    ],
    "Jäppilä": [
        27.43372,
        62.37899
    ],
    "Janakkala": [
        24.6,
        60.9
    ],
    "Jämsänkoski": [
        25.17011,
        61.919
    ],
    "Jämsä": [
        25.19002,
        61.8642
    ],
    "Jämijärvi": [
        22.7,
        61.81667
    ],
    "Jalasjärvi": [
        22.75,
        62.5
    ],
    "Jakobstad": [
        22.70256,
        63.67486
    ],
    "Jaala": [
        26.48333,
        61.05
    ],
    "Ivalo": [
        27.53891,
        68.65986
    ],
    "Isokyrö": [
        22.33332,
        63.01172
    ],
    "Isojoki": [
        21.95884,
        62.11319
    ],
    "Iniö": [
        21.4,
        60.4
    ],
    "Ingå": [
        24.00459,
        60.04587
    ],
    "Inari": [
        27.02881,
        68.90596
    ],
    "Imatra": [
        28.75242,
        61.17185
    ],
    "Ilomantsi": [
        30.93276,
        62.67162
    ],
    "Ilmajoki": [
        22.56667,
        62.73333
    ],
    "Ikaalinen": [
        23.0658,
        61.76951
    ],
    "Iitti": [
        26.33869,
        60.89488
    ],
    "Iisalmi": [
        27.19067,
        63.55915
    ],
    "Ii": [
        25.3731,
        65.31735
    ],
    "Hyvinkää": [
        24.86667,
        60.63333
    ],
    "Hyrynsalmi": [
        28.53333,
        64.66667
    ],
    "Humppila": [
        23.36667,
        60.93333
    ],
    "Huittinen": [
        22.7,
        61.18333
    ],
    "Houtskär": [
        21.37218,
        60.22284
    ],
    "Honkajoki": [
        22.26667,
        61.98333
    ],
    "Hollola": [
        25.5,
        61
    ],
    "Hirvensalmi": [
        26.8,
        61.63333
    ],
    "Himanka": [
        23.65,
        64.06667
    ],
    "Helsinki": [
        24.93545,
        60.16952
    ],
    "Heinola": [
        26.03811,
        61.20564
    ],
    "Heinävesi": [
        28.6,
        62.43333
    ],
    "Hausjärvi": [
        24.93333,
        60.78333
    ],
    "Haukivuori": [
        27.21667,
        62.01667
    ],
    "Haukipudas": [
        25.35233,
        65.17654
    ],
    "Hauho": [
        24.56303,
        61.17255
    ],
    "Hartola": [
        26.01667,
        61.58333
    ],
    "Harjavalta": [
        22.13333,
        61.31667
    ],
    "Hankasalmi": [
        26.43333,
        62.38333
    ],
    "Hanko": [
        22.95,
        59.83333
    ],
    "Hamina": [
        27.19794,
        60.56974
    ],
    "Hämeenlinna": [
        24.46434,
        60.99596
    ],
    "Hämeenkyrö": [
        23.19531,
        61.63913
    ],
    "Halsua": [
        24.16667,
        63.46667
    ],
    "Halikko": [
        23.08333,
        60.4
    ],
    "Hailuoto": [
        24.71385,
        65.009
    ],
    "Haapavesi": [
        25.36667,
        64.13333
    ],
    "Haapajärvi": [
        25.33333,
        63.75
    ],
    "Forssa": [
        23.62146,
        60.81462
    ],
    "Evijärvi": [
        23.48333,
        63.36667
    ],
    "Eurajoki": [
        21.73333,
        61.2
    ],
    "Eura": [
        22.13333,
        61.13333
    ],
    "Espoo": [
        24.6522,
        60.2052
    ],
    "Enontekiö": [
        23.63215,
        68.38573
    ],
    "Enonkoski": [
        28.93333,
        62.08333
    ],
    "Eno": [
        30.15,
        62.8
    ],
    "Elimäki": [
        26.46667,
        60.71667
    ],
    "Ekenäs": [
        23.43389,
        59.97359
    ],
    "Dragsfjärd": [
        22.48333,
        60.06667
    ],
    "Porvoo": [
        25.66507,
        60.39233
    ],
    "Bennäs": [
        22.8,
        63.6
    ],
    "Auttoinen": [
        25.08333,
        61.3
    ],
    "Aura": [
        22.56667,
        60.6
    ],
    "Askola": [
        25.6,
        60.53333
    ],
    "Askainen": [
        21.86667,
        60.56667
    ],
    "Asikkala": [
        25.5,
        61.21667
    ],
    "Artjärvi": [
        26.07084,
        60.74544
    ],
    "Anjala": [
        26.83333,
        60.68333
    ],
    "Alavus": [
        23.61667,
        62.58333
    ],
    "Alavieska": [
        24.3,
        64.16667
    ],
    "Alastaro": [
        22.91667,
        60.93333
    ],
    "Alajärvi": [
        23.81667,
        63
    ],
    "Alahärmä": [
        22.85,
        63.23333
    ],
    "Ähtäri": [
        24.06186,
        62.55403
    ],
    "Äänekoski": [
        25.73333,
        62.6
    ],
    "Loimaan Kunta": [
        22.98512,
        60.87283
    ],
    "Äetsä": [
        22.68333,
        61.28333
    ],
    "Pieksämäen Maalaiskunta": [
        27.06667,
        62.28333
    ],
    "Kilo": [
        24.78151,
        60.21746
    ],
    "Teekkarikylä": [
        24.83502,
        60.18959
    ],
    "Koukkuniemi": [
        24.76447,
        60.15385
    ],
    "Ristinummi": [
        21.72297,
        63.09192
    ],
    "Teeriniemi": [
        21.68547,
        63.09643
    ],
    "Toijala": [
        23.86565,
        61.16911
    ],
    "Länsi-Turunmaa": [
        22.3004,
        60.29972
    ]
}