{
    "Zunilito": [
        -91.51667,
        14.61667
    ],
    "Zunil": [
        -91.48333,
        14.78333
    ],
    "Zaragoza": [
        -90.88944,
        14.65444
    ],
    "Zapotitlán": [
        -89.83333,
        14.13333
    ],
    "Zacualpa": [
        -90.83333,
        15.08333
    ],
    "Zacapa": [
        -89.53056,
        14.97222
    ],
    "Yupiltepeque": [
        -89.78333,
        14.2
    ],
    "Yepocapa": [
        -90.95694,
        14.50417
    ],
    "Villa Nueva": [
        -90.5875,
        14.52694
    ],
    "Villa Canales": [
        -90.53167,
        14.48139
    ],
    "Usumatlán": [
        -89.78333,
        14.95
    ],
    "Uspantán": [
        -90.83333,
        15.38333
    ],
    "Tucurú": [
        -90.06667,
        15.3
    ],
    "Totonicapán": [
        -91.36111,
        14.91167
    ],
    "Todos Santos Cuchumatán": [
        -91.61667,
        15.51667
    ],
    "Tejutla": [
        -91.8,
        15.11667
    ],
    "Teculután": [
        -89.71667,
        14.98333
    ],
    "Tecpán Guatemala": [
        -90.99417,
        14.76694
    ],
    "Taxisco": [
        -90.46306,
        14.07083
    ],
    "Tamahú": [
        -90.16667,
        15.33333
    ],
    "Tajumulco": [
        -91.88333,
        15.08333
    ],
    "Tactic": [
        -90.3,
        15.33333
    ],
    "Tacaná": [
        -92.08333,
        15.23333
    ],
    "Sumpango": [
        -90.73389,
        14.64639
    ],
    "Soloma": [
        -91.45,
        15.71667
    ],
    "Sololá": [
        -91.18333,
        14.77222
    ],
    "Sibinal": [
        -92.05,
        15.13333
    ],
    "Sibilia": [
        -91.61667,
        15
    ],
    "Senahú": [
        -89.83333,
        15.4
    ],
    "Sayaxché": [
        -90.16667,
        16.51667
    ],
    "San Vicente Pacaya": [
        -90.63917,
        14.41611
    ],
    "Santo Tomás La Unión": [
        -91.38333,
        14.63333
    ],
    "Santo Domingo Xenacoj": [
        -90.69778,
        14.67778
    ],
    "Santo Domingo Suchitepéquez": [
        -91.48333,
        14.46667
    ],
    "Santiago Sacatepéquez": [
        -90.67639,
        14.63528
    ],
    "Santiago Chimaltenango": [
        -91.71667,
        15.46667
    ],
    "Santiago Atitlán": [
        -91.22901,
        14.63823
    ],
    "Santa Rosa de Lima": [
        -90.29556,
        14.38806
    ],
    "Santa María Visitación": [
        -91.31667,
        14.71667
    ],
    "Santa María Ixhuatán": [
        -90.27472,
        14.19
    ],
    "Santa María de Jesús": [
        -90.72667,
        14.51833
    ],
    "Santa María Chiquimula": [
        -91.32917,
        15.03028
    ],
    "Santa Lucía Utatlán": [
        -91.26667,
        14.76667
    ],
    "Santa Lucía Milpas Altas": [
        -90.67861,
        14.57583
    ],
    "Santa Lucía La Reforma": [
        -91.23556,
        15.12833
    ],
    "Santa Lucía Cotzumalguapa": [
        -91.01667,
        14.33333
    ],
    "Santa Eulalia": [
        -91.45694,
        15.73306
    ],
    "Santa Cruz Verapaz": [
        -90.43333,
        15.36667
    ],
    "Santa Cruz Naranjo": [
        -90.36972,
        14.38806
    ],
    "Santa Cruz Muluá": [
        -91.61667,
        14.58333
    ],
    "Santa Cruz La Laguna": [
        -91.21667,
        14.75
    ],
    "Santa Cruz del Quiché": [
        -91.14889,
        15.03056
    ],
    "Santa Cruz Balanyá": [
        -90.915,
        14.68722
    ],
    "Santa Clara La Laguna": [
        -91.3,
        14.71667
    ],
    "Santa Catarina Pinula": [
        -90.49528,
        14.56889
    ],
    "Santa Catarina Palopó": [
        -91.13333,
        14.71667
    ],
    "Santa Catarina Mita": [
        -89.75,
        14.45
    ],
    "Santa Catarina Ixtahuacán": [
        -91.36667,
        14.8
    ],
    "Santa Catarina Barahona": [
        -90.78833,
        14.54889
    ],
    "Santa Bárbara": [
        -91.23333,
        14.43333
    ],
    "Santa Apolonia": [
        -90.97083,
        14.79139
    ],
    "Santa Ana Huista": [
        -91.81667,
        15.68333
    ],
    "Santa Ana": [
        -89.83333,
        16.8
    ],
    "San Sebastián Huehuetenango": [
        -91.58333,
        15.38333
    ],
    "San Sebastián": [
        -91.65,
        14.56667
    ],
    "Sansare": [
        -90.1125,
        14.74722
    ],
    "San Raimundo": [
        -90.59556,
        14.76472
    ],
    "San Rafael Pie de La Cuesta": [
        -91.91667,
        14.93333
    ],
    "San Rafael Petzal": [
        -91.66451,
        15.40487
    ],
    "San Rafael Las Flores": [
        -90.17333,
        14.48139
    ],
    "San Rafael La Independencia": [
        -91.53333,
        15.71667
    ],
    "San Pedro Sacatepéquez": [
        -90.64417,
        14.68417
    ],
    "San Pedro Pinula": [
        -89.85,
        14.66667
    ],
    "San Pedro Necta": [
        -91.76667,
        15.5
    ],
    "San Pedro La Laguna": [
        -91.27201,
        14.69297
    ],
    "San Pedro Jocopilas": [
        -91.15139,
        15.09444
    ],
    "San Pedro Carchá": [
        -90.26667,
        15.48333
    ],
    "San Pedro Ayampuc": [
        -90.45111,
        14.78667
    ],
    "San Pablo La Laguna": [
        -91.26667,
        14.71667
    ],
    "San Pablo Jocopilas": [
        -91.45,
        14.58333
    ],
    "San Pablo": [
        -92,
        14.93333
    ],
    "San Miguel Sigüilá": [
        -91.61667,
        14.9
    ],
    "San Miguel Panán": [
        -91.36667,
        14.53333
    ],
    "San Miguel Ixtahuacán": [
        -91.75,
        15.25
    ],
    "San Miguel Dueñas": [
        -90.79833,
        14.52389
    ],
    "San Miguel Chicaj": [
        -90.4,
        15.1
    ],
    "San Miguel Acatán": [
        -91.61667,
        15.7
    ],
    "San Mateo Ixtatán": [
        -91.47806,
        15.83194
    ],
    "San Mateo": [
        -91.58333,
        14.86667
    ],
    "San Martín Zapotitlán": [
        -91.6,
        14.6
    ],
    "San Martín Sacatepéquez": [
        -91.65,
        14.81667
    ],
    "San Martín Jilotepeque": [
        -90.7925,
        14.78778
    ],
    "San Marcos La Laguna": [
        -91.26667,
        14.71667
    ],
    "San Marcos": [
        -91.79444,
        14.96389
    ],
    "San Manuel Chaparrón": [
        -89.76667,
        14.51667
    ],
    "San Luis Jilotepeque": [
        -89.73333,
        14.65
    ],
    "San Luis Ixcán": [
        -91.095,
        15.78722
    ],
    "San Luis": [
        -89.44028,
        16.19889
    ],
    "San Lucas Tolimán": [
        -91.13333,
        14.63333
    ],
    "San Lucas Sacatepéquez": [
        -90.65694,
        14.60972
    ],
    "San Lorenzo": [
        -91.51667,
        14.48333
    ],
    "San Juan Tecuaco": [
        -90.26111,
        14.08222
    ],
    "San Juan Sacatepéquez": [
        -90.64417,
        14.71889
    ],
    "San Juan La Laguna": [
        -91.28333,
        14.7
    ],
    "San Juan Ixcoy": [
        -91.44528,
        15.59972
    ],
    "San Juan Ermita": [
        -89.43333,
        14.76667
    ],
    "San Juan Cotzal": [
        -91.03417,
        15.43417
    ],
    "San Juan Chamelco": [
        -90.33333,
        15.43333
    ],
    "San Juan Bautista": [
        -91.18333,
        14.41667
    ],
    "San Juan Atitán": [
        -91.63333,
        15.43333
    ],
    "San José Poaquil": [
        -90.90639,
        14.81972
    ],
    "San José Pinula": [
        -90.41139,
        14.54611
    ],
    "San José Ojetenán": [
        -91.96667,
        15.21667
    ],
    "San José La Arada": [
        -89.58333,
        14.71667
    ],
    "San José El Ídolo": [
        -91.41667,
        14.45
    ],
    "San José del Golfo": [
        -90.37639,
        14.76278
    ],
    "San José Acatempa": [
        -90.12694,
        14.26528
    ],
    "San José": [
        -89.9,
        16.98333
    ],
    "San Jerónimo": [
        -90.2,
        15.05
    ],
    "San Jacinto": [
        -89.5,
        14.66667
    ],
    "San Gaspar Ixchil": [
        -91.71667,
        15.38333
    ],
    "San Gabriel": [
        -91.51667,
        14.51667
    ],
    "San Francisco Zapotitlán": [
        -91.51667,
        14.58333
    ],
    "San Francisco La Unión": [
        -91.53333,
        14.91667
    ],
    "San Francisco El Alto": [
        -91.45,
        14.95
    ],
    "San Francisco": [
        -89.93333,
        16.8
    ],
    "San Felipe": [
        -91.6,
        14.61667
    ],
    "San Cristóbal Verapaz": [
        -90.4,
        15.38333
    ],
    "San Cristóbal Totonicapán": [
        -91.43333,
        14.91667
    ],
    "San Cristóbal Cucho": [
        -91.78333,
        14.9
    ],
    "San Cristóbal Acasaguastlán": [
        -89.88333,
        14.91667
    ],
    "San Carlos Sija": [
        -91.55,
        14.98333
    ],
    "San Bernardino": [
        -91.45,
        14.53333
    ],
    "San Benito": [
        -89.90868,
        16.91321
    ],
    "San Bartolomé Milpas Altas": [
        -90.68,
        14.60611
    ],
    "San Bartolomé Jocotenango": [
        -91.07722,
        15.19278
    ],
    "San Bartolo": [
        -91.45583,
        15.08444
    ],
    "Sanarate": [
        -90.19222,
        14.795
    ],
    "San Antonio Suchitepéquez": [
        -91.41667,
        14.53333
    ],
    "San Antonio Sacatepéquez": [
        -91.73333,
        14.96667
    ],
    "San Antonio Palopó": [
        -91.11667,
        14.7
    ],
    "San Antonio La Paz": [
        -90.28667,
        14.74972
    ],
    "San Antonio Ilotenango": [
        -91.22972,
        15.05472
    ],
    "San Antonio Huista": [
        -91.76667,
        15.65
    ],
    "San Antonio Aguas Calientes": [
        -90.76944,
        14.53972
    ],
    "San Andrés Xecul": [
        -91.48333,
        14.9
    ],
    "San Andrés Villa Seca": [
        -91.58333,
        14.56667
    ],
    "San Andrés Semetabaj": [
        -91.13333,
        14.75
    ],
    "San Andrés Sajcabajá": [
        -90.91667,
        15.21667
    ],
    "San Andrés Itzapa": [
        -90.84417,
        14.62
    ],
    "San Andrés": [
        -89.91667,
        16.96667
    ],
    "San Agustín Acasaguastlán": [
        -89.96667,
        14.95
    ],
    "Samayac": [
        -91.46135,
        14.58084
    ],
    "Salcajá": [
        -91.45,
        14.88333
    ],
    "Salamá": [
        -90.31806,
        15.10278
    ],
    "Sacapulas": [
        -91.08722,
        15.28667
    ],
    "Río Hondo": [
        -89.58333,
        15.06667
    ],
    "Río Bravo": [
        -91.31667,
        14.4
    ],
    "Retalhuleu": [
        -91.67778,
        14.53611
    ],
    "Rabinal": [
        -90.45,
        15.1
    ],
    "Quezaltepeque": [
        -89.45,
        14.63333
    ],
    "Quetzaltenango": [
        -91.51806,
        14.83472
    ],
    "Quesada": [
        -90.04028,
        14.27028
    ],
    "Purulhá": [
        -90.2,
        15.26667
    ],
    "Puerto San José": [
        -90.82166,
        13.9274
    ],
    "Puerto Barrios": [
        -88.59444,
        15.72778
    ],
    "Pueblo Nuevo Viñas": [
        -90.47417,
        14.22583
    ],
    "Pueblo Nuevo Tiquisate": [
        -91.36667,
        14.28333
    ],
    "Pueblo Nuevo": [
        -91.53333,
        14.65
    ],
    "Poptún": [
        -89.41694,
        16.33111
    ],
    "Pochuta": [
        -91.08333,
        14.55
    ],
    "Petapa": [
        -90.55167,
        14.50278
    ],
    "Patzún": [
        -91.01667,
        14.68333
    ],
    "Patzité": [
        -91.21667,
        14.96667
    ],
    "Patzicía": [
        -90.92694,
        14.63167
    ],
    "Patulul": [
        -91.16667,
        14.41667
    ],
    "Pastores": [
        -90.75472,
        14.59667
    ],
    "Pasaco": [
        -90.20639,
        13.97722
    ],
    "Parramos": [
        -90.80306,
        14.60778
    ],
    "Panzós": [
        -89.66667,
        15.4
    ],
    "Panajachel": [
        -91.15,
        14.73333
    ],
    "Palín": [
        -90.69833,
        14.40556
    ],
    "Palestina de los Altos": [
        -91.7,
        14.93333
    ],
    "Palencia": [
        -90.35861,
        14.66472
    ],
    "Pajapita": [
        -92.03333,
        14.71667
    ],
    "Pachalum": [
        -90.66278,
        14.92472
    ],
    "Ostuncalco": [
        -91.61667,
        14.86667
    ],
    "Oratorio": [
        -90.17583,
        14.22806
    ],
    "Olopa": [
        -89.35,
        14.68333
    ],
    "Ocós": [
        -92.19333,
        14.50944
    ],
    "Nuevo San Carlos": [
        -91.7,
        14.6
    ],
    "Nuevo Progreso": [
        -91.91667,
        14.8
    ],
    "Nueva Santa Rosa": [
        -90.27611,
        14.38111
    ],
    "Nueva Concepción": [
        -91.3,
        14.2
    ],
    "Nentón": [
        -91.75,
        15.8
    ],
    "Nebaj": [
        -91.14611,
        15.40583
    ],
    "Nahualá": [
        -91.31667,
        14.85
    ],
    "Moyuta": [
        -90.08083,
        14.03861
    ],
    "Morazán": [
        -90.14306,
        14.93278
    ],
    "Morales": [
        -88.81667,
        15.48333
    ],
    "Monjas": [
        -89.86667,
        14.5
    ],
    "Momostenango": [
        -91.40861,
        15.04361
    ],
    "Mixco": [
        -90.60639,
        14.63333
    ],
    "Mazatenango": [
        -91.50333,
        14.53417
    ],
    "Mataquescuintla": [
        -90.18417,
        14.52917
    ],
    "Masagua": [
        -90.84806,
        14.20306
    ],
    "Malacatancito": [
        -91.51667,
        15.21667
    ],
    "Malacatán": [
        -92.05,
        14.9
    ],
    "Magdalena Milpas Altas": [
        -90.67528,
        14.54528
    ],
    "Los Amates": [
        -89.1,
        15.26667
    ],
    "Lívingston": [
        -88.75039,
        15.82826
    ],
    "La Unión": [
        -89.28333,
        14.96667
    ],
    "La Reforma": [
        -91.81667,
        14.8
    ],
    "Lanquín": [
        -89.96667,
        15.56667
    ],
    "La Libertad": [
        -91.83333,
        15.5
    ],
    "La Gomera": [
        -91.05,
        14.08333
    ],
    "La Esperanza": [
        -91.56667,
        14.86667
    ],
    "La Democracia": [
        -90.94722,
        14.23083
    ],
    "Jutiapa": [
        -89.89583,
        14.29167
    ],
    "Joyabaj": [
        -90.80611,
        14.995
    ],
    "Jocotenango": [
        -90.74361,
        14.58194
    ],
    "Jocotán": [
        -89.38333,
        14.81667
    ],
    "Jerez": [
        -89.75,
        14.1
    ],
    "Jalpatagua": [
        -90.00861,
        14.14167
    ],
    "Jalapa": [
        -89.98889,
        14.63472
    ],
    "Jacaltenango": [
        -91.73333,
        15.66667
    ],
    "Iztapa": [
        -90.7075,
        13.93333
    ],
    "Ixtahuacán": [
        -91.76667,
        15.41667
    ],
    "Ixchiguán": [
        -91.88333,
        15.2
    ],
    "Ipala": [
        -89.61667,
        14.61667
    ],
    "Huité": [
        -89.71667,
        14.93333
    ],
    "Huitán": [
        -91.61667,
        15.1
    ],
    "Huehuetenango": [
        -91.47083,
        15.31972
    ],
    "Guazacapán": [
        -90.41667,
        14.07417
    ],
    "Guanagazapa": [
        -90.64333,
        14.22528
    ],
    "Gualán": [
        -89.36667,
        15.13333
    ],
    "Génova": [
        -91.83333,
        14.61667
    ],
    "Fraijanes": [
        -90.44083,
        14.46528
    ],
    "Flores Costa Cuca": [
        -91.81667,
        14.65
    ],
    "Flores": [
        -89.89941,
        16.92258
    ],
    "Estanzuela": [
        -89.56667,
        15
    ],
    "Esquipulas Palo Gordo": [
        -91.81667,
        14.93333
    ],
    "Esquipulas": [
        -89.35,
        14.56667
    ],
    "Escuintla": [
        -90.785,
        14.305
    ],
    "El Tumbador": [
        -91.93333,
        14.86667
    ],
    "El Tejar": [
        -90.79278,
        14.64778
    ],
    "El Rodeo": [
        -91.96667,
        14.91667
    ],
    "El Quetzal": [
        -91.81667,
        14.76667
    ],
    "Guastatoya": [
        -90.06944,
        14.85417
    ],
    "El Progreso": [
        -89.85,
        14.35
    ],
    "El Palmar": [
        -91.58333,
        14.65
    ],
    "El Jícaro": [
        -89.9,
        14.91667
    ],
    "El Estor": [
        -89.35,
        15.53333
    ],
    "El Chol": [
        -90.48056,
        14.96417
    ],
    "El Asintal": [
        -91.73333,
        14.6
    ],
    "El Adelanto": [
        -89.83333,
        14.16667
    ],
    "Dolores": [
        -89.41583,
        16.51417
    ],
    "Cuyotenango": [
        -91.56667,
        14.53333
    ],
    "Cunén": [
        -91.02694,
        15.3375
    ],
    "Cuilco": [
        -91.96667,
        15.4
    ],
    "Cuilapa": [
        -90.29889,
        14.27639
    ],
    "Cubulco": [
        -90.58333,
        15.13333
    ],
    "Conguaco": [
        -90.03111,
        14.04417
    ],
    "Concepción Tutuapa": [
        -91.78333,
        15.28333
    ],
    "Concepción Las Minas": [
        -89.45,
        14.51667
    ],
    "Concepción Chiquirichapa": [
        -91.61667,
        14.85
    ],
    "Concepción": [
        -91.15,
        14.78333
    ],
    "Comitancillo": [
        -91.71667,
        15.08333
    ],
    "Comapa": [
        -89.91667,
        14.11667
    ],
    "Comalapa": [
        -90.8875,
        14.74111
    ],
    "Colotenango": [
        -91.71267,
        15.40602
    ],
    "Colomba": [
        -91.73333,
        14.71667
    ],
    "Cobán": [
        -90.37083,
        15.47083
    ],
    "Coatepeque": [
        -91.86667,
        14.7
    ],
    "Ciudad Vieja": [
        -90.75972,
        14.52639
    ],
    "Ciudad Tecún Umán": [
        -92.15,
        14.66667
    ],
    "Ciudad Melchor de Mencos": [
        -89.15222,
        17.06861
    ],
    "Guatemala City": [
        -90.51327,
        14.64072
    ],
    "Chuarrancho": [
        -90.50861,
        14.82167
    ],
    "Chisec": [
        -90.28333,
        15.81667
    ],
    "Chiquimulilla": [
        -90.37667,
        14.08583
    ],
    "Chiquimula": [
        -89.54583,
        14.8
    ],
    "Chinique": [
        -91.02583,
        15.04472
    ],
    "Chinautla": [
        -90.49944,
        14.70833
    ],
    "Chimaltenango": [
        -90.81944,
        14.66111
    ],
    "Chichicastenango": [
        -91.11667,
        14.93333
    ],
    "Chiché": [
        -91.065,
        15.00861
    ],
    "Chicamán": [
        -90.76667,
        15.4
    ],
    "Chicacao": [
        -91.31667,
        14.53333
    ],
    "Chiantla": [
        -91.45833,
        15.35472
    ],
    "Champerico": [
        -91.91667,
        14.3
    ],
    "Chajul": [
        -91.03417,
        15.48528
    ],
    "Chahal": [
        -89.60432,
        15.79561
    ],
    "Catarina": [
        -92.08333,
        14.85
    ],
    "Casillas": [
        -90.24417,
        14.42222
    ],
    "Cantel": [
        -91.45,
        14.81667
    ],
    "Canillá": [
        -90.85,
        15.16667
    ],
    "Camotán": [
        -89.36667,
        14.81667
    ],
    "Cajolá": [
        -91.61667,
        14.91667
    ],
    "Cahabón": [
        -89.81667,
        15.56667
    ],
    "Cabricán": [
        -91.61667,
        15.13333
    ],
    "Cabañas": [
        -89.8,
        14.93333
    ],
    "Barillas": [
        -91.31583,
        15.80361
    ],
    "Barberena": [
        -90.36111,
        14.30944
    ],
    "Atescatempa": [
        -89.7425,
        14.17444
    ],
    "Asunción Mita": [
        -89.71083,
        14.33083
    ],
    "Antigua Guatemala": [
        -90.73444,
        14.56111
    ],
    "Amatitlán": [
        -90.61528,
        14.4875
    ],
    "Alotenango": [
        -90.8075,
        14.48028
    ],
    "Almolonga": [
        -91.5,
        14.81667
    ],
    "Aguacatán": [
        -91.31167,
        15.34306
    ],
    "Agua Blanca": [
        -89.65,
        14.5
    ],
    "Acatenango": [
        -90.94222,
        14.55194
    ]
}