{
    "Zhumysker": [
        49.4,
        49.33333
    ],
    "Zhetibay": [
        52.07889,
        43.59417
    ],
    "Temir": [
        57.12855,
        49.14132
    ],
    "Taūshyq": [
        51.34932,
        44.34678
    ],
    "Shubarshi": [
        57.18289,
        48.58022
    ],
    "Shubarkuduk": [
        56.48196,
        49.14391
    ],
    "Shetpe": [
        52.11667,
        44.16667
    ],
    "Shalkar": [
        48.9,
        48.03333
    ],
    "Sayötesh": [
        53.53246,
        44.32781
    ],
    "Saykhin": [
        46.83361,
        48.85611
    ],
    "Peremetnoe": [
        50.85544,
        51.19925
    ],
    "Oral": [
        51.36667,
        51.23333
    ],
    "Oktyabr’sk": [
        57.41914,
        49.46912
    ],
    "Munayshy": [
        52.10861,
        43.49111
    ],
    "Miyaly": [
        53.79194,
        48.88504
    ],
    "Martuk": [
        56.50611,
        50.74746
    ],
    "Maqat": [
        53.31667,
        47.65
    ],
    "Maloye Ganyushkino": [
        49.26667,
        46.6
    ],
    "Makhambet": [
        51.58333,
        47.66667
    ],
    "Qulsary": [
        54.01978,
        46.95307
    ],
    "Krūgloozernoe": [
        51.28992,
        51.07854
    ],
    "Khromtau": [
        58.44003,
        50.25117
    ],
    "Kaztalovka": [
        48.68902,
        49.76612
    ],
    "Qaraton": [
        53.48639,
        46.43528
    ],
    "Karagandy": [
        73.1658,
        49.83333
    ],
    "Kamenka": [
        50.29454,
        51.11074
    ],
    "Īnderbor": [
        51.78333,
        48.55
    ],
    "Fort-Shevchenko": [
        50.26388,
        44.50654
    ],
    "Fedorovka": [
        62.69654,
        53.63809
    ],
    "Kuryk": [
        51.65,
        43.2
    ],
    "Embi": [
        58.15042,
        48.82981
    ],
    "Zhänibek": [
        46.84705,
        49.42207
    ],
    "Dzhangala": [
        50.33333,
        49.21667
    ],
    "Dzhambeyty": [
        52.59895,
        50.25676
    ],
    "Dossor": [
        52.98111,
        47.52722
    ],
    "Chingirlau": [
        54.08426,
        51.09878
    ],
    "Chapaev": [
        51.16667,
        50.2
    ],
    "Burlin": [
        52.71392,
        51.42724
    ],
    "Beyneu": [
        55.2,
        45.31667
    ],
    "Bayganin": [
        55.87512,
        48.68976
    ],
    "Bayshonas": [
        52.94111,
        47.24139
    ],
    "Baūtīno": [
        50.24628,
        44.54479
    ],
    "Batamshinskiy": [
        58.27715,
        50.56022
    ],
    "Balyqshy": [
        51.86667,
        47.06667
    ],
    "Atyrau": [
        51.88333,
        47.11667
    ],
    "Aqtöbe": [
        57.20718,
        50.27969
    ],
    "Aktau": [
        72.83333,
        48.03333
    ],
    "Aqsay": [
        52.99782,
        51.1681
    ],
    "Akkol’": [
        69.59997,
        53.29617
    ],
    "Ömirzaq": [
        51.24171,
        43.59786
    ],
    "Zyryanovsk": [
        84.27318,
        49.72654
    ],
    "Zhosaly": [
        64.07806,
        45.48778
    ],
    "Zholymbet": [
        71.71245,
        51.74211
    ],
    "Zhezqazghan": [
        67.76667,
        47.78333
    ],
    "Zhezkent": [
        81.3615,
        50.93112
    ],
    "Dzhetygara": [
        61.19894,
        52.19019
    ],
    "Zhelezīnka": [
        75.31452,
        53.53944
    ],
    "Saken Seyfullin": [
        72.83598,
        48.85692
    ],
    "Zhangatas": [
        69.75,
        43.56667
    ],
    "Ayteke Bi": [
        62.15264,
        45.84608
    ],
    "Taraz": [
        71.36667,
        42.9
    ],
    "Zhalghyztobe": [
        81.21596,
        49.21094
    ],
    "Zhaqsy": [
        67.31665,
        51.91058
    ],
    "Zaysan": [
        84.87144,
        47.46657
    ],
    "Yrghyz": [
        61.26667,
        48.61667
    ],
    "Yavlenka": [
        68.4598,
        54.34786
    ],
    "Zhangaqorghan": [
        67.24806,
        43.915
    ],
    "Saumalkol’": [
        68.105,
        53.2927
    ],
    "Verkhniye Kayrakty": [
        73.28333,
        48.68333
    ],
    "Turar Ryskulov": [
        70.33333,
        42.53333
    ],
    "Ūst’-Talovka": [
        81.84997,
        50.54927
    ],
    "Ush-Tyube": [
        77.98007,
        45.25201
    ],
    "Urzhar": [
        81.62939,
        47.09302
    ],
    "Turkestan": [
        68.25,
        43.33333
    ],
    "Turgen’": [
        77.59333,
        43.40056
    ],
    "Timiryazevo": [
        66.49101,
        53.74733
    ],
    "Troyebratskiy": [
        66.07523,
        54.44316
    ],
    "Torghay": [
        63.49806,
        49.63389
    ],
    "Tokarevka": [
        73.15974,
        50.11551
    ],
    "Tobol": [
        62.58101,
        52.69658
    ],
    "Terenozek": [
        64.98395,
        45.05053
    ],
    "Temirtau": [
        72.96464,
        50.05494
    ],
    "Temirlanovka": [
        69.26333,
        42.59944
    ],
    "Tekeli": [
        78.8309,
        44.83322
    ],
    "Tasböget": [
        65.55227,
        44.77384
    ],
    "Taranovskoye": [
        62.52078,
        52.83554
    ],
    "Talshyq": [
        71.87404,
        53.63736
    ],
    "Talghar": [
        77.24085,
        43.30348
    ],
    "Taldyqorghan": [
        77.91667,
        45
    ],
    "Suykbulak": [
        81.04848,
        49.70815
    ],
    "Stepnyak": [
        70.78861,
        52.83489
    ],
    "Smirnovo": [
        69.42732,
        54.5148
    ],
    "Myrzakent": [
        68.53333,
        40.66667
    ],
    "Shymkent": [
        69.6,
        42.3
    ],
    "Shu": [
        73.76139,
        43.59833
    ],
    "Shortandy": [
        70.99457,
        51.69946
    ],
    "Shemonaīkha": [
        81.91213,
        50.62811
    ],
    "Shchūchīnsk": [
        70.1895,
        52.93818
    ],
    "Shar": [
        81.04852,
        49.58559
    ],
    "Shantobe": [
        68.18166,
        52.45606
    ],
    "Shakhan": [
        72.65407,
        49.81958
    ],
    "Sergeyevka": [
        67.41534,
        53.88261
    ],
    "Semey": [
        80.26669,
        50.42675
    ],
    "Sayaq": [
        77.26667,
        47
    ],
    "Sastöbe": [
        69.99983,
        42.55355
    ],
    "Saryshaghan": [
        73.61917,
        46.11917
    ],
    "Saryözek": [
        77.97644,
        44.36121
    ],
    "Sarykamys": [
        78.71667,
        47.78333
    ],
    "Saryaghash": [
        69.16667,
        41.45
    ],
    "Sarkand": [
        79.91545,
        45.41126
    ],
    "Sorang": [
        72.83744,
        49.7908
    ],
    "Rudnyy": [
        63.11677,
        52.9729
    ],
    "Kyzylorda": [
        65.50917,
        44.85278
    ],
    "Qusmuryn": [
        64.61977,
        52.45107
    ],
    "Kostanay": [
        63.62463,
        53.21435
    ],
    "Kachar": [
        62.86942,
        53.36871
    ],
    "Qarqaraly": [
        75.47286,
        49.41287
    ],
    "Qarazhal": [
        70.78918,
        48.00684
    ],
    "Qaraūyl": [
        79.25502,
        48.94509
    ],
    "Karatau": [
        70.46667,
        43.16667
    ],
    "Qapshaghay": [
        77.06304,
        43.86681
    ],
    "Tūghyl": [
        84.20629,
        47.72521
    ],
    "Petropavlovsk": [
        69.143,
        54.87278
    ],
    "Pervorosiyskiy": [
        83.8492,
        49.7165
    ],
    "Pervomayskiy": [
        76.94,
        43.37361
    ],
    "Pavlodar": [
        77.00438,
        52.27401
    ],
    "Zharkent": [
        80.00655,
        44.1666
    ],
    "Oytal": [
        73.26972,
        42.90573
    ],
    "Oskemen": [
        82.60586,
        49.97143
    ],
    "Osakarovka": [
        72.57089,
        50.56219
    ],
    "Ordzhonikidze": [
        61.74942,
        52.44772
    ],
    "Ognevka": [
        83.01674,
        49.68352
    ],
    "Zhabagly": [
        70.47841,
        42.43781
    ],
    "Novodolīnskīy": [
        72.70807,
        49.7065
    ],
    "Zhanga Buqtyrma": [
        83.52475,
        49.6295
    ],
    "Mynaral": [
        73.68444,
        45.41611
    ],
    "Moyynty": [
        73.36694,
        47.22111
    ],
    "Kūrchatov": [
        78.54188,
        50.75617
    ],
    "Sarykemer": [
        71.5,
        43
    ],
    "Merke": [
        73.17623,
        42.86772
    ],
    "Mayqayyng": [
        75.80481,
        51.46088
    ],
    "Matay": [
        78.71806,
        45.895
    ],
    "Makīnsk": [
        70.4177,
        52.63373
    ],
    "Kulan": [
        72.72066,
        42.9101
    ],
    "Lugovoy": [
        72.76098,
        42.94196
    ],
    "Lisakovsk": [
        62.49987,
        52.54707
    ],
    "Lepsy": [
        78.94556,
        46.235
    ],
    "Qazyqurt": [
        69.38798,
        41.75979
    ],
    "Lenīnskīy": [
        76.78054,
        52.2548
    ],
    "Baykonyr": [
        63.31667,
        45.61667
    ],
    "Ridder": [
        83.51287,
        50.34413
    ],
    "Lenger": [
        69.88393,
        42.18301
    ],
    "Kishkenekol’": [
        72.34079,
        53.63589
    ],
    "Kyzylzhar": [
        72.60761,
        49.98197
    ],
    "Qūshoqy": [
        73.40382,
        50.23058
    ],
    "Kurchum": [
        83.66146,
        48.56603
    ],
    "Egindiköl": [
        69.47928,
        51.05412
    ],
    "Krasnogorskīy": [
        66.52434,
        52.24474
    ],
    "Taiynsha": [
        69.76773,
        53.84796
    ],
    "Kokshetau": [
        69.39692,
        53.28244
    ],
    "Komsomolets": [
        62.0584,
        53.75019
    ],
    "Kokterek": [
        70.26667,
        42.53333
    ],
    "Koktal": [
        73.51667,
        49.65
    ],
    "Kokpekty": [
        82.4,
        48.75
    ],
    "Kīevka": [
        71.54839,
        50.26212
    ],
    "Balpyk Bī": [
        78.23157,
        44.90225
    ],
    "Asykata": [
        68.3643,
        40.8946
    ],
    "Khantaū": [
        73.79555,
        44.22744
    ],
    "Kentau": [
        68.5094,
        43.52061
    ],
    "Kegen": [
        79.22194,
        43.02055
    ],
    "Qazaly": [
        62.1075,
        45.76278
    ],
    "Karasu": [
        65.48421,
        52.65995
    ],
    "Karabas": [
        76.2,
        46.53333
    ],
    "Khantaghy": [
        68.5775,
        43.52639
    ],
    "Qalqaman": [
        76.02723,
        51.95349
    ],
    "Kachīry": [
        76.10489,
        53.06649
    ],
    "Esik": [
        77.45245,
        43.3552
    ],
    "Ertis": [
        75.45901,
        53.33367
    ],
    "Ilyich": [
        68.50643,
        40.84782
    ],
    "Granitogorsk": [
        73.46906,
        42.74337
    ],
    "Glubokoye": [
        82.31329,
        50.14112
    ],
    "Georgiyevka": [
        74.71287,
        43.03882
    ],
    "Georgīevka": [
        81.57373,
        49.32671
    ],
    "Moyynkum": [
        72.9392,
        44.28461
    ],
    "Esil": [
        66.40841,
        51.95495
    ],
    "Aksu": [
        69.82795,
        42.4219
    ],
    "Yereymentau": [
        73.11082,
        51.62104
    ],
    "Energeticheskiy": [
        77.01908,
        43.42684
    ],
    "Ekibastuz": [
        75.32287,
        51.72371
    ],
    "Zhambyl": [
        71.39694,
        47.20694
    ],
    "Dzhalagash": [
        64.66667,
        45.08333
    ],
    "Dostyq": [
        82.48783,
        45.255
    ],
    "Dolīnka": [
        72.67822,
        49.67685
    ],
    "Derzhavīnsk": [
        66.31557,
        51.09922
    ],
    "Sholaqqkorghan": [
        69.18139,
        43.765
    ],
    "Shīeli": [
        66.73887,
        44.16882
    ],
    "Shayan": [
        69.37722,
        43.02972
    ],
    "Shardara": [
        67.98437,
        41.26182
    ],
    "Burunday": [
        76.85778,
        43.36028
    ],
    "Būlaevo": [
        70.44622,
        54.90521
    ],
    "Borovskoy": [
        64.18405,
        53.79442
    ],
    "Būrabay": [
        70.31379,
        53.08382
    ],
    "Borodūlīkha": [
        80.9295,
        50.71841
    ],
    "Priisk Boko": [
        81.64528,
        49.06028
    ],
    "Bishkul’": [
        69.09951,
        54.77763
    ],
    "Bestöbe": [
        73.09584,
        52.50171
    ],
    "Belūsovka": [
        82.52481,
        50.13287
    ],
    "Köktöbe": [
        77.47177,
        51.52844
    ],
    "Belogorskīy": [
        83.14803,
        49.47698
    ],
    "Bayzhansay": [
        69.93722,
        43.18
    ],
    "Bayanaūyl": [
        75.70123,
        50.79304
    ],
    "Bayaldyr": [
        68.31667,
        42.83333
    ],
    "Balqash": [
        74.995,
        46.84806
    ],
    "Balkashino": [
        68.75254,
        52.52009
    ],
    "Bakanas": [
        76.27214,
        44.80838
    ],
    "Ayagoz": [
        80.43437,
        47.96447
    ],
    "Bakyrshik": [
        81.5821,
        49.7105
    ],
    "Atbasar": [
        68.35996,
        51.80652
    ],
    "Atasū": [
        71.64469,
        48.68659
    ],
    "Asūbulaq": [
        83.06355,
        49.55688
    ],
    "Astrakhan": [
        69.79684,
        51.53092
    ],
    "Ashchysay": [
        68.88889,
        43.55417
    ],
    "Arys": [
        68.80463,
        42.42965
    ],
    "Arkalyk": [
        66.92027,
        50.24915
    ],
    "Aral": [
        61.66667,
        46.8
    ],
    "Aqtoghay": [
        79.66667,
        46.95
    ],
    "Aqtaū": [
        73.06709,
        50.23587
    ],
    "Aqsū": [
        71.97872,
        52.46348
    ],
    "Aqshataū": [
        74.0575,
        47.98917
    ],
    "Astana": [
        71.44598,
        51.1801
    ],
    "Aqadyr": [
        72.85826,
        48.2606
    ],
    "Almaty": [
        76.92848,
        43.25654
    ],
    "Aqköl": [
        70.94704,
        51.99374
    ],
    "Akzhal": [
        75.58438,
        49.69244
    ],
    "Aktogay": [
        75.3,
        48.16667
    ],
    "Aqtas": [
        72.96128,
        49.77952
    ],
    "Aqsū-Ayuly": [
        73.67744,
        48.76862
    ],
    "Aksuat": [
        83.7,
        48.71667
    ],
    "Aqbaqay": [
        72.78333,
        45
    ],
    "Abay": [
        72.86164,
        49.63574
    ],
    "Shalqīya": [
        67.41062,
        44.00947
    ],
    "Birlestik": [
        68.35517,
        53.5836
    ],
    "Maleevsk": [
        84.28699,
        49.81178
    ],
    "Belköl": [
        65.58796,
        44.81162
    ],
    "Novoishimskiy": [
        66.76944,
        53.19806
    ],
    "Shashūbay": [
        75.04028,
        46.81694
    ],
    "Shyghanaq": [
        70.00194,
        44.83056
    ],
    "Shubarköl": [
        68.80722,
        48.88222
    ],
    "Stepnogorsk": [
        71.88641,
        52.35533
    ],
    "Zavodskoy": [
        72.01849,
        52.4724
    ],
    "Ülken": [
        73.97861,
        45.21194
    ],
    "Altay": [
        82.36098,
        50.24489
    ],
    "Priozersk": [
        73.70247,
        46.03106
    ]
}