{
    "Zoumi": [
        -5.34458,
        34.80321
    ],
    "Zinat": [
        -5.4,
        35.43
    ],
    "Saddina": [
        -5.45191,
        35.6141
    ],
    "Zouiat ech Cheïkh": [
        -5.91783,
        32.64562
    ],
    "Zaïo": [
        -2.7329,
        34.94282
    ],
    "Zagora": [
        -5.8384,
        30.33241
    ],
    "Youssoufia": [
        -8.52941,
        32.24634
    ],
    "Touama": [
        -7.49291,
        31.53501
    ],
    "Tmourghout": [
        -4.02696,
        33.9065
    ],
    "Tiztoutine": [
        -3.15273,
        34.97159
    ],
    "Tiznit": [
        -9.73162,
        29.69742
    ],
    "Tizguine": [
        -8.31611,
        31.22836
    ],
    "Tit Mellil": [
        -7.48647,
        33.55808
    ],
    "Tissa": [
        -4.66372,
        34.28791
    ],
    "Tirhanimîne": [
        -3.95453,
        35.23619
    ],
    "Tiout": [
        -8.69572,
        30.3887
    ],
    "Tiouli": [
        -1.83705,
        34.36679
    ],
    "Tineghir": [
        -5.53428,
        31.51571
    ],
    "Timoulilt": [
        -6.4666,
        32.20368
    ],
    "Timezgana": [
        -4.73,
        34.58
    ],
    "Timezgadiouine": [
        -9.04548,
        30.88366
    ],
    "Tilmi": [
        -5.76812,
        31.81794
    ],
    "Tifni": [
        -6.94093,
        31.62777
    ],
    "Tiflet": [
        -6.3065,
        33.89469
    ],
    "Tétouan": [
        -5.36837,
        35.57845
    ],
    "Temara": [
        -6.90656,
        33.92866
    ],
    "Telouet": [
        -7.23789,
        31.28924
    ],
    "Tazouta": [
        -4.63392,
        33.66991
    ],
    "Taznakht": [
        -7.20341,
        30.57836
    ],
    "Tazemmourt": [
        -8.829,
        30.40854
    ],
    "Tazarine": [
        -4.1862,
        33.88306
    ],
    "Taza": [
        -4.01,
        34.21
    ],
    "Tata": [
        -7.973,
        29.74409
    ],
    "Tarsouat": [
        -9.02664,
        29.58153
    ],
    "Taroudant": [
        -8.87695,
        30.47028
    ],
    "Teroual": [
        -5.27331,
        34.67452
    ],
    "Targuist": [
        -4.31856,
        34.93769
    ],
    "Tarfaya": [
        -12.92184,
        27.93578
    ],
    "Taourirt": [
        -2.89732,
        34.4073
    ],
    "Taounza": [
        -6.60607,
        32.09368
    ],
    "Taounate": [
        -4.64009,
        34.53661
    ],
    "Taouloukoult": [
        -9.07943,
        31.22218
    ],
    "Taouima": [
        -2.9279,
        35.1299
    ],
    "Tan-Tan": [
        -11.10321,
        28.43799
    ],
    "Tangier": [
        -5.79975,
        35.76727
    ],
    "Tanalt": [
        -9.16796,
        29.77548
    ],
    "Tamorot": [
        -4.7794,
        34.93632
    ],
    "Tamanar": [
        -9.67802,
        31.00087
    ],
    "Talzemt": [
        -4.19,
        33.59
    ],
    "Talmest": [
        -9.33,
        31.81
    ],
    "Taliouine": [
        -7.91262,
        30.52917
    ],
    "Tahala": [
        -4.42795,
        34.04845
    ],
    "Tafraout": [
        -8.9747,
        29.72449
    ],
    "Tadrart": [
        -9.45951,
        30.77477
    ],
    "Tabouda": [
        -5.1403,
        34.71923
    ],
    "Tabia": [
        -8.87688,
        30.03462
    ],
    "Tabant": [
        -6.41049,
        31.65255
    ],
    "Souq Larb’a al Gharb": [
        -6.00272,
        34.68664
    ],
    "Senada": [
        -4.21583,
        35.07452
    ],
    "Skoura": [
        -6.5525,
        31.06262
    ],
    "Sidi Yahya Ou Saad": [
        -5.57738,
        32.68011
    ],
    "Sidi Yahia el Gharb": [
        -6.30618,
        34.30652
    ],
    "Sidi Smaïl": [
        -8.5081,
        32.82268
    ],
    "Sidi Slimane": [
        -5.92598,
        34.26478
    ],
    "Sidi Redouane": [
        -5.44538,
        34.68692
    ],
    "Sidi Rahhal": [
        -7.47288,
        31.65031
    ],
    "Sidi Qacem": [
        -5.70775,
        34.22149
    ],
    "Sidi Moussa": [
        -7.20095,
        32.27209
    ],
    "Sidi Lamine": [
        -6.05069,
        32.90783
    ],
    "Sidi Jaber": [
        -6.42095,
        32.38952
    ],
    "Sidi Ifni": [
        -10.17299,
        29.37975
    ],
    "Sidi Harazem": [
        -4.88343,
        34.02733
    ],
    "Sidi Bousber": [
        -5.36208,
        34.56284
    ],
    "Sidi Bou Othmane": [
        -7.94169,
        31.90226
    ],
    "Sidi Bennour": [
        -8.42769,
        32.65236
    ],
    "Sidi Amar": [
        -5.83225,
        32.94987
    ],
    "Sidi Abdallah": [
        -7.83243,
        32.53544
    ],
    "Settat": [
        -7.61662,
        33.00103
    ],
    "Selouane": [
        -2.9423,
        35.07313
    ],
    "Sefrou": [
        -4.828,
        33.83186
    ],
    "Sale": [
        -6.79846,
        34.0531
    ],
    "Safi": [
        -9.23718,
        32.29939
    ],
    "Rouadi": [
        -4.13631,
        35.14119
    ],
    "Rislane": [
        -2.46034,
        34.76987
    ],
    "Ghouazi": [
        -5.30235,
        34.47737
    ],
    "Reggada": [
        -9.70086,
        29.58016
    ],
    "Ratba": [
        -4.9399,
        34.77772
    ],
    "Rabat": [
        -6.83255,
        34.01325
    ],
    "Ourtzagh": [
        -4.96878,
        34.53477
    ],
    "Oulmes": [
        -6.00137,
        33.42585
    ],
    "Oulad Teïma": [
        -9.20897,
        30.39467
    ],
    "Oulad Tayeb": [
        -4.99509,
        33.94633
    ],
    "Oulad Daoud": [
        -4.69342,
        34.40438
    ],
    "Oulad Ayad": [
        -6.8,
        32.2
    ],
    "Oujda": [
        -1.90764,
        34.68052
    ],
    "Ouijjane": [
        -9.53959,
        29.62778
    ],
    "Oued Zem": [
        -6.57359,
        32.8627
    ],
    "Oued Laou": [
        -5.09627,
        35.4484
    ],
    "Oued Amlil": [
        -4.28,
        34.2
    ],
    "Ouazzane": [
        -5.58224,
        34.79711
    ],
    "Ouarzazat": [
        -6.89341,
        30.91894
    ],
    "Nouaseur": [
        -7.62105,
        33.3802
    ],
    "Nador": [
        -2.93352,
        35.16813
    ],
    "Moulay Yacoub": [
        -5.18171,
        34.08793
    ],
    "Moulay Brahim": [
        -7.9683,
        31.28785
    ],
    "Moulay Bouchta": [
        -5.13023,
        34.48922
    ],
    "Moulay Abdallah": [
        -8.58811,
        33.19664
    ],
    "Mohammedia": [
        -7.38298,
        33.68607
    ],
    "Missour": [
        -3.98946,
        33.04893
    ],
    "Midelt": [
        -4.74512,
        32.6852
    ],
    "Midar": [
        -3.53311,
        34.94025
    ],
    "Meknès": [
        -5.54727,
        33.89352
    ],
    "Mediouna": [
        -7.53,
        33.47
    ],
    "Mechrá Belqsiri": [
        -5.95372,
        34.57396
    ],
    "Matmata": [
        -4.55219,
        34.09914
    ],
    "Martil": [
        -5.27522,
        35.61662
    ],
    "Marrakesh": [
        -7.99994,
        31.63416
    ],
    "Madagh": [
        -2.33701,
        35.01032
    ],
    "Ifrane": [
        -5.11019,
        33.52666
    ],
    "Larache": [
        -6.15572,
        35.19321
    ],
    "Lalla Mimouna": [
        -6.06645,
        34.84606
    ],
    "Ksar el Kebir": [
        -5.90534,
        35.00174
    ],
    "Khouribga": [
        -6.9063,
        32.88108
    ],
    "Khenifra": [
        -5.6686,
        32.9391
    ],
    "Kerrouchen": [
        -5.3188,
        32.79639
    ],
    "Kenitra": [
        -6.5802,
        34.26101
    ],
    "Kasba Tadla": [
        -6.26844,
        32.5977
    ],
    "Kariat Arkmane": [
        -2.74693,
        35.1071
    ],
    "Karia Ba Mohamed": [
        -5.2138,
        34.37094
    ],
    "Jorf": [
        -4.40598,
        31.49442
    ],
    "Jerada": [
        -2.16,
        34.31
    ],
    "Itzer": [
        -5.0515,
        32.8783
    ],
    "Isseksi": [
        -6.27661,
        32.22981
    ],
    "Inezgane": [
        -9.53639,
        30.35535
    ],
    "Imzoûrene": [
        -3.86,
        35.15
    ],
    "Imider": [
        -5.79384,
        31.37324
    ],
    "Imilchil": [
        -5.62453,
        32.15309
    ],
    "Iguidi": [
        -7.90294,
        30.83826
    ],
    "Hassi Berkane": [
        -2.86699,
        34.83898
    ],
    "Zerkten": [
        -7.39224,
        31.4447
    ],
    "Had Kourt": [
        -5.7404,
        34.61588
    ],
    "Oulad Frej": [
        -8.2274,
        32.95956
    ],
    "Guisser": [
        -7.49818,
        32.76645
    ],
    "Guercif": [
        -3.35361,
        34.22568
    ],
    "Guenfouda": [
        -2.04562,
        34.48361
    ],
    "Guelmim": [
        -10.05738,
        28.98696
    ],
    "Goulmima": [
        -4.95256,
        31.69227
    ],
    "Galaz": [
        -4.80355,
        34.54424
    ],
    "Fkih Ben Salah": [
        -6.69062,
        32.50093
    ],
    "Figuig (Centre)": [
        -1.22855,
        32.10891
    ],
    "Fifi": [
        -5.24798,
        34.94873
    ],
    "Fezna": [
        -4.45562,
        31.52921
    ],
    "Fès": [
        -4.9998,
        34.03715
    ],
    "Ezzhiliga": [
        -6.53,
        33.3
    ],
    "Essaouira": [
        -9.77,
        31.5125
    ],
    "El Ksiba": [
        -6.01947,
        32.57286
    ],
    "El Jadida": [
        -8.50602,
        33.25492
    ],
    "El Hajeb": [
        -5.371,
        33.68786
    ],
    "Ouaoula": [
        -6.75,
        31.87
    ],
    "El Aïoun": [
        -2.50612,
        34.58319
    ],
    "Derdara": [
        -5.29015,
        35.11041
    ],
    "Demnate": [
        -7.00505,
        31.73443
    ],
    "Debdou": [
        -3.04263,
        33.98228
    ],
    "Riah": [
        -7.37504,
        33.15122
    ],
    "Dar Ould Zidouh": [
        -6.90494,
        32.31247
    ],
    "Dar Bouazza": [
        -7.81677,
        33.51535
    ],
    "Dar Chaoui": [
        -5.71742,
        35.5377
    ],
    "Chichaoua": [
        -8.76274,
        31.54351
    ],
    "Chefchaouene": [
        -5.2636,
        35.16878
    ],
    "Casablanca": [
        -7.61138,
        33.58831
    ],
    "Bzou": [
        -7.04786,
        32.09171
    ],
    "Brikcha": [
        -5.57295,
        34.96732
    ],
    "Bouznika": [
        -7.15968,
        33.78942
    ],
    "Bouskoura": [
        -7.65239,
        33.44976
    ],
    "Boumia": [
        -5.1025,
        32.7236
    ],
    "Boulemane": [
        -4.72896,
        33.36376
    ],
    "Boulaouane": [
        -8.05555,
        32.85995
    ],
    "Boudinar": [
        -3.62358,
        35.15601
    ],
    "Bouarfa": [
        -1.96209,
        32.53379
    ],
    "Bouabout": [
        -9.17865,
        31.26554
    ],
    "Bigoudine": [
        -9.21097,
        30.72376
    ],
    "Bhalil": [
        -4.87228,
        33.85194
    ],
    "Berkane": [
        -2.32,
        34.92
    ],
    "Beni Mellal": [
        -6.34984,
        32.33725
    ],
    "Berrechid": [
        -7.58754,
        33.26553
    ],
    "Bab Taza": [
        -5.19828,
        35.06166
    ],
    "Azrou": [
        -5.22126,
        33.43443
    ],
    "Azilal": [
        -6.57109,
        31.96156
    ],
    "Azgour": [
        -8.31488,
        31.13753
    ],
    "Azemmour": [
        -8.3425,
        33.28952
    ],
    "Assoul": [
        -5.20812,
        31.95286
    ],
    "Assads": [
        -8.86,
        30.23
    ],
    "Asilah": [
        -6.03415,
        35.46522
    ],
    "Argana": [
        -9.11968,
        30.7825
    ],
    "Arbaoua": [
        -5.94871,
        34.90239
    ],
    "Arazane": [
        -8.60637,
        30.50346
    ],
    "Aourir": [
        -9.6355,
        30.49238
    ],
    "Aoulouz": [
        -8.18087,
        30.67307
    ],
    "Aoufous": [
        -4.17,
        31.68
    ],
    "Amouguer": [
        -4.93535,
        32.27491
    ],
    "Amizmiz": [
        -8.23184,
        31.21673
    ],
    "Amerzgane": [
        -7.21037,
        31.0437
    ],
    "Amersid": [
        -4.47063,
        32.74983
    ],
    "Amalou": [
        -8.74873,
        30.19153
    ],
    "Alnif": [
        -5.17154,
        31.11411
    ],
    "Almis Marmoucha": [
        -4.18,
        33.32
    ],
    "Khemisset": [
        -6.06627,
        33.82404
    ],
    "Al Hoceïma": [
        -3.93723,
        35.25165
    ],
    "Aknoul": [
        -3.86754,
        34.65371
    ],
    "Ajdir": [
        -3.97582,
        34.74347
    ],
    "Anergui": [
        -5.93961,
        32.06914
    ],
    "Ahfir": [
        -2.10027,
        34.95368
    ],
    "Aguelmous": [
        -5.83,
        33.15
    ],
    "Agdz": [
        -6.44628,
        30.69356
    ],
    "Agadir Melloul": [
        -7.79601,
        30.22492
    ],
    "Agadir": [
        -9.59815,
        30.42018
    ],
    "Adassil": [
        -8.49083,
        31.10783
    ],
    "Adar": [
        -8.37221,
        30.14111
    ],
    "Skhirat": [
        -7.04037,
        33.84984
    ],
    "Abadou": [
        -7.31308,
        31.57917
    ],
    "Mellila": [
        -7.14,
        33.38
    ],
    "Tidili Mesfioua": [
        -7.61199,
        31.46586
    ],
    "Mhamid": [
        -5.72,
        29.82
    ],
    "Taghazout": [
        -9.71115,
        30.54259
    ],
    "Tamri": [
        -9.82972,
        30.69602
    ],
    "Smimou": [
        -9.70864,
        31.21014
    ],
    "Tizgane": [
        -5.06836,
        35.41211
    ],
    "Bouarouss": [
        -4.81,
        34.36
    ],
    "Azla": [
        -5.24472,
        35.55303
    ],
    "Boukhalef": [
        -5.89954,
        35.7328
    ],
    "Jebel Tiskaouine": [
        -5.11643,
        31.02722
    ],
    "Boujniba": [
        -6.77464,
        32.90046
    ],
    "Errachidia": [
        -4.42852,
        31.92754
    ],
    "Sidi Abdallah Ghiat": [
        -7.833,
        31.523
    ],
    "Dakhla": [
        -9.55572,
        30.41071
    ]
}