{
    "Vuorea": [
        31.11066,
        70.37048
    ],
    "Vuonnabahta": [
        28.55598,
        70.17278
    ],
    "Vadsø": [
        29.74872,
        70.07436
    ],
    "Storslett": [
        21.02466,
        69.76783
    ],
    "Skjervøy": [
        20.97141,
        70.03114
    ],
    "Olderdalen": [
        20.53272,
        69.60407
    ],
    "Øksfjord": [
        22.34786,
        70.23957
    ],
    "Mehamn": [
        27.84917,
        71.0357
    ],
    "Lyngseidet": [
        20.21887,
        69.57629
    ],
    "Lakselv": [
        24.97182,
        70.05133
    ],
    "Kvalsund": [
        23.97974,
        70.50271
    ],
    "Kjøllefjord": [
        27.3465,
        70.94574
    ],
    "Kirkenes": [
        30.04578,
        69.72706
    ],
    "Kautokeino": [
        23.04116,
        69.01247
    ],
    "Kárášjohka": [
        25.51122,
        69.47187
    ],
    "Honningsvåg": [
        25.97037,
        70.98209
    ],
    "Ávanuorri": [
        24.66217,
        70.99634
    ],
    "Hammerfest": [
        23.68209,
        70.66336
    ],
    "Burfjord": [
        22.05205,
        69.93804
    ],
    "Bjørnevatn": [
        29.98722,
        69.66745
    ],
    "Berlevåg": [
        29.08636,
        70.85778
    ],
    "Båtsfjord": [
        29.71848,
        70.63445
    ],
    "Alta": [
        23.27165,
        69.96887
    ],
    "Rypefjord": [
        23.67212,
        70.64126
    ],
    "Strai": [
        7.92826,
        58.1893
    ],
    "Skålevik": [
        8.01602,
        58.07955
    ],
    "Ytre Arna": [
        5.43265,
        60.46175
    ],
    "Vossevangen": [
        6.42286,
        60.62296
    ],
    "Volda": [
        6.07408,
        62.14762
    ],
    "Vinstra": [
        9.75232,
        61.59515
    ],
    "Vikøyri": [
        6.5797,
        61.08794
    ],
    "Vikeså": [
        6.09133,
        58.63759
    ],
    "Vikersund": [
        9.99501,
        59.96592
    ],
    "Vik": [
        10.28116,
        60.07734
    ],
    "Vigrestad": [
        5.68182,
        58.57103
    ],
    "Vigeland": [
        7.30497,
        58.08437
    ],
    "Vevelstad": [
        12.43706,
        65.6978
    ],
    "Vestbygd": [
        6.58696,
        58.09991
    ],
    "Vestby": [
        10.74668,
        59.60237
    ],
    "Verdal": [
        11.4817,
        63.79332
    ],
    "Vennesla": [
        7.97413,
        58.26936
    ],
    "Vatne": [
        6.61708,
        62.55826
    ],
    "Varhaug": [
        5.64571,
        58.61471
    ],
    "Vanse": [
        6.69184,
        58.09812
    ],
    "Vangsvika": [
        17.73416,
        69.17057
    ],
    "Valle": [
        7.53559,
        59.21259
    ],
    "Valldal": [
        7.26374,
        62.29782
    ],
    "Våler": [
        11.83314,
        60.67845
    ],
    "Vågåmo": [
        9.09671,
        61.87505
    ],
    "Utsira": [
        4.8862,
        59.3057
    ],
    "Ulvik": [
        6.91701,
        60.57117
    ],
    "Ulsteinvik": [
        5.84869,
        62.34317
    ],
    "Ulefoss": [
        9.26459,
        59.28382
    ],
    "Uggdal": [
        5.52876,
        60.00402
    ],
    "Tysvær": [
        5.48981,
        59.33204
    ],
    "Tysse": [
        5.75952,
        60.37404
    ],
    "Tynset": [
        10.78241,
        62.27594
    ],
    "Tveit": [
        8.12199,
        58.23366
    ],
    "Tvedestrand": [
        8.93147,
        58.62203
    ],
    "Innbygda": [
        12.26374,
        61.31484
    ],
    "Trondheim": [
        10.39506,
        63.43049
    ],
    "Tromsø": [
        18.95508,
        69.6489
    ],
    "Trofors": [
        13.40631,
        65.53335
    ],
    "Treungen": [
        8.52375,
        59.02154
    ],
    "Tretten": [
        10.30066,
        61.31423
    ],
    "Tranby": [
        10.26114,
        59.8085
    ],
    "Tonstad": [
        6.71694,
        58.66263
    ],
    "Tønsberg": [
        10.40762,
        59.26754
    ],
    "Tomter": [
        11.00002,
        59.66039
    ],
    "Tomra": [
        6.93106,
        62.58118
    ],
    "Tolga": [
        10.99883,
        62.40898
    ],
    "Tofte": [
        10.56138,
        59.54275
    ],
    "Tjøme": [
        10.3933,
        59.1109
    ],
    "Tjeldstø": [
        4.84421,
        60.59861
    ],
    "Tingvatn": [
        7.2197,
        58.3757
    ],
    "Terråk": [
        12.37148,
        65.087
    ],
    "Tau": [
        5.9225,
        59.06481
    ],
    "Tangvall": [
        7.81455,
        58.09692
    ],
    "Tananger": [
        5.5741,
        58.93618
    ],
    "Syfteland": [
        5.45285,
        60.23803
    ],
    "Svolvær": [
        14.56834,
        68.23417
    ],
    "Svelvik": [
        10.40872,
        59.6137
    ],
    "Svelgen": [
        5.29548,
        61.76852
    ],
    "Sveio": [
        5.35178,
        59.5419
    ],
    "Sunndalsøra": [
        8.55153,
        62.67545
    ],
    "Stryn": [
        6.72264,
        61.90448
    ],
    "Straumen": [
        11.29989,
        63.87086
    ],
    "Straume": [
        5.12415,
        60.3571
    ],
    "Stranda": [
        6.93582,
        62.30964
    ],
    "Storsteinnes": [
        19.23437,
        69.24081
    ],
    "Storebø": [
        5.22705,
        60.09485
    ],
    "Stokmarknes": [
        14.91075,
        68.56462
    ],
    "Stokke": [
        10.30033,
        59.22358
    ],
    "Stjørdalshalsen": [
        10.92618,
        63.4681
    ],
    "Steinshamn": [
        6.46975,
        62.78327
    ],
    "Steinkjer": [
        11.49537,
        64.01487
    ],
    "Stavern": [
        10.03333,
        59
    ],
    "Stavanger": [
        5.73332,
        58.97005
    ],
    "Stange": [
        11.19417,
        60.71803
    ],
    "Spydeberg": [
        11.08559,
        59.61709
    ],
    "Spetalen": [
        11.9,
        60.18333
    ],
    "Sørumsand": [
        11.23981,
        59.98509
    ],
    "Sortland": [
        15.40498,
        68.69569
    ],
    "Sørland": [
        12.69343,
        67.66696
    ],
    "Sola": [
        5.65285,
        58.88854
    ],
    "Søgne": [
        7.78294,
        58.09328
    ],
    "Sogndalsfjøra": [
        7.10178,
        61.22575
    ],
    "Snåase": [
        12.37779,
        64.2457
    ],
    "Slemmestad": [
        10.49883,
        59.78036
    ],
    "Skui": [
        10.4475,
        59.92746
    ],
    "Skudeneshavn": [
        5.25687,
        59.14856
    ],
    "Skreia": [
        10.93564,
        60.65257
    ],
    "Skotterud": [
        12.12825,
        59.98281
    ],
    "Skoppum": [
        10.41078,
        59.38613
    ],
    "Skogn": [
        11.19262,
        63.70374
    ],
    "Skoger": [
        10.25356,
        59.71327
    ],
    "Skodje": [
        6.70343,
        62.50206
    ],
    "Skjeberg": [
        11.19025,
        59.21148
    ],
    "Skjærhalden": [
        11.03685,
        59.02526
    ],
    "Skien": [
        9.60897,
        59.20962
    ],
    "Ski": [
        10.83576,
        59.71949
    ],
    "Skaun": [
        10.05236,
        63.25149
    ],
    "Skarnes": [
        11.67974,
        60.25284
    ],
    "Skaland": [
        17.29832,
        69.44456
    ],
    "Sjøvegan": [
        17.84744,
        68.87262
    ],
    "Skjønhaug": [
        11.31591,
        59.64069
    ],
    "Sjøholt": [
        6.81062,
        62.48371
    ],
    "Sistranda": [
        8.83402,
        63.72555
    ],
    "Siljan": [
        9.71,
        59.28843
    ],
    "Setermoen": [
        18.34857,
        68.86099
    ],
    "Sem": [
        10.33004,
        59.2823
    ],
    "Selvik": [
        10.26004,
        59.56645
    ],
    "Seljord": [
        8.63403,
        59.4894
    ],
    "Selje": [
        5.35096,
        62.04591
    ],
    "Sauda": [
        6.35415,
        59.65059
    ],
    "Sarpsborg": [
        11.10962,
        59.28391
    ],
    "Sandvika": [
        10.52774,
        59.89073
    ],
    "Sandnessjøen": [
        12.63158,
        66.02166
    ],
    "Sandnes": [
        5.73521,
        58.85244
    ],
    "Sandefjord": [
        10.21665,
        59.13118
    ],
    "Sande": [
        10.20809,
        59.58679
    ],
    "Sandane": [
        6.21496,
        61.77277
    ],
    "Sand": [
        6.25353,
        59.48532
    ],
    "Sagvåg": [
        5.38996,
        59.78139
    ],
    "Sætre": [
        10.52749,
        59.68129
    ],
    "Rygge": [
        10.75142,
        59.38173
    ],
    "Rubbestadneset": [
        5.26822,
        59.81559
    ],
    "Røyrvik": [
        13.56219,
        64.88733
    ],
    "Røyken": [
        10.39521,
        59.74743
    ],
    "Rotnes": [
        10.86135,
        60.05707
    ],
    "Røst": [
        12.1176,
        67.51754
    ],
    "Rosendal": [
        6.01348,
        59.98669
    ],
    "Rørvik": [
        11.23734,
        64.86208
    ],
    "Røros": [
        11.3842,
        62.57468
    ],
    "Rollag": [
        9.29644,
        59.98431
    ],
    "Rognan": [
        15.38778,
        67.09528
    ],
    "Roa": [
        10.61585,
        60.29093
    ],
    "Rjukan": [
        8.59411,
        59.87891
    ],
    "Risør": [
        9.23422,
        58.72057
    ],
    "Ringebu": [
        10.16667,
        61.51667
    ],
    "Rindal": [
        9.21239,
        63.0565
    ],
    "Rena": [
        11.36409,
        61.13484
    ],
    "Reinsvoll": [
        10.62175,
        60.67977
    ],
    "Rensvik": [
        7.82026,
        63.09843
    ],
    "Reine": [
        13.08955,
        67.93249
    ],
    "Raufoss": [
        10.61718,
        60.72638
    ],
    "Ranemsletta": [
        11.94912,
        64.49447
    ],
    "Randaberg": [
        5.61871,
        58.99955
    ],
    "Ramberg": [
        13.23177,
        68.08902
    ],
    "Rakkestad": [
        11.34535,
        59.42513
    ],
    "Råholt": [
        11.17901,
        60.27513
    ],
    "Prestfoss": [
        9.63022,
        60.04223
    ],
    "Prestestranda": [
        9.05866,
        59.09773
    ],
    "Porsgrunn": [
        9.6561,
        59.14054
    ],
    "Øystese": [
        6.19251,
        60.38825
    ],
    "Farnes": [
        7.79694,
        61.3085
    ],
    "Otta": [
        9.53529,
        61.7712
    ],
    "Osøyro": [
        5.4638,
        60.18385
    ],
    "Oslo": [
        10.74609,
        59.91273
    ],
    "Os": [
        11.22326,
        62.49647
    ],
    "Ørnes": [
        13.7078,
        66.8689
    ],
    "Orkanger": [
        9.85352,
        63.31223
    ],
    "Ørje": [
        11.66016,
        59.48023
    ],
    "Oppdal": [
        9.6912,
        62.59431
    ],
    "Ølen": [
        5.80799,
        59.60437
    ],
    "Odda": [
        6.54565,
        60.06912
    ],
    "Notodden": [
        9.25853,
        59.55936
    ],
    "Norheimsund": [
        6.14562,
        60.37089
    ],
    "Noresund": [
        9.62312,
        60.18032
    ],
    "Nordfjordeid": [
        5.99154,
        61.90626
    ],
    "Nodeland": [
        7.83576,
        58.15517
    ],
    "Nesna": [
        13.02133,
        66.19672
    ],
    "Nesbyen": [
        9.10274,
        60.56809
    ],
    "Naustdal": [
        5.71675,
        61.50896
    ],
    "Narvik": [
        17.4272,
        68.43838
    ],
    "Namsskogan": [
        13.15954,
        64.92886
    ],
    "Namsos": [
        11.49572,
        64.46624
    ],
    "Nærbø": [
        5.63788,
        58.66546
    ],
    "Mysen": [
        11.32578,
        59.55354
    ],
    "Myre": [
        15.07616,
        68.91391
    ],
    "Myra": [
        8.86,
        58.74666
    ],
    "Mosterhamn": [
        5.38585,
        59.69919
    ],
    "Moss": [
        10.65771,
        59.43403
    ],
    "Mosjøen": [
        13.19076,
        65.83599
    ],
    "Moldjord": [
        14.5743,
        67.00601
    ],
    "Molde": [
        7.15912,
        62.73752
    ],
    "Moland": [
        8.0895,
        59.1865
    ],
    "Mo i Rana": [
        14.14278,
        66.31278
    ],
    "Moi": [
        6.55184,
        58.45674
    ],
    "Moen": [
        18.61226,
        69.13043
    ],
    "Moelv": [
        10.7,
        60.93333
    ],
    "Mo": [
        5.80575,
        60.81625
    ],
    "Mjøndalen": [
        10.01891,
        59.74631
    ],
    "Midsund": [
        6.67498,
        62.67278
    ],
    "Meråker": [
        11.74298,
        63.41406
    ],
    "Melsomvik": [
        10.33616,
        59.22394
    ],
    "Melhus": [
        10.27806,
        63.28555
    ],
    "Melbu": [
        14.79962,
        68.50246
    ],
    "Maura": [
        11.03192,
        60.2583
    ],
    "Masfjorden": [
        5.30418,
        60.79887
    ],
    "Manger": [
        5.04136,
        60.64145
    ],
    "Mandal": [
        7.45342,
        58.0274
    ],
    "Malvik": [
        10.68333,
        63.43333
    ],
    "Måløy": [
        5.11362,
        61.93535
    ],
    "Malm": [
        11.21716,
        64.07214
    ],
    "Lysaker": [
        10.63545,
        59.90994
    ],
    "Lyngdal": [
        7.07002,
        58.1376
    ],
    "Lunde": [
        9.13333,
        59.31667
    ],
    "Lundamo": [
        10.28555,
        63.15216
    ],
    "Løten": [
        11.33756,
        60.81712
    ],
    "Løpsmarka": [
        14.44934,
        67.31343
    ],
    "Lonevåg": [
        5.49365,
        60.52619
    ],
    "Fossbergom": [
        8.56842,
        61.83773
    ],
    "Lødingen": [
        15.99512,
        68.41399
    ],
    "Løding": [
        14.73852,
        67.30055
    ],
    "Lindås": [
        5.16102,
        60.73639
    ],
    "Lillestrøm": [
        11.04918,
        59.95597
    ],
    "Lillesand": [
        8.3778,
        58.24879
    ],
    "Lillehammer": [
        10.46628,
        61.11514
    ],
    "Liknes": [
        6.95837,
        58.31919
    ],
    "Levanger": [
        11.29963,
        63.74644
    ],
    "Lervik": [
        10.7461,
        59.27119
    ],
    "Lensvik": [
        9.80611,
        63.51389
    ],
    "Lena": [
        10.81325,
        60.67467
    ],
    "Leland": [
        12.94584,
        66.06381
    ],
    "Leirvik": [
        5.50051,
        59.77977
    ],
    "Leirsund": [
        11.08746,
        59.99682
    ],
    "Lauvsnes": [
        10.89396,
        64.50061
    ],
    "Larvik": [
        10.03517,
        59.05328
    ],
    "Larsnes": [
        5.57729,
        62.20282
    ],
    "Larkollen": [
        10.66688,
        59.33196
    ],
    "Langevåg": [
        6.18915,
        62.43745
    ],
    "Langesund": [
        9.74876,
        59.00071
    ],
    "Lærdalsøyri": [
        7.48158,
        61.09805
    ],
    "Kyrksæterøra": [
        9.08909,
        63.29057
    ],
    "Kviteseid": [
        8.49267,
        59.40223
    ],
    "Krokstadøra": [
        9.50062,
        63.40099
    ],
    "Kristiansund": [
        7.72795,
        63.11045
    ],
    "Kristiansand": [
        7.9956,
        58.14671
    ],
    "Kragerø": [
        9.41494,
        58.8693
    ],
    "Korgen": [
        13.81531,
        66.07713
    ],
    "Koppang": [
        11.05548,
        61.57065
    ],
    "Kopervik": [
        5.30669,
        59.28354
    ],
    "Konsmo": [
        7.35598,
        58.28529
    ],
    "Kongsvinger": [
        11.99772,
        60.19049
    ],
    "Kongsberg": [
        9.65017,
        59.66858
    ],
    "Kolvereid": [
        11.60465,
        64.86549
    ],
    "Kolbotn": [
        10.80389,
        59.81056
    ],
    "Knarvik": [
        5.28208,
        60.5453
    ],
    "Knappstad": [
        11.05,
        59.63333
    ],
    "Knappskog": [
        5.05602,
        60.37906
    ],
    "Kløfta": [
        11.13805,
        60.07407
    ],
    "Kleppestø": [
        5.2276,
        60.40844
    ],
    "Kjøpsvik": [
        16.37416,
        68.09696
    ],
    "Kirkenær": [
        12.05821,
        60.45643
    ],
    "Karlshus": [
        10.87226,
        59.35195
    ],
    "Kabelvåg": [
        14.47554,
        68.21066
    ],
    "Judaberg": [
        5.87315,
        59.16585
    ],
    "Jørpeland": [
        6.04078,
        59.02251
    ],
    "Jondal": [
        6.25229,
        60.27561
    ],
    "Jevnaker": [
        10.38503,
        60.24143
    ],
    "Jessheim": [
        11.17515,
        60.14151
    ],
    "Jaren": [
        10.56155,
        60.39273
    ],
    "Isdalstø": [
        5.26942,
        60.55519
    ],
    "Inndyr": [
        14.02757,
        67.0338
    ],
    "Hyllestad": [
        5.29603,
        61.17109
    ],
    "Hylkje": [
        5.35444,
        60.51028
    ],
    "Hvittingfoss": [
        10.01173,
        59.48572
    ],
    "Hundorp": [
        9.94069,
        61.55523
    ],
    "Høyanger": [
        6.07494,
        61.22036
    ],
    "Hovden": [
        7.35676,
        59.56027
    ],
    "Hov": [
        10.35193,
        60.6987
    ],
    "Horten": [
        10.48343,
        59.41721
    ],
    "Hopen": [
        8.0139,
        63.46344
    ],
    "Hønefoss": [
        10.25647,
        60.16804
    ],
    "Hommelvik": [
        10.79424,
        63.41083
    ],
    "Holmestrand": [
        10.31761,
        59.48761
    ],
    "Hol": [
        8.29398,
        60.61511
    ],
    "Hokksund": [
        9.90987,
        59.77077
    ],
    "Hjelset": [
        7.49277,
        62.7805
    ],
    "Hjelmeland": [
        6.18333,
        59.23333
    ],
    "Herre": [
        9.56195,
        59.10351
    ],
    "Hermansverk": [
        6.85016,
        61.18461
    ],
    "Hemsedal": [
        8.55337,
        60.86293
    ],
    "Hemnesberget": [
        13.62476,
        66.22405
    ],
    "Heggenes": [
        9.06942,
        61.14383
    ],
    "Hauknes": [
        14.06667,
        66.28333
    ],
    "Haugesund": [
        5.268,
        59.41378
    ],
    "Hauge i Dalane": [
        6.28121,
        58.34361
    ],
    "Harstad": [
        16.54165,
        68.79833
    ],
    "Hareid": [
        6.02634,
        62.37136
    ],
    "Hardbakke": [
        4.84111,
        61.07562
    ],
    "Hansnes": [
        19.61862,
        69.96237
    ],
    "Hamnvik": [
        17.17457,
        68.77831
    ],
    "Hamar": [
        11.06798,
        60.7945
    ],
    "Halden": [
        11.38754,
        59.12478
    ],
    "Hagavik": [
        5.40146,
        60.18076
    ],
    "Gvarv": [
        9.1737,
        59.38746
    ],
    "Gullhaug": [
        10.25224,
        59.5013
    ],
    "Gryllefjord": [
        17.05284,
        69.36304
    ],
    "Grua": [
        10.66222,
        60.25701
    ],
    "Grong": [
        12.31491,
        64.46543
    ],
    "Grimstad": [
        8.59343,
        58.3405
    ],
    "Gravdal": [
        13.55339,
        68.11832
    ],
    "Granvin": [
        6.7194,
        60.52408
    ],
    "Gol": [
        8.94572,
        60.7014
    ],
    "Glomfjord": [
        13.94404,
        66.81663
    ],
    "Gladstad": [
        11.96137,
        65.67732
    ],
    "Justvik": [
        8.03333,
        58.2
    ],
    "Gjøvik": [
        10.69155,
        60.79574
    ],
    "Gjerstad": [
        9.01861,
        58.88083
    ],
    "Gjerdrum": [
        11.1,
        60.08333
    ],
    "Geilo": [
        8.20765,
        60.53331
    ],
    "Frogner": [
        11.10284,
        60.02463
    ],
    "Frekhaug": [
        5.24351,
        60.51392
    ],
    "Fredrikstad": [
        10.9298,
        59.2181
    ],
    "Fossby": [
        11.69928,
        59.22218
    ],
    "Fosnavåg": [
        5.63396,
        62.34194
    ],
    "Førde": [
        5.85717,
        61.45217
    ],
    "Folldal": [
        9.9968,
        62.13246
    ],
    "Florø": [
        5.0328,
        61.59957
    ],
    "Flekkefjord": [
        6.66069,
        58.29705
    ],
    "Flateby": [
        11.15345,
        59.82951
    ],
    "Flå": [
        9.46197,
        60.43021
    ],
    "Fitjar": [
        5.3192,
        59.91845
    ],
    "Finnsnes": [
        17.98114,
        69.22959
    ],
    "Fillan": [
        8.96961,
        63.60638
    ],
    "Fevik": [
        8.67658,
        58.37938
    ],
    "Fetsund": [
        11.16247,
        59.92898
    ],
    "Fedje": [
        4.71485,
        60.7789
    ],
    "Fauske": [
        15.39181,
        67.25883
    ],
    "Farsund": [
        6.80468,
        58.09479
    ],
    "Fagerstrand": [
        10.59404,
        59.73746
    ],
    "Fagernes": [
        9.23236,
        60.98584
    ],
    "Evjen": [
        13.73333,
        68.26667
    ],
    "Evje": [
        7.80861,
        58.58521
    ],
    "Evenskjer": [
        16.57546,
        68.58491
    ],
    "Etnesjøen": [
        5.93264,
        59.66477
    ],
    "Espeland": [
        5.46667,
        60.38333
    ],
    "Elverum": [
        11.56231,
        60.88191
    ],
    "Eivinvik": [
        5.07362,
        60.98138
    ],
    "Eikelandsosen": [
        5.74602,
        60.24302
    ],
    "Eike": [
        5.36389,
        59.39833
    ],
    "Eidsvoll": [
        11.26161,
        60.33046
    ],
    "Eidsvåg": [
        8.06681,
        62.7767
    ],
    "Eidfjord": [
        7.07193,
        60.4675
    ],
    "Eide": [
        7.44669,
        62.91735
    ],
    "Egersund": [
        5.9997,
        58.45133
    ],
    "Drøbak": [
        10.62975,
        59.66333
    ],
    "Drammen": [
        10.20449,
        59.74389
    ],
    "Dovre": [
        9.25399,
        61.98439
    ],
    "Dombås": [
        9.12346,
        62.06965
    ],
    "Dokka": [
        10.0618,
        60.84001
    ],
    "Dalen": [
        8.01168,
        59.44474
    ],
    "Dale": [
        5.82164,
        60.58962
    ],
    "Bygland": [
        7.79616,
        58.8285
    ],
    "Bryne": [
        5.64766,
        58.73536
    ],
    "Brumunddal": [
        10.93948,
        60.88095
    ],
    "Bruflat": [
        9.64143,
        60.88781
    ],
    "Brønnøysund": [
        12.19973,
        65.4625
    ],
    "Svortland": [
        5.1853,
        59.79429
    ],
    "Brekstad": [
        9.66541,
        63.68697
    ],
    "Brattvåg": [
        6.44339,
        62.60015
    ],
    "Botngård": [
        9.81113,
        63.76532
    ],
    "Borkenes": [
        16.17391,
        68.77396
    ],
    "Ránda": [
        16.9928,
        68.52647
    ],
    "Bodø": [
        14.40501,
        67.28
    ],
    "Bø": [
        9.0693,
        59.41299
    ],
    "Blakstad": [
        8.64648,
        58.5046
    ],
    "Bjørkelangen": [
        11.56942,
        59.88478
    ],
    "Bjerkvik": [
        17.55709,
        68.54917
    ],
    "Birkeland": [
        8.23229,
        58.33091
    ],
    "Berkåk": [
        10.01177,
        62.82496
    ],
    "Berger": [
        10.38641,
        59.54994
    ],
    "Bergen": [
        5.32415,
        60.39299
    ],
    "Batnfjordsøra": [
        7.6818,
        62.89271
    ],
    "Barkåker": [
        10.38963,
        59.31859
    ],
    "Ballangen": [
        16.83145,
        68.34283
    ],
    "Balestrand": [
        6.5334,
        61.20757
    ],
    "Bagn": [
        9.55207,
        60.82249
    ],
    "Austrheim": [
        4.9323,
        60.7774
    ],
    "Aursmoen": [
        11.44275,
        59.92763
    ],
    "Aure": [
        8.53133,
        63.26779
    ],
    "Auli": [
        11.36046,
        60.0345
    ],
    "Askim": [
        11.16286,
        59.58326
    ],
    "Asker": [
        10.43721,
        59.83333
    ],
    "Ask": [
        11.03452,
        60.07166
    ],
    "Åsgårdstrand": [
        10.4675,
        59.34889
    ],
    "Ås": [
        10.79465,
        59.66472
    ],
    "Årstein": [
        17.54224,
        68.69033
    ],
    "Åros": [
        10.51092,
        59.7061
    ],
    "Årnes": [
        11.46634,
        60.12105
    ],
    "Indre Arna": [
        5.47087,
        60.41768
    ],
    "Arendal": [
        8.77253,
        58.46151
    ],
    "Årdalstangen": [
        7.69834,
        61.23711
    ],
    "Åneby": [
        10.86998,
        60.08926
    ],
    "Andenes": [
        16.11939,
        69.31428
    ],
    "Åndalsnes": [
        7.68709,
        62.56749
    ],
    "Åmot": [
        7.98774,
        59.57136
    ],
    "Åmli": [
        8.48651,
        58.76845
    ],
    "Alvdal": [
        10.63073,
        62.10766
    ],
    "Ålgård": [
        5.85253,
        58.76417
    ],
    "Ålesund": [
        6.15492,
        62.47225
    ],
    "Ålen": [
        11.3013,
        62.84185
    ],
    "Ål": [
        8.56279,
        60.62821
    ],
    "Åkrehamn": [
        5.18689,
        59.26053
    ],
    "Ågotnes": [
        5.01927,
        60.40306
    ],
    "As": [
        10.2,
        63.96667
    ],
    "Vormedal": [
        5.31962,
        59.35607
    ],
    "Tingvoll": [
        8.20526,
        62.91318
    ],
    "Hommersåk": [
        5.85104,
        58.92556
    ],
    "Vikevåg": [
        5.69694,
        59.09758
    ],
    "Årøysund": [
        10.45742,
        59.18321
    ],
    "Nesoddtangen": [
        10.6594,
        59.86553
    ],
    "Askøy": [
        5.18333,
        60.4
    ],
    "Ørsta": [
        6.12722,
        62.2029
    ],
    "Ryggebyen": [
        10.75,
        59.375
    ],
    "Vedavågen": [
        5.21782,
        59.29425
    ],
    "Vestnes": [
        7.08838,
        62.62644
    ],
    "Fjellfoten": [
        11.47222,
        60.08967
    ],
    "Neskollen": [
        11.33926,
        60.12159
    ],
    "Kinsarvik": [
        6.72247,
        60.37568
    ],
    "Sjølyststranda": [
        10.68017,
        59.92105
    ],
    "Skei": [
        6.48164,
        61.57194
    ],
    "Ytrebygda": [
        5.28236,
        60.30504
    ],
    "Sandsli": [
        5.28554,
        60.30323
    ],
    "Stjørdal": [
        10.91776,
        63.46803
    ],
    "Frosta": [
        10.7423,
        63.5891
    ],
    "Sogndal": [
        7.10026,
        61.22829
    ],
    "Rømskog": [
        11.8112,
        59.7497
    ],
    "Meieribyen": [
        11.16083,
        59.47453
    ],
    "Kirkebygda": [
        11.14492,
        59.76452
    ],
    "Elvestad": [
        10.9508,
        59.62401
    ],
    "Forsand": [
        6.1048,
        58.9033
    ],
    "Fjerdingby": [
        11.06527,
        59.92626
    ],
    "Kjenn": [
        10.95373,
        59.93098
    ],
    "Teigebyen": [
        11.01867,
        60.22155
    ],
    "Hurdal": [
        11.06707,
        60.43518
    ],
    "Flisa": [
        12.01543,
        60.60922
    ],
    "Bergset": [
        11.07799,
        61.88926
    ],
    "Engerdal": [
        11.95985,
        61.75832
    ],
    "Lesja": [
        8.86424,
        62.11837
    ],
    "Bismo": [
        8.26914,
        61.88387
    ],
    "Vålebrua": [
        10.13889,
        61.52965
    ],
    "Segalstad bru": [
        10.22255,
        61.22819
    ],
    "Slidre": [
        8.98141,
        61.08802
    ],
    "Vang": [
        8.5729,
        61.12529
    ],
    "Trøim": [
        8.56537,
        60.86114
    ],
    "Lierbyen": [
        10.24561,
        59.7873
    ],
    "Lampeland": [
        9.57912,
        59.83486
    ],
    "Rødberg": [
        8.94721,
        60.26722
    ],
    "Hof": [
        10.09032,
        59.53013
    ],
    "Revetal": [
        10.26308,
        59.3724
    ],
    "Andebu": [
        10.17653,
        59.30592
    ],
    "Borgheim": [
        10.40785,
        59.22716
    ],
    "Svarstad": [
        9.96985,
        59.399
    ],
    "Sauland": [
        8.93755,
        59.6161
    ],
    "Birketveit": [
        7.91692,
        58.45909
    ],
    "Helland": [
        7.52513,
        58.18875
    ],
    "Kyrkjebygda": [
        7.41391,
        58.61523
    ],
    "Kleppe": [
        5.63329,
        58.77303
    ],
    "Hjelmelandsvågen": [
        6.17752,
        59.2347
    ],
    "Ystabøhamn": [
        5.40249,
        59.06227
    ],
    "Bokn": [
        5.43524,
        59.23062
    ],
    "Aksdal": [
        5.44553,
        59.42408
    ],
    "Skogsvågen": [
        5.10161,
        60.25512
    ],
    "Aurlandsvangen": [
        7.18977,
        60.90814
    ],
    "Gaupne": [
        7.28559,
        61.40831
    ],
    "Askvoll": [
        5.0704,
        61.3463
    ],
    "Hornindal": [
        6.52249,
        61.96925
    ],
    "Fiskå": [
        5.55788,
        62.10059
    ],
    "Stordal": [
        6.98629,
        62.38203
    ],
    "Sykkylven": [
        6.5875,
        62.39594
    ],
    "Valderøy": [
        6.13472,
        62.5007
    ],
    "Falkhytta": [
        6.88722,
        62.805
    ],
    "Elnesvågen": [
        7.14064,
        62.85441
    ],
    "Bruhagen": [
        7.63204,
        63.05172
    ],
    "Surnadal": [
        8.72472,
        62.97397
    ],
    "Liabøen": [
        8.31587,
        63.12249
    ],
    "Rissa": [
        9.95989,
        63.58368
    ],
    "Roan": [
        10.22898,
        64.17269
    ],
    "Steinsdalen": [
        10.51284,
        64.29875
    ],
    "Meldal": [
        9.71337,
        63.04721
    ],
    "Støren": [
        10.28501,
        63.0391
    ],
    "Børsa": [
        10.0692,
        63.32672
    ],
    "Klæbu": [
        10.48261,
        63.29762
    ],
    "Mebonden": [
        11.03128,
        63.22907
    ],
    "Stugudalen": [
        11.89281,
        62.90799
    ],
    "Leksvik": [
        10.6266,
        63.67248
    ],
    "Namdalseid": [
        11.22139,
        64.22243
    ],
    "Høylandet": [
        12.30206,
        64.62887
    ],
    "Jøa": [
        11.26535,
        64.6591
    ],
    "Leka": [
        11.70513,
        65.09244
    ],
    "Silvalen": [
        12.28916,
        65.98427
    ],
    "Hattfjelldal": [
        13.98422,
        65.59795
    ],
    "Solfjellsjyen": [
        12.49046,
        66.10799
    ],
    "Lurøy": [
        12.84248,
        66.41887
    ],
    "Husøya": [
        12.09645,
        66.50159
    ],
    "Vågaholmen": [
        13.28711,
        66.71367
    ],
    "Leinesfjorden": [
        15.01545,
        67.77548
    ],
    "Oppeide": [
        15.60314,
        68.08524
    ],
    "Leknes": [
        13.61151,
        68.14746
    ],
    "Tennevoll": [
        17.80621,
        68.7471
    ],
    "Sørreisa": [
        18.15292,
        69.14527
    ],
    "Brøstadbotn": [
        17.69489,
        69.08873
    ],
    "Hatteng": [
        19.95944,
        69.27072
    ],
    "Breivikbotn": [
        22.28486,
        70.58871
    ],
    "Tana bru": [
        28.19039,
        70.19909
    ],
    "Ulsteinvik weather pws station": [
        5.84385,
        62.34338
    ],
    "Billingstad": [
        10.4823,
        59.87548
    ]
}