{
    "Zorritos": [
        -80.67819,
        -3.68046
    ],
    "Yurimaguas": [
        -76.08333,
        -5.9
    ],
    "Yuracyacu": [
        -77.22667,
        -5.93139
    ],
    "Yungay": [
        -77.74361,
        -9.13833
    ],
    "Yungar": [
        -77.59306,
        -9.37778
    ],
    "Yorongos": [
        -77.14389,
        -6.13972
    ],
    "Yauya": [
        -77.3,
        -8.98333
    ],
    "Yanas": [
        -76.74822,
        -9.71417
    ],
    "Yanama": [
        -77.48333,
        -9.03333
    ],
    "Yanac": [
        -77.86667,
        -8.61667
    ],
    "Yambrasbamba": [
        -77.9,
        -5.75
    ],
    "Yamango": [
        -79.75,
        -5.1775
    ],
    "Vista Alegre": [
        -77.30056,
        -6.15139
    ],
    "Virú": [
        -78.75201,
        -8.41554
    ],
    "Vice": [
        -80.78333,
        -5.41667
    ],
    "Uticyacu": [
        -78.8,
        -6.63333
    ],
    "Usquil": [
        -78.41667,
        -7.81667
    ],
    "Ucuncha": [
        -77.88333,
        -7.13333
    ],
    "Uco": [
        -76.92767,
        -9.18839
    ],
    "Uchiza": [
        -76.46333,
        -8.45917
    ],
    "Tunal": [
        -79.67528,
        -5.20917
    ],
    "Tumbes": [
        -80.45153,
        -3.56694
    ],
    "Túcume": [
        -79.85833,
        -6.51
    ],
    "Trujillo": [
        -79.02998,
        -8.11599
    ],
    "Trompeteros": [
        -75.05833,
        -3.81417
    ],
    "Trinidad": [
        -79.03333,
        -7.35
    ],
    "Tres Unidos": [
        -76.22944,
        -6.80694
    ],
    "Tournavista": [
        -74.70528,
        -8.93222
    ],
    "Totora": [
        -77.47306,
        -6.4925
    ],
    "Tocmoche": [
        -79.36194,
        -6.4125
    ],
    "Tocache Nuevo": [
        -76.5125,
        -8.18846
    ],
    "Tingo María": [
        -75.99831,
        -9.29616
    ],
    "Tingo": [
        -77.91194,
        -6.37167
    ],
    "Tinco": [
        -77.67944,
        -9.26972
    ],
    "Ticapampa": [
        -77.45,
        -9.75
    ],
    "Tembladera": [
        -79.15,
        -7.26667
    ],
    "Tayabamba": [
        -77.29639,
        -8.27694
    ],
    "Taurija": [
        -77.42194,
        -8.30861
    ],
    "Tauca": [
        -78.05,
        -8.48333
    ],
    "Tarica": [
        -77.57472,
        -9.39361
    ],
    "Tarapoto": [
        -76.36556,
        -6.50139
    ],
    "Tantamayo": [
        -76.72331,
        -9.39114
    ],
    "Tambo Grande": [
        -80.34472,
        -4.92694
    ],
    "Tamarindo": [
        -80.97306,
        -4.87722
    ],
    "Tamanco": [
        -74.31667,
        -5.85
    ],
    "Talara": [
        -81.27194,
        -4.57722
    ],
    "Tacabamba": [
        -78.61667,
        -6.38333
    ],
    "Tabalosos": [
        -76.68333,
        -6.35
    ],
    "Tabaconas": [
        -79.28278,
        -5.31472
    ],
    "Suyo": [
        -80.01083,
        -4.50778
    ],
    "Sullana": [
        -80.68528,
        -4.90389
    ],
    "Sucre": [
        -78.15,
        -6.93333
    ],
    "Succha": [
        -77.65,
        -9.83333
    ],
    "Sorochuco": [
        -78.255,
        -6.91083
    ],
    "Soritor": [
        -77.10389,
        -6.13917
    ],
    "Sondorillo": [
        -79.43028,
        -5.33917
    ],
    "Sondor": [
        -79.40639,
        -5.31222
    ],
    "Soloco": [
        -77.74444,
        -6.26222
    ],
    "Sojo": [
        -80.81583,
        -4.90083
    ],
    "Socota": [
        -78.73333,
        -6.3
    ],
    "Sitabamba": [
        -77.73333,
        -8.03333
    ],
    "Sinsicap": [
        -78.76667,
        -7.83333
    ],
    "Singa": [
        -76.81262,
        -9.38745
    ],
    "Sinchao": [
        -80.66667,
        -5.41667
    ],
    "Simbal": [
        -78.8136,
        -7.97639
    ],
    "Sillapata": [
        -76.77443,
        -9.75794
    ],
    "Sihuas": [
        -77.61667,
        -8.56667
    ],
    "Shupluy": [
        -77.69417,
        -9.21778
    ],
    "Shunqui": [
        -76.78651,
        -9.73384
    ],
    "Shucushuyacu": [
        -75.85,
        -6.01667
    ],
    "Shirac": [
        -78.05,
        -7.35
    ],
    "Shilla": [
        -77.625,
        -9.23083
    ],
    "Shapaja": [
        -76.26278,
        -6.57972
    ],
    "Shamboyacu": [
        -76.13298,
        -7.02308
    ],
    "Sexi": [
        -79.05139,
        -6.56361
    ],
    "Sechura": [
        -80.82222,
        -5.55694
    ],
    "Sayapullo": [
        -78.46667,
        -7.6
    ],
    "Sauce": [
        -76.21472,
        -6.69139
    ],
    "Sartimbamba": [
        -77.74361,
        -7.69917
    ],
    "Saquena": [
        -73.51667,
        -4.66667
    ],
    "Saposoa": [
        -76.77158,
        -6.93395
    ],
    "Sapillica": [
        -79.98263,
        -4.77838
    ],
    "Sapalache": [
        -79.43472,
        -5.15111
    ],
    "Santo Domingo": [
        -79.87417,
        -5.02611
    ],
    "Santiago de Chuco": [
        -78.1733,
        -8.14099
    ],
    "Santiago de Cao": [
        -79.23917,
        -7.95889
    ],
    "Santa Rosa": [
        -77.17333,
        -11.79917
    ],
    "Santa Isabel": [
        -74.51667,
        -5.76667
    ],
    "Santa Elena": [
        -74.08333,
        -6.03333
    ],
    "Santa Cruz": [
        -76.93028,
        -11.06
    ],
    "Santa": [
        -78.61194,
        -8.98861
    ],
    "San Rafael": [
        -76.18333,
        -10.33806
    ],
    "San Pedro de Lloc": [
        -79.50416,
        -7.4289
    ],
    "San Pablo": [
        -71.31556,
        -14.20278
    ],
    "San Marcos": [
        -78.18333,
        -7.33333
    ],
    "San Luis": [
        -76.99876,
        -12.07662
    ],
    "San Lorenzo": [
        -69.3,
        -11.46667
    ],
    "San Juan": [
        -73.56722,
        -3.885
    ],
    "San José de Sisa": [
        -76.69332,
        -6.616
    ],
    "San José": [
        -79.82934,
        -6.74265
    ],
    "San Jacinto": [
        -80.4475,
        -3.64194
    ],
    "San Ignacio": [
        -79.00139,
        -5.14583
    ],
    "San Gregorio": [
        -79.1,
        -7.05
    ],
    "San Felipe": [
        -79.31167,
        -5.76778
    ],
    "San Carlos": [
        -77.93333,
        -5.96667
    ],
    "San Bernardino": [
        -78.83333,
        -7.18333
    ],
    "San Benito": [
        -78.93333,
        -7.43333
    ],
    "San Antonio": [
        -72.62111,
        -14.16472
    ],
    "Zaña": [
        -79.58384,
        -6.92315
    ],
    "Samanco": [
        -78.49611,
        -9.26167
    ],
    "Salpo": [
        -78.61667,
        -8
    ],
    "Sallique": [
        -79.31333,
        -5.655
    ],
    "Salitral": [
        -80.68111,
        -4.85722
    ],
    "Salinera Colán": [
        -81.06667,
        -5.03333
    ],
    "Guadalupito": [
        -78.62278,
        -8.95028
    ],
    "Salaverry": [
        -78.96667,
        -8.23333
    ],
    "Salas": [
        -79.60417,
        -6.27472
    ],
    "Sacanche": [
        -76.71484,
        -7.06936
    ],
    "Roque": [
        -76.8,
        -6.4
    ],
    "Rondos": [
        -76.68839,
        -9.98372
    ],
    "Rioja": [
        -77.165,
        -6.05861
    ],
    "Requena": [
        -73.85028,
        -5.06083
    ],
    "Reque": [
        -79.81778,
        -6.86556
    ],
    "Recuay": [
        -77.4563,
        -9.72215
    ],
    "Ranrahirca": [
        -77.72194,
        -9.17139
    ],
    "Ramón Castilla": [
        -69.95714,
        -4.26066
    ],
    "Quivilla": [
        -76.72494,
        -9.59929
    ],
    "Quiruvilca": [
        -78.2,
        -7.96667
    ],
    "Quinuabamba": [
        -77.36667,
        -8.73333
    ],
    "Quinjalca": [
        -77.67806,
        -6.09222
    ],
    "Quillo": [
        -78.04139,
        -9.32917
    ],
    "Quiches": [
        -77.49083,
        -8.395
    ],
    "Querocoto": [
        -79.03583,
        -6.35889
    ],
    "Querocotillo": [
        -79.03806,
        -6.27389
    ],
    "Querecotillo": [
        -80.64556,
        -4.83778
    ],
    "Puños": [
        -76.88469,
        -9.49735
    ],
    "Punchao": [
        -76.81953,
        -9.46221
    ],
    "Puerto Santa": [
        -78.65058,
        -8.9919
    ],
    "Puerto Rico": [
        -76.41917,
        -6.99222
    ],
    "Puerto Inca": [
        -74.96667,
        -9.36667
    ],
    "Puerto Galilea": [
        -78.11667,
        -3.98333
    ],
    "Puerto Casma": [
        -78.3825,
        -9.46361
    ],
    "Chao": [
        -78.67917,
        -8.54306
    ],
    "Pueblo Nuevo": [
        -71.33833,
        -17.615
    ],
    "Pucallpa": [
        -74.55387,
        -8.37915
    ],
    "Pucacaca": [
        -76.34167,
        -6.85167
    ],
    "Posic": [
        -77.16361,
        -6.01389
    ],
    "Poroto": [
        -78.76769,
        -8.01125
    ],
    "Pomalca": [
        -79.77722,
        -6.7675
    ],
    "Pomahuaca": [
        -79.22611,
        -5.92861
    ],
    "Pomabamba": [
        -74.23528,
        -13.60444
    ],
    "Piura": [
        -80.63282,
        -5.19449
    ],
    "Piscoyacu": [
        -76.76813,
        -6.97984
    ],
    "Pira": [
        -77.71667,
        -9.56667
    ],
    "Pimentel": [
        -79.93417,
        -6.83667
    ],
    "Pilluana": [
        -76.29056,
        -6.7775
    ],
    "Picsi": [
        -79.76972,
        -6.71778
    ],
    "Picota": [
        -76.33037,
        -6.91969
    ],
    "Pelejo": [
        -75.81667,
        -6.21667
    ],
    "Pebas": [
        -71.85917,
        -3.31833
    ],
    "Paucas": [
        -76.89906,
        -9.15227
    ],
    "Paltashaco": [
        -79.88333,
        -5.09972
    ],
    "Parinari": [
        -74.43333,
        -4.56667
    ],
    "Papayal": [
        -80.7369,
        -4.07771
    ],
    "Pantoja": [
        -75.16667,
        -0.96667
    ],
    "Panao": [
        -75.99333,
        -9.89778
    ],
    "Pampas": [
        -74.86639,
        -12.39944
    ],
    "Pamparomas": [
        -77.98139,
        -9.07361
    ],
    "Pampa Hermosa": [
        -75.3,
        -7.2
    ],
    "Pallasca": [
        -78.01667,
        -8.25
    ],
    "Paita": [
        -81.11444,
        -5.08917
    ],
    "Paimas": [
        -79.94456,
        -4.6269
    ],
    "Paiján": [
        -79.3015,
        -7.73291
    ],
    "Pacora": [
        -79.83889,
        -6.42889
    ],
    "Paclas": [
        -77.97667,
        -6.06222
    ],
    "Pachas": [
        -76.77113,
        -9.70651
    ],
    "Paccha": [
        -75.96,
        -11.47389
    ],
    "Pacasmayo": [
        -79.57139,
        -7.40056
    ],
    "Pacanga": [
        -79.5,
        -7.16667
    ],
    "Pacaipampa": [
        -79.66773,
        -4.99502
    ],
    "Oyotún": [
        -79.30359,
        -6.85044
    ],
    "Oxamarca": [
        -78.06667,
        -7.03333
    ],
    "Otuzco": [
        -78.58333,
        -7.9
    ],
    "Orellana": [
        -75.16667,
        -6.9
    ],
    "Omia": [
        -77.39444,
        -6.46861
    ],
    "Olto": [
        -77.95944,
        -6.1025
    ],
    "Olmos": [
        -79.74528,
        -5.98472
    ],
    "Olleros": [
        -77.64583,
        -6.04861
    ],
    "Obas": [
        -76.66557,
        -9.79535
    ],
    "Nueva Arica": [
        -79.34278,
        -6.87278
    ],
    "Niepos": [
        -79.12861,
        -6.92694
    ],
    "Nepeña": [
        -78.35889,
        -9.1725
    ],
    "Negritos": [
        -81.30472,
        -4.65389
    ],
    "Navarro": [
        -75.75,
        -6.33333
    ],
    "Nauta": [
        -73.55,
        -4.53333
    ],
    "Nanchoc": [
        -79.24222,
        -6.95972
    ],
    "Namora": [
        -78.33333,
        -7.2
    ],
    "Namballe": [
        -79.08389,
        -5.00778
    ],
    "Moyobamba": [
        -76.97168,
        -6.03416
    ],
    "Motupe": [
        -79.71417,
        -6.15194
    ],
    "Morropón": [
        -79.97076,
        -5.1868
    ],
    "Mórrope": [
        -80.01517,
        -6.54157
    ],
    "Moro": [
        -78.18194,
        -9.13889
    ],
    "Montevideo": [
        -77.8025,
        -6.61583
    ],
    "Montero": [
        -79.82855,
        -4.63066
    ],
    "Monsefú": [
        -79.86998,
        -6.87719
    ],
    "Mollepata": [
        -77.95,
        -8.2
    ],
    "Mocupe": [
        -79.61917,
        -6.98944
    ],
    "Mochumí": [
        -79.86372,
        -6.54774
    ],
    "Moche": [
        -79.00917,
        -8.17111
    ],
    "Miraflores": [
        -75.85,
        -12.27361
    ],
    "Miracosta": [
        -79.28444,
        -6.40417
    ],
    "Milpuc": [
        -77.435,
        -6.49361
    ],
    "Mendoza": [
        -77.48167,
        -6.39444
    ],
    "Matapalo": [
        -80.19899,
        -3.68271
    ],
    "Masisea": [
        -74.30472,
        -8.60528
    ],
    "Marcavelica": [
        -80.70528,
        -4.87778
    ],
    "Marcara": [
        -77.60361,
        -9.3225
    ],
    "Marcabal": [
        -78.03333,
        -7.7
    ],
    "Mancos": [
        -77.71333,
        -9.19111
    ],
    "Máncora": [
        -81.0475,
        -4.10778
    ],
    "Malvas": [
        -77.68333,
        -9.91667
    ],
    "Maino": [
        -77.88,
        -6.33667
    ],
    "Magdalena": [
        -77.9,
        -6.37306
    ],
    "Mache": [
        -78.53333,
        -8.03333
    ],
    "Macate": [
        -78.08333,
        -8.76667
    ],
    "Luya": [
        -77.94528,
        -6.16389
    ],
    "Lucmapampa": [
        -78.1,
        -6.95
    ],
    "Lucma": [
        -78.55,
        -7.63333
    ],
    "Los Organos": [
        -81.12472,
        -4.17806
    ],
    "Lonya Grande": [
        -78.42139,
        -6.095
    ],
    "Lonya Chico": [
        -77.95639,
        -6.23111
    ],
    "Longuita": [
        -77.96861,
        -6.41417
    ],
    "Longotea": [
        -77.91667,
        -7.06667
    ],
    "Lobitos": [
        -81.27556,
        -4.44861
    ],
    "Lluchubamba": [
        -77.97083,
        -7.52167
    ],
    "Llata": [
        -76.81613,
        -9.54999
    ],
    "Llapa": [
        -78.81667,
        -6.98333
    ],
    "Llama": [
        -79.12028,
        -6.51444
    ],
    "Llacanora": [
        -78.43333,
        -7.2
    ],
    "Licupis": [
        -79.24167,
        -6.42444
    ],
    "Levanto": [
        -77.89861,
        -6.30833
    ],
    "La Unión": [
        -80.74224,
        -5.40232
    ],
    "Las Palmas": [
        -75.97813,
        -9.3556
    ],
    "Las Lomas": [
        -80.24667,
        -4.65333
    ],
    "Laredo": [
        -78.9602,
        -8.08965
    ],
    "La Peca": [
        -78.435,
        -5.61111
    ],
    "La Pampa": [
        -72.69639,
        -16.61361
    ],
    "Lamud": [
        -77.95361,
        -6.13722
    ],
    "La Merced": [
        -75.32861,
        -11.05583
    ],
    "Lambayeque": [
        -79.90611,
        -6.70111
    ],
    "Lamas": [
        -76.53333,
        -6.41667
    ],
    "Lajas": [
        -78.73333,
        -6.56667
    ],
    "La Jalca": [
        -77.81528,
        -6.48611
    ],
    "La Huaca": [
        -80.96,
        -4.91167
    ],
    "Lagunas": [
        -79.84439,
        -4.7894
    ],
    "La Grama": [
        -78.13333,
        -7.46667
    ],
    "La Esperanza": [
        -79.04371,
        -8.0764
    ],
    "La Cuesta": [
        -78.71667,
        -7.91667
    ],
    "Lacabamba": [
        -77.9,
        -8.26667
    ],
    "La Arena": [
        -80.73333,
        -5.33333
    ],
    "Juanjuí": [
        -76.72774,
        -7.17697
    ],
    "Juan Guerra": [
        -76.33,
        -6.58278
    ],
    "Jilili": [
        -79.79713,
        -4.5827
    ],
    "Jepelacio": [
        -76.95,
        -6.11667
    ],
    "Jeberos": [
        -76.28333,
        -5.28333
    ],
    "Jayanca": [
        -79.82194,
        -6.39083
    ],
    "Jangas": [
        -77.57583,
        -9.4025
    ],
    "Jamalca": [
        -78.26167,
        -5.86722
    ],
    "Jaén": [
        -78.80748,
        -5.70908
    ],
    "Iquitos": [
        -73.25383,
        -3.74912
    ],
    "Iparia": [
        -74.53333,
        -9.3
    ],
    "Inguilpata": [
        -77.95722,
        -6.24083
    ],
    "Incahuasi": [
        -79.31694,
        -6.23556
    ],
    "Inahuaya": [
        -75.28333,
        -7.15
    ],
    "Iberia": [
        -69.58333,
        -11.35
    ],
    "Huicungo": [
        -76.77556,
        -7.3186
    ],
    "Huaylillas": [
        -77.3425,
        -8.18722
    ],
    "Huata": [
        -69.96667,
        -15.61667
    ],
    "Huarmaca": [
        -79.52194,
        -5.56583
    ],
    "Huaripampa": [
        -75.47143,
        -11.80816
    ],
    "Huari": [
        -77.23333,
        -9.33333
    ],
    "Huaraz": [
        -77.52778,
        -9.52779
    ],
    "Huaranchal": [
        -78.45,
        -7.68333
    ],
    "Huánuco": [
        -76.24223,
        -9.93062
    ],
    "Huandoval": [
        -77.98333,
        -8.33333
    ],
    "Huanchay": [
        -77.83333,
        -9.73333
    ],
    "Huanchaco": [
        -79.11667,
        -8.08333
    ],
    "Huancas": [
        -77.86528,
        -6.17417
    ],
    "Huancabamba": [
        -75.53333,
        -10.35
    ],
    "Huambos": [
        -78.96667,
        -6.46667
    ],
    "Huamachuco": [
        -78.06667,
        -7.8
    ],
    "Huallanca": [
        -77.86667,
        -8.81667
    ],
    "Hualgayoc": [
        -78.61667,
        -6.76667
    ],
    "Huacrachuco": [
        -77.08333,
        -8.65
    ],
    "Huachis": [
        -77.11667,
        -9.41667
    ],
    "Huacchis": [
        -76.7878,
        -9.20033
    ],
    "Huacaybamba": [
        -76.95293,
        -9.03819
    ],
    "Huacaschuque": [
        -78,
        -8.3
    ],
    "Huacapampa": [
        -78.13333,
        -6.93333
    ],
    "Huacachi": [
        -76.93953,
        -9.31674
    ],
    "Honoria": [
        -74.63333,
        -8.73333
    ],
    "Habana": [
        -77.09083,
        -6.08167
    ],
    "Guzmango": [
        -78.9,
        -7.38333
    ],
    "Guadalupe": [
        -75.76667,
        -13.96667
    ],
    "Granada": [
        -77.62667,
        -6.09917
    ],
    "Frias": [
        -79.94796,
        -4.92958
    ],
    "La Florida": [
        -79.12111,
        -6.86972
    ],
    "Ferreñafe": [
        -79.78889,
        -6.63889
    ],
    "Eten": [
        -79.86417,
        -6.90806
    ],
    "Encañada": [
        -78.35,
        -7.08333
    ],
    "El Prado": [
        -79,
        -7.03333
    ],
    "El Porvenir": [
        -79,
        -8.08333
    ],
    "El Parco": [
        -78.47472,
        -5.62472
    ],
    "El Alto": [
        -81.21719,
        -4.26851
    ],
    "Dos Pueblos": [
        -80.76667,
        -5.45
    ],
    "Cutervo": [
        -78.85,
        -6.36667
    ],
    "Curgos": [
        -77.94333,
        -7.85972
    ],
    "Cumba": [
        -78.66278,
        -5.93306
    ],
    "La Caleta Culebras": [
        -78.22528,
        -9.94889
    ],
    "Cujillo": [
        -78.53333,
        -6.11667
    ],
    "Cuispes": [
        -77.93333,
        -5.91667
    ],
    "Corongo": [
        -77.91667,
        -8.58333
    ],
    "Coris": [
        -77.75,
        -9.83333
    ],
    "Contamana": [
        -75.01667,
        -7.33333
    ],
    "Concordia": [
        -74.78333,
        -4.56667
    ],
    "Conchucos": [
        -77.85,
        -8.26667
    ],
    "Colcamar": [
        -77.9725,
        -6.30111
    ],
    "Colcabamba": [
        -74.7,
        -12.4
    ],
    "Colasay": [
        -79.06611,
        -5.97528
    ],
    "Coishco": [
        -78.61556,
        -9.02306
    ],
    "Cochabamba": [
        -76.83688,
        -9.09536
    ],
    "Cocabamba": [
        -78.01667,
        -6.6
    ],
    "Churuja": [
        -77.95333,
        -6.01417
    ],
    "Churubamba": [
        -76.13327,
        -9.82557
    ],
    "Chuquis": [
        -76.70396,
        -9.67658
    ],
    "Chuquibamba": [
        -72.65361,
        -15.83806
    ],
    "Chumuch": [
        -78.21667,
        -6.6
    ],
    "Chulucanas": [
        -80.1625,
        -5.0925
    ],
    "Chugur": [
        -78.75,
        -6.66667
    ],
    "Chugay": [
        -77.86833,
        -7.78167
    ],
    "Chota": [
        -78.65,
        -6.55
    ],
    "Choros": [
        -78.69417,
        -5.90139
    ],
    "Chongoyape": [
        -79.38917,
        -6.64056
    ],
    "Chocope": [
        -79.22167,
        -7.79139
    ],
    "Chisquilla": [
        -77.73333,
        -5.88333
    ],
    "Chirinos": [
        -78.89833,
        -5.305
    ],
    "Chiriaco": [
        -78.28889,
        -5.16
    ],
    "Chingas": [
        -76.99126,
        -9.11967
    ],
    "Chimbote": [
        -78.57833,
        -9.08528
    ],
    "Chillia": [
        -77.48333,
        -8.1
    ],
    "Chilete": [
        -78.85,
        -7.23333
    ],
    "Chiguirip": [
        -78.73333,
        -6.41667
    ],
    "Chiclayo": [
        -79.84088,
        -6.77137
    ],
    "Chicama": [
        -79.14694,
        -7.84472
    ],
    "Chetilla": [
        -78.66667,
        -7.15
    ],
    "Chepén": [
        -79.42599,
        -7.22884
    ],
    "Chavinillo": [
        -76.60855,
        -9.8585
    ],
    "Chazuta": [
        -76.13667,
        -6.57417
    ],
    "Charat": [
        -78.45,
        -7.83333
    ],
    "Chalaco": [
        -79.79389,
        -5.03889
    ],
    "Chaglla": [
        -75.90306,
        -9.84361
    ],
    "Chachapoyas": [
        -77.86903,
        -6.23169
    ],
    "Chacas": [
        -77.38333,
        -9.23333
    ],
    "Celendín": [
        -78.14585,
        -6.8659
    ],
    "Cauday": [
        -78.08333,
        -7.58333
    ],
    "Catache": [
        -79.03306,
        -6.67528
    ],
    "Catacaos": [
        -80.68333,
        -5.26667
    ],
    "Catac": [
        -77.43333,
        -9.8
    ],
    "Caspisapa": [
        -76.41806,
        -6.95694
    ],
    "Casma": [
        -78.30167,
        -9.47472
    ],
    "Cascas": [
        -78.81667,
        -7.48333
    ],
    "Cascapara": [
        -77.71639,
        -9.22583
    ],
    "Casa Grande": [
        -79.18639,
        -7.74389
    ],
    "Carhuaz": [
        -77.64472,
        -9.28194
    ],
    "Carás": [
        -77.80901,
        -9.04692
    ],
    "Carabamba": [
        -78.61667,
        -8.11667
    ],
    "Canchaque": [
        -79.60028,
        -5.37306
    ],
    "Cancas": [
        -80.94167,
        -3.94667
    ],
    "Cañaveral": [
        -80.65083,
        -3.94167
    ],
    "Cañaris": [
        -79.26472,
        -6.04611
    ],
    "Calzada": [
        -77.06639,
        -6.03194
    ],
    "Caleta Cruz": [
        -80.59167,
        -3.6375
    ],
    "Cajaruro": [
        -78.42556,
        -5.73639
    ],
    "Cajamarquilla": [
        -77.75,
        -9.63333
    ],
    "Cajamarca": [
        -78.50027,
        -7.16378
    ],
    "Cajabamba": [
        -78.05,
        -7.61667
    ],
    "Cahuac": [
        -76.63035,
        -9.85261
    ],
    "Cachachi": [
        -78.28333,
        -7.45
    ],
    "Cabana": [
        -73.96667,
        -14.29083
    ],
    "Caballococha": [
        -70.51639,
        -3.90583
    ],
    "Buenos Aires": [
        -78.4975,
        -9.12417
    ],
    "Breu": [
        -72.71667,
        -9.48333
    ],
    "Bretaña": [
        -74.28333,
        -5.26667
    ],
    "Bolognesi": [
        -74.005,
        -10.06444
    ],
    "Bernal": [
        -80.75,
        -5.45
    ],
    "Bellavista": [
        -78.67722,
        -5.66417
    ],
    "Barranquita": [
        -76.01667,
        -6.26667
    ],
    "Barranca": [
        -77.76667,
        -10.75
    ],
    "Bambas": [
        -78,
        -8.6
    ],
    "Bambamarca": [
        -78.53333,
        -6.68333
    ],
    "Balsas": [
        -78.01667,
        -6.83333
    ],
    "Bagua Grande": [
        -78.44111,
        -5.75611
    ],
    "Bagua": [
        -78.53056,
        -5.63472
    ],
    "Ayabaca": [
        -79.71491,
        -4.63983
    ],
    "Aucayacu": [
        -76.11315,
        -8.93139
    ],
    "Ascope": [
        -79.10778,
        -7.71444
    ],
    "Aricapampa": [
        -77.71722,
        -7.80583
    ],
    "Arenal": [
        -81.0275,
        -4.88333
    ],
    "Arancay": [
        -76.74895,
        -9.17227
    ],
    "Aramango": [
        -78.43583,
        -5.41639
    ],
    "Anta": [
        -72.14833,
        -13.47056
    ],
    "Angasmarca": [
        -78.06667,
        -8.13333
    ],
    "Amotape": [
        -81.01556,
        -4.88167
    ],
    "Amashca": [
        -77.64639,
        -9.23917
    ],
    "Aija": [
        -77.6094,
        -9.78105
    ],
    "Aguas Verdes": [
        -80.245,
        -3.48139
    ],
    "Agua Blanca": [
        -76.69643,
        -6.72343
    ],
    "Agallpampa": [
        -78.55,
        -7.98333
    ],
    "Aczo": [
        -76.98925,
        -9.15193
    ],
    "Acopampa": [
        -77.61778,
        -9.29722
    ],
    "Acomayo": [
        -71.68111,
        -13.91667
    ],
    "Aco": [
        -77.56333,
        -9.36917
    ],
    "Puerto Callao": [
        -74.57361,
        -8.35806
    ],
    "Campoverde": [
        -74.80708,
        -8.47533
    ],
    "Nueva Requena": [
        -74.86222,
        -8.31139
    ],
    "La Coipa": [
        -78.86361,
        -5.43361
    ],
    "La Sacilia": [
        -78.72722,
        -5.95167
    ],
    "Alianza Cristiana": [
        -76.43444,
        -3.47528
    ],
    "Utco": [
        -78.05,
        -6.91667
    ],
    "Las Pirias": [
        -78.85278,
        -5.62722
    ],
    "Zapatero": [
        -76.4925,
        -6.52972
    ],
    "Cuñumbuqui": [
        -76.48,
        -6.51111
    ],
    "Utcurarca": [
        -76.28667,
        -6.66306
    ],
    "Manuel Antonio Mesones Muro": [
        -79.73806,
        -6.64361
    ],
    "La Breita": [
        -80.88807,
        -4.26054
    ],
    "Zarumilla": [
        -80.27306,
        -3.50306
    ],
    "Zurite": [
        -72.25556,
        -13.45472
    ],
    "Zepita": [
        -69.1,
        -16.5
    ],
    "Yura": [
        -71.67969,
        -16.25223
    ],
    "Yunguyo": [
        -69.08333,
        -16.25
    ],
    "Yunga": [
        -70.68333,
        -16.2
    ],
    "Yucay": [
        -72.08222,
        -13.32139
    ],
    "Yauyos": [
        -75.91722,
        -12.45944
    ],
    "Yaurisque": [
        -71.92111,
        -13.66694
    ],
    "Yauli": [
        -76.08639,
        -11.665
    ],
    "Yauca": [
        -74.52722,
        -15.66111
    ],
    "Yarabamba": [
        -71.47667,
        -16.54722
    ],
    "Yanque": [
        -71.65778,
        -15.64917
    ],
    "Yangas": [
        -76.84556,
        -11.695
    ],
    "Yanaquihua": [
        -72.87667,
        -15.77389
    ],
    "Yanaoca": [
        -71.43167,
        -14.21806
    ],
    "Yanahuaya": [
        -69.2,
        -14.26667
    ],
    "Yanahuanca": [
        -76.51667,
        -10.49139
    ],
    "Yanacancha": [
        -76.64556,
        -10.24111
    ],
    "Yanaca": [
        -73.14111,
        -14.21778
    ],
    "Vizcachane": [
        -71.20111,
        -15.80861
    ],
    "Vitis": [
        -75.80639,
        -12.22361
    ],
    "Vitarte": [
        -76.93333,
        -12.03333
    ],
    "Vischongo": [
        -73.99444,
        -13.58917
    ],
    "Viraco": [
        -72.52528,
        -15.65694
    ],
    "Vinchos": [
        -74.35306,
        -13.24083
    ],
    "Viñac": [
        -75.77861,
        -12.93111
    ],
    "Vilque Chico": [
        -69.68333,
        -15.21667
    ],
    "Vilque": [
        -70.25,
        -15.76667
    ],
    "Villa Tupac Amaru": [
        -76.1502,
        -13.71218
    ],
    "Villa Rica": [
        -75.26972,
        -10.73944
    ],
    "Vilcanchos": [
        -74.53194,
        -13.61167
    ],
    "Vilcabamba": [
        -76.4475,
        -10.47806
    ],
    "Vilca": [
        -75.18333,
        -12.48333
    ],
    "Vilavila": [
        -70.66,
        -15.18694
    ],
    "Ventanilla": [
        -77.11833,
        -11.87528
    ],
    "Velinga": [
        -73.02167,
        -15.27333
    ],
    "Velille": [
        -71.88528,
        -14.50889
    ],
    "Végueta": [
        -77.64378,
        -11.02253
    ],
    "Usicayos": [
        -69.96611,
        -14.12472
    ],
    "Urubamba": [
        -72.11583,
        -13.30472
    ],
    "Uripa": [
        -73.67722,
        -13.5325
    ],
    "Urcos": [
        -71.62278,
        -13.68611
    ],
    "Urasqui": [
        -73.17056,
        -16.02861
    ],
    "Upahuacho": [
        -73.40111,
        -14.90167
    ],
    "Uñon": [
        -72.42972,
        -15.72944
    ],
    "Umachiri": [
        -70.75611,
        -14.8575
    ],
    "Uchumayo": [
        -71.67215,
        -16.42508
    ],
    "Ubinas": [
        -70.86667,
        -16.4
    ],
    "Tuti": [
        -71.55083,
        -15.53306
    ],
    "Turpo": [
        -73.47361,
        -13.78528
    ],
    "Turpay": [
        -72.62389,
        -14.21917
    ],
    "Tupe": [
        -75.80833,
        -12.74083
    ],
    "Tungasuca": [
        -71.47667,
        -14.16389
    ],
    "Totos": [
        -74.52361,
        -13.56722
    ],
    "Totoral": [
        -70.36464,
        -17.4062
    ],
    "Toro": [
        -72.92889,
        -15.26417
    ],
    "Toraya": [
        -73.29722,
        -14.05056
    ],
    "Torata": [
        -70.84333,
        -17.07694
    ],
    "Tomepampa": [
        -72.83083,
        -15.17306
    ],
    "Tomay Kichwa": [
        -76.21194,
        -10.07722
    ],
    "Tomas": [
        -75.74528,
        -12.23861
    ],
    "Tocota": [
        -74.09056,
        -15.65944
    ],
    "Tibillo": [
        -75.17194,
        -14.09306
    ],
    "Tisco": [
        -71.44778,
        -15.34611
    ],
    "Tirapata": [
        -70.4,
        -14.95
    ],
    "Tiquillaca": [
        -70.2,
        -15.81667
    ],
    "Tinyahuarco": [
        -76.27523,
        -10.76771
    ],
    "Tintay": [
        -73.18583,
        -13.95917
    ],
    "Tinta": [
        -71.40694,
        -14.145
    ],
    "Ticrapo": [
        -75.41667,
        -13.35
    ],
    "Ticllos": [
        -77.19088,
        -10.25403
    ],
    "Ticllas": [
        -74.33278,
        -13.1325
    ],
    "Ticaco": [
        -70.04694,
        -17.44639
    ],
    "Tiabaya": [
        -71.59,
        -16.45
    ],
    "Taurisma": [
        -72.85028,
        -15.175
    ],
    "Tauripampa": [
        -76.11667,
        -12.58333
    ],
    "Tauria": [
        -73.2325,
        -15.35611
    ],
    "Tarucani": [
        -71.06667,
        -16.18333
    ],
    "Tarucachi": [
        -70.02833,
        -17.52472
    ],
    "Tarma": [
        -75.69083,
        -11.41972
    ],
    "Tarata": [
        -70.03278,
        -17.47444
    ],
    "Taraco": [
        -69.96667,
        -15.3
    ],
    "Taquile": [
        -69.68333,
        -15.76667
    ],
    "Tapo": [
        -75.56361,
        -11.39056
    ],
    "Tapay": [
        -71.93917,
        -15.57806
    ],
    "Tapairihua": [
        -73.14278,
        -14.14028
    ],
    "Tapacocha": [
        -77.58333,
        -10.01667
    ],
    "Tanta": [
        -76.01667,
        -12.11667
    ],
    "Tamburco": [
        -72.87139,
        -13.61667
    ],
    "Tambo Quemado": [
        -74.68333,
        -14.73333
    ],
    "Tambopata": [
        -69.18333,
        -12.73333
    ],
    "Tambobamba": [
        -72.17139,
        -13.94528
    ],
    "Tambo": [
        -74.01667,
        -12.93333
    ],
    "Tambillo": [
        -74.11139,
        -13.19194
    ],
    "Talavera": [
        -73.42917,
        -13.65306
    ],
    "Tacna": [
        -70.25362,
        -18.01465
    ],
    "Susapaya": [
        -70.13194,
        -17.35306
    ],
    "Surcubamba": [
        -74.68333,
        -12.13333
    ],
    "Surco": [
        -76.43972,
        -11.88472
    ],
    "Supe": [
        -77.71306,
        -10.7975
    ],
    "Sunampe": [
        -76.16363,
        -13.42704
    ],
    "Sumbilca": [
        -76.82,
        -11.4075
    ],
    "Suitucancha": [
        -75.93612,
        -11.78734
    ],
    "Subtanjalla": [
        -75.75806,
        -14.01889
    ],
    "Soraya": [
        -73.3125,
        -14.16278
    ],
    "Soras": [
        -73.60444,
        -14.115
    ],
    "Socos": [
        -74.28917,
        -13.215
    ],
    "Socabaya": [
        -71.52758,
        -16.47025
    ],
    "Sitajara": [
        -70.13222,
        -17.37556
    ],
    "Sincos": [
        -75.38745,
        -11.89119
    ],
    "Sina": [
        -69.28333,
        -14.5
    ],
    "Sicuani": [
        -71.22611,
        -14.26944
    ],
    "Sicaya": [
        -75.28333,
        -12.03333
    ],
    "Sibayo": [
        -71.45833,
        -15.48694
    ],
    "Sepahua": [
        -73.04278,
        -11.14583
    ],
    "Saylla": [
        -71.84889,
        -13.56139
    ],
    "Sayán": [
        -77.1946,
        -11.13333
    ],
    "Saurama": [
        -73.75861,
        -13.69361
    ],
    "Satipo": [
        -74.63861,
        -11.25222
    ],
    "Sarhua": [
        -74.32,
        -13.67417
    ],
    "Sapallanga": [
        -75.18333,
        -12.15
    ],
    "San Vicente de Cañete": [
        -76.38528,
        -13.07556
    ],
    "Santiago": [
        -75.71265,
        -14.18922
    ],
    "Santa Teresa": [
        -72.59056,
        -13.13222
    ],
    "Santa Maria": [
        -76.88892,
        -12.00883
    ],
    "Santa Lucía": [
        -70.6061,
        -15.69788
    ],
    "Santa Eulalia": [
        -76.68333,
        -11.85
    ],
    "Santa Ana": [
        -72.71667,
        -12.86667
    ],
    "San Salvador": [
        -71.77389,
        -13.49361
    ],
    "San Ramón": [
        -75.35548,
        -11.12245
    ],
    "San Pedro de Cajas": [
        -75.86116,
        -11.25061
    ],
    "San Pedro": [
        -76.15904,
        -13.39889
    ],
    "San Miguel de Cauri": [
        -76.62288,
        -10.13818
    ],
    "San Miguel": [
        -73.98083,
        -13.0125
    ],
    "San Mateo": [
        -76.30056,
        -11.75944
    ],
    "San Juan Bautista": [
        -75.73583,
        -14.01083
    ],
    "San Juan de Marcona": [
        -75.16222,
        -15.36528
    ],
    "San Jerónimo": [
        -75.28143,
        -11.94859
    ],
    "San Isidro": [
        -77.05,
        -12.11667
    ],
    "Sangallaya": [
        -76.26667,
        -12.16667
    ],
    "San Francisco": [
        -73.81667,
        -12.6
    ],
    "Sandia": [
        -69.43333,
        -14.23333
    ],
    "San Clemente": [
        -76.15,
        -13.66667
    ],
    "San Buenaventura": [
        -76.66194,
        -11.48889
    ],
    "San Bartolo": [
        -76.78333,
        -12.38333
    ],
    "Sañayca": [
        -73.33556,
        -14.20694
    ],
    "San Agustin": [
        -75.24528,
        -11.99219
    ],
    "Samegua": [
        -70.89889,
        -17.17944
    ],
    "Sama Grande": [
        -70.49472,
        -17.7925
    ],
    "Salcabamba": [
        -74.78333,
        -12.2
    ],
    "Sacsamarca": [
        -74.31139,
        -13.94639
    ],
    "Sabandia": [
        -71.5,
        -16.46667
    ],
    "Rosaspata": [
        -69.53333,
        -15.21667
    ],
    "Río Grande": [
        -75.20139,
        -14.51972
    ],
    "Ricardo Palma": [
        -76.66722,
        -11.91823
    ],
    "Ranracancha": [
        -73.60528,
        -13.53361
    ],
    "Quito-Arma": [
        -75.33333,
        -13.53333
    ],
    "Quiquijana": [
        -71.53944,
        -13.82278
    ],
    "Quinua": [
        -74.13861,
        -13.04917
    ],
    "Quiñota": [
        -72.13611,
        -14.30778
    ],
    "Quinocay": [
        -76.23333,
        -12.36667
    ],
    "Quinistaquillas": [
        -70.88333,
        -16.75
    ],
    "Quince Mil": [
        -70.75401,
        -13.23092
    ],
    "Quilmaná": [
        -76.38112,
        -12.9486
    ],
    "Quillabamba": [
        -72.78333,
        -12.81667
    ],
    "Quilcata": [
        -73.45389,
        -15.24778
    ],
    "Quilca": [
        -72.43528,
        -16.71417
    ],
    "Quilahuani": [
        -70.25806,
        -17.31778
    ],
    "Quicacha": [
        -73.79833,
        -15.62583
    ],
    "Quiaca": [
        -69.35,
        -14.43333
    ],
    "Queropalca": [
        -76.80389,
        -10.18139
    ],
    "Querobamba": [
        -73.83972,
        -14.01333
    ],
    "Quequeña": [
        -71.45111,
        -16.55778
    ],
    "Quellouno": [
        -72.55944,
        -12.63667
    ],
    "Quehue": [
        -71.455,
        -14.38
    ],
    "Quebrada Honda": [
        -72.23333,
        -12.76667
    ],
    "Putina": [
        -69.86667,
        -14.91667
    ],
    "Pusi": [
        -69.93333,
        -15.43333
    ],
    "Puquio": [
        -74.13333,
        -14.7
    ],
    "Puquina": [
        -71.18444,
        -16.62361
    ],
    "Punta Hermosa": [
        -76.81667,
        -12.33333
    ],
    "Punta de Bombón": [
        -71.7924,
        -17.1719
    ],
    "Puno": [
        -70.0199,
        -15.8422
    ],
    "Pullo": [
        -73.81667,
        -15.21667
    ],
    "Pujocucho": [
        -70.35222,
        -17.15778
    ],
    "Puyca": [
        -72.69083,
        -15.06
    ],
    "Puerto Supe": [
        -77.74333,
        -10.80135
    ],
    "Puerto Ocopa": [
        -74.30583,
        -11.14694
    ],
    "Puerto Maldonado": [
        -69.18913,
        -12.59331
    ],
    "Pucyura": [
        -72.11167,
        -13.47889
    ],
    "Pucusana": [
        -76.8,
        -12.48333
    ],
    "Pucara": [
        -71.45988,
        -15.97993
    ],
    "Pozuzo": [
        -75.53333,
        -10.06667
    ],
    "Potoni": [
        -70.08333,
        -14.38333
    ],
    "Poroy": [
        -72.04333,
        -13.495
    ],
    "Pomata": [
        -69.3,
        -16.26667
    ],
    "Pomacocha": [
        -74.51667,
        -12.85
    ],
    "Pomacanchi": [
        -71.56722,
        -14.02694
    ],
    "Pomacancha": [
        -75.62448,
        -11.73828
    ],
    "Pocsi": [
        -71.38833,
        -16.51639
    ],
    "Pocollay": [
        -70.21333,
        -17.99167
    ],
    "Pocohuanca": [
        -73.08333,
        -14.21667
    ],
    "Pitumarca": [
        -71.41,
        -13.97222
    ],
    "Pisco": [
        -76.20538,
        -13.71029
    ],
    "Pisac": [
        -71.84667,
        -13.4225
    ],
    "Pirca": [
        -76.65556,
        -11.23444
    ],
    "Pilpichaca": [
        -74.9975,
        -13.32611
    ],
    "Pillpinto": [
        -71.75972,
        -13.95417
    ],
    "Pillcopata": [
        -71.16667,
        -13.06667
    ],
    "Pilcuyo": [
        -69.56667,
        -16.1
    ],
    "Pilcomay": [
        -75.24931,
        -12.04722
    ],
    "Pilchaca": [
        -75.1,
        -12.4
    ],
    "Pichirhua": [
        -73.07361,
        -13.86083
    ],
    "Pichigua": [
        -71.41694,
        -14.68139
    ],
    "Pichari": [
        -73.81667,
        -12.5
    ],
    "Phara": [
        -69.66306,
        -14.15167
    ],
    "Perené": [
        -75.22556,
        -10.94811
    ],
    "Pazos": [
        -75.1,
        -12.26667
    ],
    "Pausa": [
        -73.34583,
        -15.27972
    ],
    "Paucartambo": [
        -71.59167,
        -13.31556
    ],
    "Paucarcolla": [
        -70.05,
        -15.73333
    ],
    "Paucarbamba": [
        -76.22323,
        -9.94459
    ],
    "Paucar": [
        -76.44361,
        -10.37111
    ],
    "Pativilca": [
        -77.78333,
        -10.7
    ],
    "Pataypampa": [
        -72.67389,
        -14.175
    ],
    "Patambuco": [
        -69.61889,
        -14.35972
    ],
    "Paruro": [
        -71.84944,
        -13.76333
    ],
    "Parco": [
        -75.54603,
        -11.80015
    ],
    "Paratia": [
        -70.59861,
        -15.4525
    ],
    "Paramonga": [
        -77.83333,
        -10.66667
    ],
    "Paracas": [
        -76.26667,
        -13.86667
    ],
    "Pangoa": [
        -73,
        -12.11667
    ],
    "Pancan": [
        -75.48635,
        -11.74899
    ],
    "Pampas Chico": [
        -77.39783,
        -10.11532
    ],
    "Pampamarca": [
        -76.70206,
        -9.70553
    ],
    "Pampacolca": [
        -72.57417,
        -15.71306
    ],
    "Pampachiri": [
        -73.54389,
        -14.18694
    ],
    "Pampa Cangallo": [
        -74.19528,
        -13.55917
    ],
    "Palpacachi": [
        -72.50389,
        -13.87
    ],
    "Palpa": [
        -75.18556,
        -14.53361
    ],
    "Pallanchacra": [
        -76.23556,
        -10.41528
    ],
    "Palcamayo": [
        -75.77361,
        -11.29472
    ],
    "Palca": [
        -75.56861,
        -11.34611
    ],
    "Paico": [
        -73.64361,
        -14.03778
    ],
    "Pacucha": [
        -73.34361,
        -13.60889
    ],
    "Pacocha": [
        -71.33333,
        -17.58333
    ],
    "Pacobamba": [
        -73.08611,
        -13.61639
    ],
    "Pachaconas": [
        -73.02556,
        -14.2225
    ],
    "Paccho": [
        -76.93222,
        -10.95722
    ],
    "Paccaritambo": [
        -71.955,
        -13.75917
    ],
    "Pacaycasa": [
        -74.21361,
        -13.05694
    ],
    "Pacaraos": [
        -76.6475,
        -11.18611
    ],
    "Pacapausa": [
        -73.36778,
        -14.95139
    ],
    "Paca": [
        -75.51586,
        -11.71539
    ],
    "Oyón": [
        -76.77165,
        -10.66846
    ],
    "Oyolo": [
        -73.18611,
        -15.17972
    ],
    "Oxapampa": [
        -75.40167,
        -10.5775
    ],
    "Otoca": [
        -74.7,
        -14.48333
    ],
    "Orurillo": [
        -70.51306,
        -14.73
    ],
    "Oropesa": [
        -71.77194,
        -13.59278
    ],
    "Orcotuna": [
        -75.3078,
        -11.96886
    ],
    "Orcopampa": [
        -72.34167,
        -15.26611
    ],
    "Ongoy": [
        -73.66972,
        -13.40361
    ],
    "Ondores": [
        -76.14831,
        -11.08651
    ],
    "Omate": [
        -70.98333,
        -16.68333
    ],
    "Omas": [
        -76.28333,
        -12.51667
    ],
    "Omacha": [
        -71.73972,
        -14.07139
    ],
    "Ollantaytambo": [
        -72.26306,
        -13.25722
    ],
    "Ollachea": [
        -70.48333,
        -13.81667
    ],
    "Ocuviri": [
        -70.90778,
        -15.11111
    ],
    "Ocucaje": [
        -75.66917,
        -14.34861
    ],
    "Ocros": [
        -77.39666,
        -10.40294
    ],
    "Ocoyo": [
        -75.02194,
        -14.00806
    ],
    "Ocoruro": [
        -71.12889,
        -15.0525
    ],
    "Ocongate": [
        -71.38528,
        -13.62694
    ],
    "Ocoña": [
        -73.10778,
        -16.43306
    ],
    "Ocobamba": [
        -73.56111,
        -13.48194
    ],
    "Ocaña": [
        -74.81667,
        -14.38333
    ],
    "Ñuñoa": [
        -70.63583,
        -14.47788
    ],
    "Nuevo Imperial": [
        -76.31719,
        -13.07541
    ],
    "Ninacaca": [
        -76.11667,
        -10.85
    ],
    "Nicolas de Pierola": [
        -76.7,
        -11.95
    ],
    "Nicasio": [
        -70.25,
        -15.23333
    ],
    "Nazca": [
        -74.93895,
        -14.83098
    ],
    "Muquiyauyo": [
        -75.45482,
        -11.81371
    ],
    "Muqui": [
        -75.43462,
        -11.83364
    ],
    "Mungui": [
        -72.90556,
        -15.18278
    ],
    "Muñani": [
        -69.95,
        -14.76667
    ],
    "Mosca": [
        -76.29167,
        -10.34278
    ],
    "Morococha": [
        -76.14111,
        -11.59972
    ],
    "Morcolla": [
        -73.87139,
        -14.11056
    ],
    "Moquegua": [
        -70.93567,
        -17.19832
    ],
    "Mollepampa": [
        -75.4,
        -13.3
    ],
    "Mollendo": [
        -72.01472,
        -17.02306
    ],
    "Mollebamba": [
        -72.91194,
        -14.42139
    ],
    "Molinos": [
        -75.44356,
        -11.73642
    ],
    "Moho": [
        -69.5,
        -15.35
    ],
    "Mazo Cruz": [
        -69.73333,
        -16.75
    ],
    "Mazamari": [
        -74.53083,
        -11.32583
    ],
    "Mayocc": [
        -74.4,
        -12.78333
    ],
    "Matucana": [
        -76.4,
        -11.85
    ],
    "Matalaque": [
        -70.81667,
        -16.48333
    ],
    "Mariposa": [
        -74.75083,
        -11.4025
    ],
    "Mariatana": [
        -76.33333,
        -12.25
    ],
    "Margos": [
        -76.5225,
        -10.00611
    ],
    "Minas de Marcona": [
        -75.11028,
        -15.21194
    ],
    "Marco": [
        -75.56279,
        -11.74117
    ],
    "Marcas": [
        -74.38333,
        -12.88333
    ],
    "Marcapomacocha": [
        -76.33628,
        -11.40692
    ],
    "Marcapata": [
        -70.97222,
        -13.58972
    ],
    "Marcabamba": [
        -73.34194,
        -15.15056
    ],
    "Marca": [
        -77.47431,
        -10.08833
    ],
    "Maray": [
        -76.83389,
        -10.93556
    ],
    "Maras": [
        -72.15667,
        -13.335
    ],
    "Maranura": [
        -72.66472,
        -12.96306
    ],
    "Maranganí": [
        -71.16924,
        -14.35672
    ],
    "Mara": [
        -72.10806,
        -14.08528
    ],
    "Mangas": [
        -77.10205,
        -10.37411
    ],
    "Mañazo": [
        -70.33333,
        -15.8
    ],
    "Mamara": [
        -72.58611,
        -14.22944
    ],
    "Mala": [
        -76.63083,
        -12.65806
    ],
    "Madrigal": [
        -71.80806,
        -15.60778
    ],
    "Madean": [
        -75.77667,
        -12.94444
    ],
    "Macusani": [
        -70.43333,
        -14.08333
    ],
    "Macari": [
        -70.90194,
        -14.76861
    ],
    "Macachacra": [
        -74.2,
        -12.98333
    ],
    "Maca": [
        -71.76944,
        -15.64167
    ],
    "Luricocha": [
        -74.26667,
        -12.85
    ],
    "Lucre": [
        -71.7375,
        -13.63556
    ],
    "Lucanas": [
        -74.25,
        -14.6
    ],
    "Los Aquijes": [
        -75.69083,
        -14.09667
    ],
    "Locumba": [
        -70.76278,
        -17.61333
    ],
    "Locroja": [
        -74.43333,
        -12.68333
    ],
    "Lluta": [
        -72.01417,
        -16.01472
    ],
    "Llusco": [
        -72.11472,
        -14.33111
    ],
    "Lloque": [
        -70.73333,
        -16.33333
    ],
    "Llocllapampa": [
        -75.62382,
        -11.81781
    ],
    "Llipata": [
        -75.20778,
        -14.56417
    ],
    "Llipa": [
        -77.20579,
        -10.38195
    ],
    "Llauta": [
        -74.91667,
        -14.26667
    ],
    "Llalli": [
        -70.88278,
        -14.93333
    ],
    "Llacllin": [
        -77.61667,
        -10.06667
    ],
    "Llaclla": [
        -77.14535,
        -10.29875
    ],
    "Livitaca": [
        -71.68722,
        -14.30194
    ],
    "Lircay": [
        -74.71667,
        -13
    ],
    "Lincha": [
        -75.665,
        -12.79861
    ],
    "Limbani": [
        -69.68889,
        -14.14778
    ],
    "Limatambo": [
        -72.4425,
        -13.47917
    ],
    "Lima": [
        -77.02824,
        -12.04318
    ],
    "Leticia": [
        -75.75389,
        -11.37972
    ],
    "Layo": [
        -71.155,
        -14.49361
    ],
    "La Tinguiña": [
        -75.70028,
        -14.03583
    ],
    "Las Yaras": [
        -70.56278,
        -17.86417
    ],
    "Lari": [
        -71.76889,
        -15.62222
    ],
    "Lares": [
        -72.04389,
        -13.10333
    ],
    "Laraqueri": [
        -70.05,
        -16.13333
    ],
    "Laraos": [
        -76.53944,
        -11.66472
    ],
    "Laramate": [
        -74.86667,
        -14.25
    ],
    "La Oroya": [
        -75.89935,
        -11.51893
    ],
    "Lanlacuni Bajo": [
        -70.41667,
        -13.48333
    ],
    "Langui": [
        -71.27306,
        -14.43194
    ],
    "Lampian": [
        -76.83972,
        -11.23778
    ],
    "Lampa": [
        -73.34889,
        -15.18444
    ],
    "La Molina": [
        -76.95,
        -12.08333
    ],
    "Lambrama": [
        -72.76667,
        -13.86667
    ],
    "Lamay": [
        -71.92389,
        -13.36417
    ],
    "Lahuaytambo": [
        -76.4,
        -12.1
    ],
    "La Esmeralda": [
        -74.6,
        -12.63333
    ],
    "La Curva": [
        -71.82167,
        -17.14667
    ],
    "Lachaqui": [
        -76.62333,
        -11.55333
    ],
    "La Capilla": [
        -71.17917,
        -16.75694
    ],
    "Kishuara": [
        -73.11639,
        -13.69444
    ],
    "Junín": [
        -75.99304,
        -11.15895
    ],
    "Juliaca": [
        -70.13333,
        -15.5
    ],
    "Juli": [
        -69.45,
        -16.21667
    ],
    "Julcan": [
        -75.43587,
        -11.76025
    ],
    "Julcamarca": [
        -74.44222,
        -13.01278
    ],
    "Jivia": [
        -76.67917,
        -10.02389
    ],
    "Jauja": [
        -75.49656,
        -11.77584
    ],
    "Jatun Orcochiri": [
        -71.34642,
        -15.75003
    ],
    "Jarpa": [
        -75.46667,
        -12.11667
    ],
    "Jucul": [
        -76.745,
        -10.94861
    ],
    "Izcuchaca": [
        -75.01667,
        -12.48333
    ],
    "Iray": [
        -72.62556,
        -15.85639
    ],
    "Iquipi": [
        -73.13,
        -15.94028
    ],
    "Ingenio": [
        -75.26554,
        -11.8895
    ],
    "Independencia": [
        -77.04583,
        -11.99
    ],
    "Incuyo": [
        -73.58333,
        -15.25
    ],
    "Inchupalla": [
        -69.68333,
        -15
    ],
    "Iñapari": [
        -69.58333,
        -10.95
    ],
    "Imperial": [
        -76.35269,
        -13.05927
    ],
    "Ilo": [
        -71.3375,
        -17.63944
    ],
    "Ilave": [
        -69.66667,
        -16.08333
    ],
    "Ilabaya": [
        -70.51333,
        -17.42083
    ],
    "Ihuari": [
        -76.95139,
        -11.18917
    ],
    "Ichupampa": [
        -71.6875,
        -15.64972
    ],
    "Ichuña": [
        -70.56667,
        -16.15
    ],
    "Ica": [
        -75.72861,
        -14.06777
    ],
    "Humay": [
        -75.9,
        -13.71667
    ],
    "Umamarca": [
        -73.56556,
        -14.05278
    ],
    "Huayucachi": [
        -75.23333,
        -12.13333
    ],
    "Huayrapata": [
        -69.33333,
        -15.3
    ],
    "Huayllay": [
        -76.36452,
        -11.00367
    ],
    "Huayllapampa": [
        -77.53333,
        -10.05
    ],
    "Huayllahuara": [
        -75.16667,
        -12.4
    ],
    "Huayllabamba": [
        -72.06528,
        -13.33806
    ],
    "Huayana": [
        -73.60972,
        -14.04833
    ],
    "Huayacundo Arma": [
        -75.30528,
        -13.53639
    ],
    "Huaura": [
        -77.59944,
        -11.07
    ],
    "Huasta": [
        -77.15733,
        -10.12385
    ],
    "Huasahuasi": [
        -75.65083,
        -11.265
    ],
    "Huaros": [
        -76.57694,
        -11.40583
    ],
    "Huarocondo": [
        -72.20639,
        -13.41333
    ],
    "Huaro": [
        -71.63583,
        -13.68833
    ],
    "Huarmey": [
        -78.15222,
        -10.06806
    ],
    "Huaribamba": [
        -74.95,
        -12.26667
    ],
    "Huariaca": [
        -76.19028,
        -10.44167
    ],
    "Huaral": [
        -77.20778,
        -11.495
    ],
    "Huaquirca": [
        -72.89028,
        -14.33139
    ],
    "Huanza": [
        -76.50333,
        -11.65667
    ],
    "Huanuara": [
        -70.32194,
        -17.31389
    ],
    "Huanta": [
        -74.25,
        -12.93333
    ],
    "Huanoquite": [
        -72.01667,
        -13.68278
    ],
    "Huanipaca": [
        -72.93333,
        -13.5
    ],
    "Huangascar": [
        -75.83111,
        -12.89889
    ],
    "Huancayo": [
        -75.20486,
        -12.06513
    ],
    "Huancaya": [
        -75.79806,
        -12.20306
    ],
    "Huancavelica": [
        -74.97501,
        -12.78542
    ],
    "Huancarqui": [
        -72.47278,
        -16.09583
    ],
    "Huancaray": [
        -73.5275,
        -13.75861
    ],
    "Huancarama": [
        -73.08639,
        -13.64528
    ],
    "Huancapi": [
        -74.06667,
        -13.75667
    ],
    "Huancano": [
        -75.61667,
        -13.6
    ],
    "Hacienda Huancane": [
        -70.8854,
        -15.82327
    ],
    "Huampara": [
        -76.18333,
        -12.35
    ],
    "Huambo": [
        -77.53611,
        -6.42806
    ],
    "Huambalpa": [
        -73.93111,
        -13.74972
    ],
    "Huamatambo": [
        -75.68333,
        -13.11667
    ],
    "Huamantanga": [
        -76.74889,
        -11.49917
    ],
    "Huamanquiquia": [
        -74.27278,
        -13.73
    ],
    "Huamanguilla": [
        -74.17806,
        -13.01111
    ],
    "Huamali": [
        -75.42439,
        -11.80722
    ],
    "Hualmay": [
        -77.61389,
        -11.09639
    ],
    "Huacrapuquio": [
        -75.21667,
        -12.18333
    ],
    "Huachos": [
        -75.51667,
        -13.2
    ],
    "Huachocolpa": [
        -74.94583,
        -13.02778
    ],
    "Huacho": [
        -77.605,
        -11.10667
    ],
    "Huacar": [
        -76.23694,
        -10.16028
    ],
    "Huacaña": [
        -73.88639,
        -14.17361
    ],
    "Hongos": [
        -75.765,
        -12.81139
    ],
    "Haquira": [
        -72.19,
        -14.21278
    ],
    "Goyllarisquizga": [
        -76.40944,
        -10.47389
    ],
    "Gorgor": [
        -77.03333,
        -10.58333
    ],
    "Estique": [
        -70.01861,
        -17.54167
    ],
    "El Tambo": [
        -75.21667,
        -12.06667
    ],
    "Progreso": [
        -72.47278,
        -14.0725
    ],
    "El Ingenio": [
        -75.05833,
        -14.64528
    ],
    "El Descanso": [
        -71.30556,
        -14.53333
    ],
    "El Carmen": [
        -76.05724,
        -13.49714
    ],
    "El Cardo": [
        -72.72639,
        -16.60333
    ],
    "Desaguadero": [
        -69.04167,
        -16.56556
    ],
    "Cuyocuyo": [
        -69.53722,
        -14.47139
    ],
    "Cusipata": [
        -71.49861,
        -13.9075
    ],
    "Cusco": [
        -71.96734,
        -13.52264
    ],
    "Curibaya": [
        -70.33472,
        -17.3825
    ],
    "Curahuasi": [
        -72.7,
        -13.55
    ],
    "Cupi": [
        -70.87417,
        -14.90611
    ],
    "Cullhuas": [
        -75.16667,
        -12.23333
    ],
    "Cuenca": [
        -75.03333,
        -12.43333
    ],
    "Cuchumbaya": [
        -70.68333,
        -16.75
    ],
    "Cruz Blanca": [
        -77.5925,
        -11.09722
    ],
    "Crucero": [
        -70,
        -14.35
    ],
    "Coyllurqui": [
        -72.43083,
        -13.83639
    ],
    "Coya": [
        -71.89972,
        -13.38806
    ],
    "Cotaruse": [
        -73.20778,
        -14.41583
    ],
    "Cotaparaco": [
        -77.6,
        -10
    ],
    "Cotahuasi": [
        -72.88861,
        -15.21306
    ],
    "Cotabambas": [
        -72.35667,
        -13.74639
    ],
    "Corpanqui": [
        -77.19879,
        -10.28508
    ],
    "Corire": [
        -72.47111,
        -16.22361
    ],
    "Corculla": [
        -73.20056,
        -15.2625
    ],
    "Corani": [
        -70.60667,
        -13.87111
    ],
    "Coracora": [
        -73.78333,
        -15.03333
    ],
    "Coporaque": [
        -71.5325,
        -14.8
    ],
    "Copa": [
        -77.48744,
        -10.37181
    ],
    "Conima": [
        -69.43333,
        -15.43333
    ],
    "Congas": [
        -77.44188,
        -10.33712
    ],
    "Condoroma": [
        -71.08222,
        -15.24
    ],
    "Concho": [
        -75.57086,
        -11.72503
    ],
    "Conchamarca": [
        -76.21528,
        -10.03778
    ],
    "Concepción": [
        -75.31401,
        -11.91762
    ],
    "Combapata": [
        -71.42944,
        -14.10111
    ],
    "Comas": [
        -75.08118,
        -11.7174
    ],
    "Colta": [
        -73.29472,
        -15.16222
    ],
    "Colquepata": [
        -71.66972,
        -13.35583
    ],
    "Colquemarca": [
        -72.04194,
        -14.28222
    ],
    "Colpas": [
        -76.41417,
        -10.26889
    ],
    "Colonia": [
        -75.89056,
        -12.63278
    ],
    "Colcha": [
        -71.80333,
        -13.85194
    ],
    "Colca": [
        -75.21667,
        -12.3
    ],
    "Cojata": [
        -69.36667,
        -15.01667
    ],
    "Cochas": [
        -75.10119,
        -11.65709
    ],
    "Cocharcas": [
        -73.74,
        -13.61
    ],
    "Cocas": [
        -75.36667,
        -13.26667
    ],
    "Cocachacra": [
        -76.53833,
        -11.91333
    ],
    "Coayllo": [
        -76.46667,
        -12.73333
    ],
    "Coata": [
        -69.95,
        -15.56667
    ],
    "Coasa": [
        -69.96667,
        -14
    ],
    "Coalaque": [
        -71.02139,
        -16.65056
    ],
    "Circa": [
        -72.87278,
        -13.87417
    ],
    "Cieneguilla": [
        -76.81667,
        -12.13333
    ],
    "Chuschi": [
        -74.35056,
        -13.58556
    ],
    "Churcampa": [
        -74.4,
        -12.7
    ],
    "Chuquibambilla": [
        -72.70667,
        -14.10194
    ],
    "Chupamarca": [
        -75.6,
        -13.03333
    ],
    "Chupaca": [
        -75.28333,
        -12.06667
    ],
    "Chupa": [
        -69.98333,
        -15.1
    ],
    "Chungui": [
        -73.61917,
        -13.21861
    ],
    "Chumpi": [
        -73.76667,
        -15.1
    ],
    "Chucatamani": [
        -70.1225,
        -17.48056
    ],
    "Chosica": [
        -76.70944,
        -11.94306
    ],
    "Chontabamba": [
        -75.48333,
        -10.58333
    ],
    "Chojata": [
        -70.73333,
        -16.4
    ],
    "Chocos": [
        -75.86306,
        -12.91417
    ],
    "Choco": [
        -72.13,
        -15.57556
    ],
    "Chivay": [
        -71.60111,
        -15.63833
    ],
    "Chipispaya": [
        -70.21714,
        -17.4979
    ],
    "Chipao": [
        -73.87667,
        -14.36611
    ],
    "Chincho": [
        -74.36667,
        -12.96667
    ],
    "Chincheros": [
        -73.72222,
        -13.51833
    ],
    "Chinchero": [
        -72.04778,
        -13.39222
    ],
    "Chinchaypujio": [
        -72.23333,
        -13.63
    ],
    "Chincha Baja": [
        -76.16325,
        -13.45894
    ],
    "Chincha Alta": [
        -76.13235,
        -13.40985
    ],
    "Chilcas": [
        -73.90694,
        -13.17139
    ],
    "Chilca": [
        -76.73722,
        -12.52111
    ],
    "Chiguata": [
        -71.4,
        -16.4
    ],
    "Chicla": [
        -76.26833,
        -11.70639
    ],
    "Chichas": [
        -72.91861,
        -15.5475
    ],
    "Chicche": [
        -75.28333,
        -12.3
    ],
    "Chiara": [
        -74.20472,
        -13.27278
    ],
    "Checca": [
        -71.39389,
        -14.47278
    ],
    "Checacupe": [
        -71.45278,
        -14.02694
    ],
    "Chaviña": [
        -73.83333,
        -14.98333
    ],
    "Chaupimarca": [
        -76.46168,
        -10.40696
    ],
    "Chasquitambo": [
        -77.6,
        -10.3
    ],
    "Charcana": [
        -73.07111,
        -15.24056
    ],
    "Characato": [
        -71.48333,
        -16.46667
    ],
    "Chapimarca": [
        -73.065,
        -13.97528
    ],
    "Changuillo": [
        -75.22333,
        -14.66417
    ],
    "Chancay": [
        -77.26722,
        -11.57139
    ],
    "Chambara": [
        -75.38333,
        -12.01667
    ],
    "Chamaca": [
        -71.84306,
        -14.30833
    ],
    "Challhuahuacho": [
        -72.25,
        -14.11667
    ],
    "Challabamba": [
        -71.65444,
        -13.20417
    ],
    "Chalhuanca": [
        -73.23083,
        -14.30056
    ],
    "Chalcos": [
        -73.75333,
        -13.84778
    ],
    "Chala": [
        -74.24694,
        -15.86583
    ],
    "Chaclacayo": [
        -76.7675,
        -11.98278
    ],
    "Chaccrampa": [
        -73.60917,
        -13.95972
    ],
    "Chacapampa": [
        -75.25,
        -12.35
    ],
    "Chacapalpa": [
        -75.75573,
        -11.73315
    ],
    "Cerro de Pasco": [
        -76.25668,
        -10.66748
    ],
    "Ccorca": [
        -72.05972,
        -13.585
    ],
    "Ccapi": [
        -72.07917,
        -13.85278
    ],
    "Cayna": [
        -76.38889,
        -10.27167
    ],
    "Cayarani": [
        -72.02194,
        -14.67222
    ],
    "Cayara": [
        -73.98889,
        -13.79472
    ],
    "Cauri": [
        -76.62472,
        -10.14167
    ],
    "Ccatca": [
        -71.55944,
        -13.60472
    ],
    "Catahuasi": [
        -75.89194,
        -12.79889
    ],
    "Castrovirreyna": [
        -75.31667,
        -13.26667
    ],
    "Carumas": [
        -70.71667,
        -16.81667
    ],
    "Carmen Alto": [
        -74.22472,
        -13.18222
    ],
    "Carhuanca": [
        -73.78833,
        -13.7425
    ],
    "Carhuamayo": [
        -76.03333,
        -10.91667
    ],
    "Carapo": [
        -74.31194,
        -13.83889
    ],
    "Carania": [
        -75.86833,
        -12.34417
    ],
    "Carampoma": [
        -76.51444,
        -11.66083
    ],
    "Caracoto": [
        -70.1,
        -15.56667
    ],
    "Carac": [
        -76.78028,
        -11.19194
    ],
    "Carabayllo": [
        -77.03778,
        -11.85333
    ],
    "Capaya": [
        -73.31806,
        -14.11944
    ],
    "Capacmarca": [
        -71.99806,
        -14.00806
    ],
    "Capachica": [
        -69.81667,
        -15.63333
    ],
    "Canta": [
        -76.62417,
        -11.46722
    ],
    "Canis": [
        -77.16943,
        -10.33899
    ],
    "Cangallo": [
        -74.14389,
        -13.62861
    ],
    "Candarave": [
        -70.24944,
        -17.26778
    ],
    "Canchayllo": [
        -75.7165,
        -11.8058
    ],
    "Canaria": [
        -73.90528,
        -13.92139
    ],
    "Caminaca": [
        -70.06667,
        -15.31667
    ],
    "Camilaca": [
        -70.37806,
        -17.26806
    ],
    "Camaná": [
        -72.71055,
        -16.62375
    ],
    "Callao": [
        -77.11814,
        -12.05658
    ],
    "Callanmarca": [
        -74.63333,
        -12.86667
    ],
    "Callalli": [
        -71.44556,
        -15.50833
    ],
    "Callahuanca": [
        -76.61639,
        -11.82833
    ],
    "Caleta de Carquín": [
        -77.62667,
        -11.0925
    ],
    "Calca": [
        -71.95,
        -13.33333
    ],
    "Calapuja": [
        -70.21667,
        -15.31667
    ],
    "Calango": [
        -76.54278,
        -12.52611
    ],
    "Calana": [
        -70.18694,
        -17.94167
    ],
    "Calacoa": [
        -70.7,
        -16.75
    ],
    "Cajacay": [
        -77.43963,
        -10.15502
    ],
    "Caja": [
        -74.46667,
        -12.88333
    ],
    "Cairani": [
        -70.36361,
        -17.28583
    ],
    "Caicay": [
        -71.69944,
        -13.595
    ],
    "Cahuacho": [
        -73.47917,
        -15.50611
    ],
    "Cacra": [
        -75.78306,
        -12.81278
    ],
    "Cachora": [
        -72.81,
        -13.51333
    ],
    "Cachimayo": [
        -72.07222,
        -13.47583
    ],
    "Cabanilla": [
        -70.35,
        -15.61667
    ],
    "Cabanaconde": [
        -71.97889,
        -15.62139
    ],
    "Baños": [
        -76.73528,
        -10.07667
    ],
    "Azángaro": [
        -70.19616,
        -14.90843
    ],
    "Ayrampuni": [
        -69.88333,
        -15.05
    ],
    "Ayo": [
        -72.27417,
        -15.68167
    ],
    "Ayna": [
        -73.91667,
        -12.65
    ],
    "Ayaviri": [
        -70.58889,
        -14.88639
    ],
    "Ayacucho": [
        -74.22154,
        -13.1615
    ],
    "Aucallama": [
        -77.18083,
        -11.55778
    ],
    "Atuncolla": [
        -70.15,
        -15.68333
    ],
    "Atiquipa": [
        -74.36361,
        -15.79611
    ],
    "Atico": [
        -73.62222,
        -16.20944
    ],
    "Ataura": [
        -75.43969,
        -11.80135
    ],
    "Asquipata": [
        -73.91,
        -14.055
    ],
    "Asillo": [
        -70.35,
        -14.78333
    ],
    "Asia": [
        -76.56667,
        -12.78333
    ],
    "Arma": [
        -75.53333,
        -13.11667
    ],
    "Arequipa": [
        -71.535,
        -16.39889
    ],
    "Arapa": [
        -70.11667,
        -15.13333
    ],
    "Arahuay": [
        -76.66944,
        -11.62222
    ],
    "Aquia": [
        -77.14423,
        -10.07409
    ],
    "Apongo": [
        -73.93306,
        -14.01472
    ],
    "Aplao": [
        -72.49389,
        -16.07583
    ],
    "Apata": [
        -75.35344,
        -11.85461
    ],
    "Antauta": [
        -70.36667,
        -14.4
    ],
    "Antaparco": [
        -74.41194,
        -13.07361
    ],
    "Antabamba": [
        -72.87556,
        -14.36056
    ],
    "Aniso": [
        -73.29111,
        -14.80861
    ],
    "Andaray": [
        -72.86056,
        -15.79667
    ],
    "Andarapa": [
        -73.36611,
        -13.52611
    ],
    "Andamarca": [
        -74.80278,
        -11.73194
    ],
    "Andajes": [
        -76.90944,
        -10.79222
    ],
    "Andahuaylillas": [
        -71.67944,
        -13.6725
    ],
    "Andahuaylas": [
        -73.38722,
        -13.65556
    ],
    "Anchonga": [
        -74.7,
        -12.88333
    ],
    "Ancahuasi": [
        -72.31083,
        -13.4425
    ],
    "Ananea": [
        -69.55,
        -14.7
    ],
    "Ambo": [
        -76.20472,
        -10.13083
    ],
    "Ambar": [
        -77.26667,
        -10.73333
    ],
    "Alis": [
        -75.78694,
        -12.27861
    ],
    "El Algarrobal": [
        -71.26778,
        -17.62278
    ],
    "Alca": [
        -72.76472,
        -15.13472
    ],
    "Ajoyani": [
        -70.2,
        -14.1
    ],
    "Ayrihuanca": [
        -72.6125,
        -14.10472
    ],
    "Ahuac": [
        -75.35,
        -12.06667
    ],
    "Acos": [
        -76.82083,
        -11.27361
    ],
    "Acoria": [
        -74.88333,
        -12.61667
    ],
    "Acolla": [
        -75.54634,
        -11.73193
    ],
    "Acocro": [
        -74.04333,
        -13.21778
    ],
    "Acobambilla": [
        -75.38333,
        -12.65
    ],
    "Acobamba": [
        -75.65861,
        -11.35278
    ],
    "Accocunca": [
        -71.25417,
        -14.76944
    ],
    "Achoma": [
        -71.70083,
        -15.66083
    ],
    "Achaya": [
        -70.15,
        -15.26667
    ],
    "Achanizo": [
        -73.96694,
        -15.80611
    ],
    "Accomarca": [
        -73.90306,
        -13.8
    ],
    "Accha": [
        -71.82667,
        -13.97389
    ],
    "Acas": [
        -77.32728,
        -10.45778
    ],
    "Acarí": [
        -74.61552,
        -15.43092
    ],
    "Abancay": [
        -72.88139,
        -13.63389
    ],
    "Mosoc Llacta": [
        -71.47278,
        -14.12
    ],
    "Taray": [
        -71.8675,
        -13.4275
    ],
    "Huayllati": [
        -72.48389,
        -13.92778
    ],
    "Sabaino": [
        -72.94667,
        -14.30889
    ],
    "Ayahuay": [
        -73.06639,
        -14.20778
    ],
    "Huayllo": [
        -73.26861,
        -14.1325
    ],
    "Santo Tomas": [
        -72.08417,
        -14.44556
    ],
    "Caraybamba": [
        -73.16139,
        -14.37722
    ],
    "Curpahuasi": [
        -72.66972,
        -14.06222
    ],
    "Lomas": [
        -74.85056,
        -15.56806
    ],
    "Huarancante": [
        -71.45952,
        -15.76803
    ],
    "Ccolo": [
        -71.49184,
        -15.50611
    ],
    "Huarichancara": [
        -71.06111,
        -15.63972
    ],
    "Llongasora": [
        -71.29921,
        -15.63952
    ],
    "Jayune": [
        -71.30312,
        -15.56277
    ],
    "Chuquitira": [
        -70.04363,
        -17.28891
    ],
    "Callanca": [
        -71.1407,
        -14.18137
    ],
    "Cullcuyre": [
        -71.33119,
        -14.09272
    ],
    "Cahuanuyo": [
        -71.46311,
        -14.34147
    ],
    "Ccaquiracunca": [
        -71.45026,
        -14.27682
    ],
    "Chignayhua": [
        -71.44442,
        -14.2461
    ],
    "Ccuntuma": [
        -71.41216,
        -14.1254
    ],
    "Lima Pampa": [
        -71.33664,
        -14.08976
    ],
    "Jayobamba": [
        -71.33922,
        -14.09425
    ],
    "Queromarca": [
        -71.38343,
        -14.18391
    ],
    "Qquea": [
        -71.38583,
        -14.05417
    ],
    "Conchopata": [
        -71.19843,
        -14.46968
    ],
    "Mosoc Cancha": [
        -71.08774,
        -14.28514
    ],
    "Huayna Alcalde": [
        -71.09599,
        -14.26989
    ],
    "Aucara": [
        -73.97611,
        -14.28083
    ],
    "Caujul": [
        -76.97889,
        -10.80528
    ],
    "Bajo Pichanaqui": [
        -74.87417,
        -10.9275
    ],
    "Huaccana": [
        -73.68972,
        -13.3875
    ],
    "Echarate": [
        -72.57,
        -12.775
    ],
    "Jenaro Herrera": [
        -73.66806,
        -4.90389
    ],
    "Coviriali": [
        -74.6275,
        -11.2925
    ],
    "Kelluyo": [
        -69.25556,
        -16.72417
    ],
    "Providencia": [
        -78.24,
        -6.2975
    ],
    "Chalamarca": [
        -78.46861,
        -6.49139
    ],
    "Choropampa": [
        -78.34972,
        -6.4375
    ],
    "Collonce": [
        -78.21278,
        -6.28111
    ],
    "Santa Catalina": [
        -78.06139,
        -6.11167
    ],
    "Duraznopampa": [
        -77.80806,
        -6.59306
    ],
    "Matacoto": [
        -77.74917,
        -9.17833
    ],
    "Carhuac": [
        -77.69278,
        -9.26167
    ],
    "Cheto": [
        -77.70028,
        -6.25639
    ],
    "Daguas": [
        -77.74056,
        -6.22667
    ],
    "Longar": [
        -77.54528,
        -6.38278
    ],
    "Cochamal": [
        -77.58333,
        -6.40639
    ],
    "Parcoy": [
        -77.47917,
        -8.03389
    ],
    "Urpay": [
        -77.38944,
        -8.34722
    ],
    "Ullulluco": [
        -77.42667,
        -8.45556
    ],
    "Challas": [
        -77.32056,
        -8.43833
    ],
    "Huancaspata": [
        -77.29833,
        -8.45667
    ],
    "Naranjos": [
        -77.49722,
        -5.74278
    ],
    "Bajo Naranjillo": [
        -77.38278,
        -5.81528
    ],
    "Nueva Cajamarca": [
        -77.30806,
        -5.94056
    ],
    "Saramiriza": [
        -77.41583,
        -4.56556
    ],
    "Nuevo Progreso": [
        -76.32389,
        -8.4525
    ],
    "Huabal": [
        -78.92333,
        -5.61611
    ],
    "Yuyapichis": [
        -74.97389,
        -9.62778
    ],
    "Jacas Grande": [
        -76.73639,
        -9.53965
    ],
    "Cayhuayna": [
        -76.24853,
        -9.95851
    ],
    "Huancapallac": [
        -76.41455,
        -9.89412
    ],
    "El Rosario": [
        -75.67408,
        -11.78531
    ],
    "Masma Chicche": [
        -75.37849,
        -11.78593
    ],
    "Sausa": [
        -75.48414,
        -11.79319
    ],
    "Huertas": [
        -75.47441,
        -11.768
    ],
    "Mucllo": [
        -75.09115,
        -11.61607
    ],
    "Masma": [
        -75.42597,
        -11.78509
    ],
    "Matahuasi": [
        -75.3435,
        -11.89161
    ],
    "Hualhuas": [
        -75.24997,
        -11.97095
    ],
    "Saño": [
        -75.25685,
        -11.95671
    ],
    "Quilcas": [
        -75.25959,
        -11.93581
    ],
    "Quichuay": [
        -75.28571,
        -11.88982
    ],
    "Rapayan": [
        -76.75967,
        -9.20273
    ],
    "Anra": [
        -76.92328,
        -9.2329
    ],
    "San Pedro De Cachora": [
        -72.88333,
        -13.63333
    ],
    "Ledoy": [
        -76.65018,
        -7.12823
    ],
    "Pajarillo": [
        -76.6933,
        -7.18298
    ],
    "Shatoja": [
        -76.71823,
        -6.52821
    ],
    "La Rinconada": [
        -69.44638,
        -14.63126
    ]
}