{
    "Chuhar Jamāli": [
        67.99234,
        24.38953
    ],
    "Tīmurgara": [
        71.84149,
        34.82636
    ],
    "Rāwala Kot": [
        73.76043,
        33.85782
    ],
    "Pīr jo Goth": [
        68.61786,
        27.59102
    ],
    "Khairpur": [
        69.70076,
        28.06526
    ],
    "Ādilpur": [
        69.31868,
        27.93697
    ],
    "Ziārat": [
        67.72822,
        30.3823
    ],
    "Zhob": [
        69.44806,
        31.34111
    ],
    "Zaida": [
        72.46778,
        34.06028
    ],
    "Zāhir Pīr": [
        70.52405,
        28.81239
    ],
    "Zafarwāl": [
        74.89987,
        32.34631
    ],
    "Yazmān Mandi": [
        71.74459,
        29.12122
    ],
    "Wazīrābād": [
        74.11594,
        32.44583
    ],
    "Warburton": [
        73.83333,
        31.55
    ],
    "Wārāh": [
        67.79776,
        27.44808
    ],
    "Wāna": [
        69.5725,
        32.29889
    ],
    "Vihāri": [
        72.35,
        30.03333
    ],
    "Utmānzai": [
        71.76286,
        34.18799
    ],
    "Uthal": [
        66.62194,
        25.80722
    ],
    "Usta Muhammad": [
        68.04454,
        28.17943
    ],
    "Umarkot": [
        69.73624,
        25.36157
    ],
    "Ubauro": [
        69.7289,
        28.16524
    ],
    "Turbat": [
        63.04399,
        26.00228
    ],
    "Topi": [
        72.62358,
        34.07041
    ],
    "Toba Tek Singh": [
        72.48269,
        30.97433
    ],
    "Thul": [
        68.77588,
        28.24034
    ],
    "Thatta": [
        67.92353,
        24.74745
    ],
    "Thāru Shāh": [
        68.11602,
        26.94423
    ],
    "Taunsa": [
        70.65051,
        30.70484
    ],
    "Tānk": [
        70.37928,
        32.22168
    ],
    "Tangwāni": [
        68.99718,
        28.2787
    ],
    "Tangi": [
        71.65361,
        34.30056
    ],
    "Tando Muhammad Khān": [
        68.53577,
        25.12301
    ],
    "Tāndo Mittha Khān": [
        69.20247,
        25.99444
    ],
    "Tando Jām": [
        68.53619,
        25.42718
    ],
    "Tando Bāgo": [
        68.96614,
        24.78857
    ],
    "Tando Allāhyār": [
        68.71923,
        25.46263
    ],
    "Tando Ādam": [
        68.66098,
        25.76374
    ],
    "Tāndliānwāla": [
        73.13333,
        31.03333
    ],
    "Talhār": [
        68.81667,
        24.88333
    ],
    "Talamba": [
        72.24011,
        30.52708
    ],
    "Talagang": [
        72.41583,
        32.92973
    ],
    "Tāl": [
        72.24385,
        35.47908
    ],
    "Swābi": [
        72.46987,
        34.11988
    ],
    "Surkhpur": [
        74.45,
        32.71667
    ],
    "Sūrāb": [
        66.2585,
        28.49139
    ],
    "Sukkur": [
        68.85738,
        27.70516
    ],
    "Sukheke Mandi": [
        73.51122,
        31.86388
    ],
    "Sohbatpur": [
        68.54344,
        28.52017
    ],
    "Sodhra": [
        74.18234,
        32.46162
    ],
    "Sobhādero": [
        68.39764,
        27.30459
    ],
    "Skārdu": [
        75.63334,
        35.28851
    ],
    "Sīta Road": [
        67.85,
        27.03333
    ],
    "Sinjhoro": [
        68.80898,
        26.03031
    ],
    "Sillānwāli": [
        72.53984,
        31.82611
    ],
    "Sibi": [
        67.8764,
        29.5448
    ],
    "Siālkot": [
        74.54313,
        32.5101
    ],
    "Shujāābād": [
        71.29313,
        29.87967
    ],
    "Shorko": [
        70.87741,
        31.90991
    ],
    "Shīnpokh": [
        71.17821,
        34.3292
    ],
    "Shikārpur": [
        68.63789,
        27.95706
    ],
    "Sheikhupura": [
        73.97833,
        31.71306
    ],
    "Sharqpur": [
        74.1,
        31.46333
    ],
    "Shakargarr": [
        75.16682,
        32.26232
    ],
    "Shahr Sultān": [
        71.02116,
        29.57646
    ],
    "Shāhpur Chākar": [
        68.65093,
        26.15497
    ],
    "Shāhpur": [
        72.47204,
        32.2676
    ],
    "Shahkot": [
        73.48531,
        31.5709
    ],
    "Shāhdādpur": [
        68.61999,
        25.92406
    ],
    "Shāhdādkot": [
        67.9055,
        27.84771
    ],
    "Shabqadar": [
        71.55523,
        34.2139
    ],
    "Sehwān": [
        67.863,
        26.42794
    ],
    "Sargodha": [
        72.67111,
        32.08361
    ],
    "Sarāi Sidhu": [
        71.96977,
        30.59489
    ],
    "Sarāi Naurang": [
        70.78136,
        32.82591
    ],
    "Sarāi Ālamgīr": [
        73.75591,
        32.90122
    ],
    "Sann": [
        68.13777,
        26.04184
    ],
    "Sanjwāl": [
        72.43361,
        33.76083
    ],
    "Sāngla": [
        73.38333,
        31.71667
    ],
    "Sānghar": [
        68.9481,
        26.04656
    ],
    "Sambriāl": [
        74.35209,
        32.47455
    ],
    "Samaro": [
        69.39654,
        25.28147
    ],
    "Sakrand": [
        68.27361,
        26.13839
    ],
    "Saidu Sharīf": [
        72.3546,
        34.7447
    ],
    "Sāhīwāl": [
        72.33087,
        31.97446
    ],
    "Sahiwal": [
        73.1,
        30.66667
    ],
    "Sādiqābād": [
        70.13065,
        28.30623
    ],
    "Rustam jo Goth": [
        68.80481,
        27.96897
    ],
    "Rojhān": [
        69.95343,
        28.68677
    ],
    "Rohri": [
        68.89506,
        27.69223
    ],
    "Renāla Khurd": [
        73.6,
        30.88333
    ],
    "Rāwalpindi": [
        73.0679,
        33.6007
    ],
    "Ratodero": [
        68.28708,
        27.80296
    ],
    "Rasūlnagar": [
        73.78136,
        32.32853
    ],
    "Rānīpur": [
        68.50505,
        27.28792
    ],
    "Rājo Khanāni": [
        68.85357,
        24.98405
    ],
    "Rājanpur": [
        70.32504,
        29.10351
    ],
    "Rāja Jang": [
        74.25194,
        31.22083
    ],
    "Rāiwind": [
        74.21778,
        31.25444
    ],
    "Rādhan": [
        67.95,
        27.18333
    ],
    "Rabwāh": [
        72.91972,
        31.75583
    ],
    "Quetta": [
        67.00971,
        30.199
    ],
    "Qila Saifullāh": [
        68.35993,
        30.7013
    ],
    "Qila Abdullāh": [
        66.66083,
        30.72917
    ],
    "Kambar": [
        68.00103,
        27.58676
    ],
    "Qādirpur Rān": [
        71.67117,
        30.29238
    ],
    "Pithoro": [
        69.38333,
        25.51667
    ],
    "Pishin": [
        66.99611,
        30.58028
    ],
    "Pīr Mahal": [
        72.43333,
        30.76667
    ],
    "Pindi Gheb": [
        72.26609,
        33.24024
    ],
    "Pindi Bhattiān": [
        73.27302,
        31.89781
    ],
    "Pind Dādan Khān": [
        73.04564,
        32.58789
    ],
    "Phūlji": [
        67.6807,
        26.88251
    ],
    "Phālia": [
        73.57745,
        32.42973
    ],
    "Peshāwar": [
        71.57849,
        34.008
    ],
    "Pattoki": [
        73.85,
        31.01667
    ],
    "Pasrūr": [
        74.66342,
        32.26413
    ],
    "Pasni": [
        63.47103,
        25.26311
    ],
    "Pārachinār": [
        70.10012,
        33.89968
    ],
    "Pāno Āqil": [
        69.11156,
        27.85685
    ],
    "Panjgūr": [
        64.09028,
        26.96446
    ],
    "Palandri": [
        73.68739,
        33.7177
    ],
    "Pākpattan": [
        73.38664,
        30.34104
    ],
    "Pahārpur": [
        70.97235,
        32.10384
    ],
    "Pad Īdan": [
        68.30197,
        26.77475
    ],
    "Pabbi": [
        71.79889,
        34.01056
    ],
    "Ormāra": [
        64.6357,
        25.2088
    ],
    "Okāra": [
        73.44583,
        30.80806
    ],
    "Nushki": [
        66.02148,
        29.55423
    ],
    "Nowshera": [
        71.99773,
        34.00582
    ],
    "New Mīrpur": [
        73.76736,
        33.14176
    ],
    "Nawābshāh": [
        68.40955,
        26.24833
    ],
    "Naushahro Fīroz": [
        68.12298,
        26.84238
    ],
    "Naushahra Virkān": [
        73.97225,
        31.96284
    ],
    "Naudero": [
        68.36217,
        27.66477
    ],
    "Nasīrābād": [
        67.91678,
        27.38091
    ],
    "Nārowāl": [
        74.88333,
        32.1
    ],
    "Nārang": [
        74.51756,
        31.9132
    ],
    "Naukot": [
        69.40238,
        24.85869
    ],
    "Nankāna Sāhib": [
        73.69722,
        31.4475
    ],
    "Nabīsar": [
        69.64186,
        25.06854
    ],
    "Muzaffargarh": [
        71.19213,
        30.07537
    ],
    "Muzaffarābād": [
        73.47082,
        34.37002
    ],
    "Mustafābād": [
        73.49889,
        30.89222
    ],
    "Mūsa Khel Bāzār": [
        69.82295,
        30.86057
    ],
    "Murree": [
        73.39295,
        33.90727
    ],
    "Murīdke": [
        74.26167,
        31.8025
    ],
    "Multān": [
        71.47528,
        30.19556
    ],
    "Moro": [
        68.00156,
        26.66459
    ],
    "Mithi": [
        69.79811,
        24.73183
    ],
    "Mitha Tiwāna": [
        72.11083,
        32.24861
    ],
    "Mīrwāh Gorchani": [
        69.05211,
        25.30928
    ],
    "Mīrpur Sakro": [
        67.62771,
        24.54742
    ],
    "Mīrpur Māthelo": [
        69.54886,
        28.02271
    ],
    "Mirpur Khas": [
        69.0159,
        25.5251
    ],
    "Mīrpur Batoro": [
        68.26026,
        24.72861
    ],
    "Mīro Khān": [
        68.09212,
        27.75991
    ],
    "Mīrān Shāh": [
        70.06972,
        33.00861
    ],
    "Mingāora": [
        72.36249,
        34.77584
    ],
    "Minchinābād": [
        73.56854,
        30.163
    ],
    "Miānwāli": [
        71.52639,
        32.5741
    ],
    "Miān Channūn": [
        72.35431,
        30.44004
    ],
    "Mehrābpur": [
        68.0254,
        28.1085
    ],
    "Mehar": [
        67.82288,
        27.18067
    ],
    "Mātli": [
        68.65568,
        25.04312
    ],
    "Matiāri": [
        68.44666,
        25.59609
    ],
    "Mastung": [
        66.84505,
        29.79936
    ],
    "Mardān": [
        72.05254,
        34.20195
    ],
    "Mānsehra": [
        73.2,
        34.33333
    ],
    "Mankera": [
        71.44067,
        31.38656
    ],
    "Mangla": [
        72.38167,
        31.89306
    ],
    "Mandi Bahāuddīn": [
        73.48432,
        32.58339
    ],
    "Mānānwāla": [
        73.68778,
        31.58417
    ],
    "Māmu Kānjan": [
        72.8,
        30.83333
    ],
    "Malir Cantonment": [
        67.2066,
        24.9424
    ],
    "Malakwāl": [
        73.21234,
        32.55362
    ],
    "Malakand": [
        71.93043,
        34.56561
    ],
    "Mailsi": [
        72.17583,
        29.80028
    ],
    "Madeji": [
        68.45256,
        27.75443
    ],
    "Mach": [
        67.32978,
        29.86371
    ],
    "Loralai": [
        68.59798,
        30.37053
    ],
    "Lodhrān": [
        71.63357,
        29.54051
    ],
    "Liliāni": [
        72.95372,
        32.20651
    ],
    "Leiah": [
        70.93904,
        30.96128
    ],
    "Lārkāna": [
        68.21414,
        27.55508
    ],
    "Landi Kotal": [
        71.14667,
        34.10167
    ],
    "Lāliān": [
        72.79971,
        31.82414
    ],
    "Lāla Mūsa": [
        73.96,
        32.70235
    ],
    "Lakki Marwat": [
        70.91142,
        32.60795
    ],
    "Lakhi": [
        68.69936,
        27.84958
    ],
    "Lahore": [
        74.34361,
        31.54972
    ],
    "Ladhewāla Warāich": [
        74.11701,
        32.15656
    ],
    "Lāchi": [
        71.33858,
        33.38325
    ],
    "Kunri": [
        69.56913,
        25.17847
    ],
    "Kunjāh": [
        73.97368,
        32.52848
    ],
    "Kundiān": [
        71.47754,
        32.45872
    ],
    "Kulāchi": [
        70.45917,
        31.92861
    ],
    "Kot Sultan": [
        70.93125,
        30.7737
    ],
    "Kot Samāba": [
        70.46837,
        28.5522
    ],
    "Kotri": [
        68.31216,
        25.366
    ],
    "Kot Rādha Kishan": [
        74.09972,
        31.1725
    ],
    "Kot Mūmin": [
        73.02798,
        32.18954
    ],
    "Kot Malik": [
        66.99299,
        30.19438
    ],
    "Kotli Lohārān": [
        74.49321,
        32.5883
    ],
    "Kotli": [
        73.91667,
        33.51667
    ],
    "Kot Ghulām Muhammad": [
        74.54798,
        32.33298
    ],
    "Kot Diji": [
        68.70834,
        27.34272
    ],
    "Kot Addu": [
        70.96714,
        30.4692
    ],
    "Kohlu": [
        69.25199,
        29.89615
    ],
    "Kohāt": [
        71.44929,
        33.58196
    ],
    "Khushāb": [
        72.3525,
        32.29667
    ],
    "Khurriānwāla": [
        73.26667,
        31.50056
    ],
    "Khewra": [
        73.01058,
        32.64793
    ],
    "Khāriān": [
        73.86359,
        32.81493
    ],
    "Khārān": [
        65.41667,
        28.58333
    ],
    "Karak": [
        71.0949,
        33.11738
    ],
    "Khapalu": [
        76.34404,
        35.15268
    ],
    "Khānpur": [
        69.41373,
        27.84358
    ],
    "Khāngarh": [
        71.16184,
        29.9173
    ],
    "Khāngāh Dogrān": [
        73.62306,
        31.83167
    ],
    "Khānewāl": [
        71.93333,
        30.3
    ],
    "Khalābat": [
        72.88944,
        34.06
    ],
    "Khairpur Nathan Shāh": [
        67.73366,
        27.09359
    ],
    "Khadro": [
        68.71764,
        26.14723
    ],
    "Keti Bandar": [
        67.44972,
        24.14472
    ],
    "Kasūr": [
        74.44667,
        31.11556
    ],
    "Kashmor": [
        69.58333,
        28.43333
    ],
    "Karor": [
        70.94923,
        31.22741
    ],
    "Kario": [
        68.60448,
        24.80817
    ],
    "Karaundi": [
        68.40681,
        26.89745
    ],
    "Karachi": [
        67.0822,
        24.9056
    ],
    "Kanganpur": [
        74.12311,
        30.76629
    ],
    "Kandiāro": [
        68.20909,
        27.06011
    ],
    "Kandiāri": [
        68.5216,
        26.91558
    ],
    "Kandhkot": [
        69.18235,
        28.24396
    ],
    "Kāmra": [
        73.51107,
        33.74734
    ],
    "Kamoke": [
        74.22444,
        31.97444
    ],
    "Kamīr": [
        73.05,
        30.43333
    ],
    "Kamar Mushāni": [
        71.36694,
        32.84389
    ],
    "Kamālia": [
        72.65,
        30.73333
    ],
    "Kalūr Kot": [
        71.25944,
        32.15639
    ],
    "Kallar Kahār": [
        72.7,
        32.78333
    ],
    "Kāleke Mandi": [
        73.60259,
        31.97718
    ],
    "Kalāt": [
        66.5916,
        29.02252
    ],
    "Kalāswāla": [
        74.64914,
        32.20093
    ],
    "Kālābāgh": [
        71.55697,
        32.965
    ],
    "Kahūta": [
        73.38676,
        33.5913
    ],
    "Kohror Pakka": [
        71.91673,
        29.62382
    ],
    "Kāhna": [
        74.36528,
        31.36917
    ],
    "Kadhan": [
        68.9859,
        24.48102
    ],
    "Kabīrwāla": [
        71.8667,
        30.40677
    ],
    "Johi": [
        67.6133,
        26.69206
    ],
    "Jīwani": [
        61.7468,
        25.04992
    ],
    "Jhumra": [
        73.18347,
        31.56781
    ],
    "Jhol": [
        68.88821,
        25.95507
    ],
    "Jhelum": [
        73.72637,
        32.93313
    ],
    "Jhawāriān": [
        72.62278,
        32.36139
    ],
    "Jhatpat": [
        68.34874,
        28.37477
    ],
    "Jhang Sadr": [
        72.32842,
        31.27154
    ],
    "Jauharābād": [
        72.2813,
        32.2898
    ],
    "Jatoi Shimāli": [
        70.85032,
        29.51654
    ],
    "Jāti": [
        68.26706,
        24.3539
    ],
    "Jarānwāla": [
        73.43333,
        31.33333
    ],
    "Jāndiāla Sher Khān": [
        73.91812,
        31.81986
    ],
    "Jand": [
        72.01928,
        33.42985
    ],
    "Jamshoro": [
        68.29027,
        25.43939
    ],
    "Jāmpur": [
        70.59544,
        29.64414
    ],
    "Jalālpur Pīrwāla": [
        71.21917,
        29.50687
    ],
    "Jalālpur": [
        74.21829,
        32.63744
    ],
    "Jahāniān Shāh": [
        72.27711,
        31.80552
    ],
    "Jacobābād": [
        68.43876,
        28.281
    ],
    "Islāmkot": [
        70.177,
        24.6997
    ],
    "Islamabad": [
        73.04329,
        33.72148
    ],
    "Hyderābād": [
        68.37366,
        25.39242
    ],
    "Hujra": [
        73.82358,
        30.74179
    ],
    "Hingorja": [
        68.41598,
        27.21088
    ],
    "Hazro": [
        72.49212,
        33.90914
    ],
    "Haveliān": [
        73.16571,
        34.0536
    ],
    "Haveli": [
        73.69888,
        30.45016
    ],
    "Hāsilpur": [
        72.55528,
        29.71222
    ],
    "Hasan Abdāl": [
        72.7,
        30.43333
    ],
    "Haru Zbad": [
        73.13889,
        29.61333
    ],
    "Harnoli": [
        71.55389,
        32.27917
    ],
    "Harnai": [
        67.93741,
        30.10047
    ],
    "Harīpur": [
        72.93409,
        33.99997
    ],
    "Hangu": [
        71.05934,
        33.53108
    ],
    "Hāla": [
        68.42273,
        25.81308
    ],
    "Hāfizābād": [
        73.68545,
        32.06786
    ],
    "Hadāli": [
        74.56904,
        32.64132
    ],
    "Gwadar": [
        62.32541,
        25.12163
    ],
    "Gujrāt": [
        74.07897,
        32.57284
    ],
    "Gujrānwāla": [
        74.18831,
        32.16167
    ],
    "Gūjar Khān": [
        73.30255,
        33.25579
    ],
    "Gojra": [
        72.68656,
        31.14874
    ],
    "Gilgit": [
        74.31245,
        35.91868
    ],
    "Ghotki": [
        69.31608,
        28.00604
    ],
    "Ghauspur": [
        69.08305,
        28.13906
    ],
    "Ghāro": [
        67.58565,
        24.74241
    ],
    "Garh Mahārāja": [
        71.90529,
        30.83388
    ],
    "Garhi Yāsīn": [
        68.51096,
        27.9069
    ],
    "Garhi Khairo": [
        67.98027,
        28.06058
    ],
    "Goth Garelo": [
        68.0755,
        27.43517
    ],
    "Gandāva": [
        67.4854,
        28.6127
    ],
    "Gambat": [
        68.52051,
        27.35145
    ],
    "Gākuch": [
        73.76383,
        36.17683
    ],
    "Gadāni": [
        66.72985,
        25.11853
    ],
    "Fort Abbās": [
        72.85361,
        29.1925
    ],
    "Fazalpur": [
        75.06667,
        32.18333
    ],
    "Chak Two Hundred Forty-Nine TDA": [
        71.20946,
        31.17959
    ],
    "Faruka": [
        72.4144,
        31.88722
    ],
    "Faqīrwāli": [
        73.03403,
        29.46631
    ],
    "Faisalābād": [
        73.08333,
        31.41667
    ],
    "Eminābād": [
        74.25944,
        32.04219
    ],
    "Dunyāpur": [
        71.71958,
        29.7995
    ],
    "Dunga Bunga": [
        73.24324,
        29.74931
    ],
    "Dullewāla": [
        71.43625,
        31.83587
    ],
    "Duki": [
        68.5728,
        30.15414
    ],
    "Dokri": [
        68.09673,
        27.37427
    ],
    "Doāba": [
        70.73639,
        33.42444
    ],
    "Dīr": [
        71.87556,
        35.20583
    ],
    "Diplo": [
        69.58401,
        24.46667
    ],
    "Dīpālpur": [
        73.65292,
        30.67091
    ],
    "Dinga": [
        73.72202,
        32.63976
    ],
    "Dijkot": [
        72.98333,
        31.21667
    ],
    "Digri": [
        69.11129,
        25.15579
    ],
    "Dhoro Nāro": [
        69.56667,
        25.5
    ],
    "Dhaunkal": [
        74.13687,
        32.40623
    ],
    "Dhanot": [
        71.75213,
        29.57991
    ],
    "Dera Ismāīl Khān": [
        70.9024,
        31.83269
    ],
    "Dera Ghazi Khan": [
        70.63477,
        30.05614
    ],
    "Dera Bugti": [
        69.15099,
        29.03069
    ],
    "Daur": [
        68.31915,
        26.45834
    ],
    "Daultāla": [
        73.14128,
        33.19253
    ],
    "Daulatpur": [
        67.9706,
        26.50154
    ],
    "Dāūd Khel": [
        71.57012,
        32.87498
    ],
    "Daska": [
        74.34974,
        32.32426
    ],
    "Darya Khān Marri": [
        68.2859,
        26.67748
    ],
    "Darya Khān": [
        71.10394,
        31.79123
    ],
    "Dāro Mehar": [
        68.18052,
        24.79463
    ],
    "Dālbandīn": [
        64.41009,
        28.8947
    ],
    "Dājal": [
        70.37615,
        29.55767
    ],
    "Dāira Dīn Panāh": [
        70.93611,
        30.5702
    ],
    "Daggar": [
        72.48432,
        34.51028
    ],
    "Dadu": [
        67.77631,
        26.73286
    ],
    "Dādhar": [
        67.65135,
        29.47527
    ],
    "Chūniān": [
        73.98029,
        30.96397
    ],
    "Chūhar Kāna": [
        73.8,
        31.75
    ],
    "Chor": [
        69.76667,
        25.51667
    ],
    "Choa Saidān Shāh": [
        72.98486,
        32.72006
    ],
    "Chitral": [
        71.7858,
        35.84623
    ],
    "Chishtiān Mandi": [
        72.86667,
        29.8
    ],
    "Chiniot": [
        72.97889,
        31.72
    ],
    "Chilas": [
        74.10352,
        35.41172
    ],
    "Chīchāwatni": [
        72.7,
        30.53333
    ],
    "Cherāt": [
        71.89153,
        33.82328
    ],
    "Chawinda": [
        74.70612,
        32.34692
    ],
    "Chārsadda": [
        71.73173,
        34.14345
    ],
    "Chambar": [
        68.81201,
        25.29313
    ],
    "Chaman": [
        66.45116,
        30.9236
    ],
    "Chakwāl": [
        72.85853,
        32.93338
    ],
    "Chak Āzam Saffo": [
        73.03333,
        30.75
    ],
    "Chak": [
        68.83292,
        27.85754
    ],
    "Būrewāla": [
        72.65,
        30.16667
    ],
    "Bulri": [
        68.33333,
        24.86667
    ],
    "Bozdar": [
        68.63604,
        27.18275
    ],
    "Bhopālwāla": [
        74.3633,
        32.42888
    ],
    "Bhit Shāh": [
        68.49265,
        25.80437
    ],
    "Bhiria": [
        68.19484,
        26.91067
    ],
    "Bhimbar": [
        74.07926,
        32.97568
    ],
    "Bhera": [
        72.9097,
        32.48318
    ],
    "Bhawāna": [
        72.64899,
        31.56918
    ],
    "Bhān": [
        67.72139,
        26.55831
    ],
    "Bhalwāl": [
        72.90425,
        32.27204
    ],
    "Bhakkar": [
        71.06574,
        31.62525
    ],
    "Bhāi Pheru": [
        73.95,
        31.2
    ],
    "Bhāg": [
        67.8239,
        29.0415
    ],
    "Berāni": [
        68.80686,
        25.785
    ],
    "Bela": [
        66.3111,
        26.2271
    ],
    "Begowāla": [
        74.26824,
        32.43759
    ],
    "Bat Khela": [
        71.97139,
        34.61667
    ],
    "Batgrām": [
        73.02329,
        34.67719
    ],
    "Basīrpur": [
        73.829,
        30.58318
    ],
    "Bārkhān": [
        69.52555,
        29.8977
    ],
    "Bannu": [
        70.6027,
        32.98541
    ],
    "Bāndhi": [
        68.30058,
        26.58613
    ],
    "Bakhri Ahmad Khan": [
        70.83796,
        30.73586
    ],
    "Bahāwalpur": [
        71.68333,
        29.4
    ],
    "Bahāwalnagar": [
        73.39083,
        30.55083
    ],
    "Bāgh": [
        73.77608,
        33.98111
    ],
    "Bāgarji": [
        68.75236,
        27.75599
    ],
    "Baffa": [
        73.21937,
        34.43782
    ],
    "Badīn": [
        68.83841,
        24.65599
    ],
    "Baddomalhi": [
        74.66834,
        31.99283
    ],
    "Awārān": [
        65.2312,
        26.4555
    ],
    "Attock City": [
        72.3741,
        33.77311
    ],
    "Ārifwāla": [
        73.07354,
        30.29399
    ],
    "Amangarh": [
        71.93,
        34.00583
    ],
    "Alīzai": [
        70.34616,
        33.53833
    ],
    "Alīpur": [
        70.91157,
        29.38464
    ],
    "Alīābad": [
        74.61545,
        36.30703
    ],
    "Akora": [
        72.12611,
        34.00361
    ],
    "Ahmadpur East": [
        71.25976,
        29.14309
    ],
    "Abbottābād": [
        73.21449,
        34.14685
    ],
    "Jhang City": [
        72.32814,
        31.30677
    ],
    "Gulishāh Kach": [
        70.33922,
        32.67074
    ],
    "Nowshera Cantonment": [
        71.99834,
        33.99829
    ],
    "Alik Ghund": [
        67.52261,
        30.48963
    ],
    "Khadan Khāk": [
        67.70846,
        30.74774
    ],
    "Ahmadpur Siāl": [
        71.74828,
        30.67539
    ],
    "New Bādāh": [
        68.03194,
        27.34167
    ],
    "Tando Ghulām Ali": [
        68.86759,
        25.13111
    ],
    "Dera Murād Jamāli": [
        68.22308,
        28.54657
    ],
    "Jām Sāhib": [
        68.62917,
        26.29583
    ],
    "Chowki Jamali": [
        67.92083,
        28.01944
    ],
    "Sethārja Old": [
        68.46883,
        27.2127
    ],
    "Risālpur": [
        71.99166,
        34.06186
    ],
    "Noorābād": [
        71.96656,
        34.25195
    ],
    "Alpūrai": [
        72.63256,
        34.92058
    ],
    "Malakwal City": [
        73.2122,
        32.55492
    ],
    "Mehmand Chak": [
        73.82306,
        32.78518
    ],
    "Basti Dosa": [
        70.86853,
        30.78769
    ],
    "Moza Shahwala": [
        70.84911,
        30.80563
    ],
    "Khuzdār": [
        66.64336,
        27.73838
    ],
    "Īdgāh": [
        74.8561,
        35.3447
    ],
    "Dasu": [
        73.2906,
        35.29169
    ],
    "Barishāl": [
        74.6786,
        36.3163
    ],
    "Athmuqam": [
        73.89724,
        34.57173
    ],
    "Nazir Town": [
        73.4833,
        33.30614
    ],
    "Amirabad": [
        73.09078,
        34.18729
    ],
    "Kakad Wari Dir Upper": [
        72.07295,
        34.99798
    ]
}