{
    "Vila Viçosa": [
        -7.41793,
        38.7777
    ],
    "Vila Real de Santo António": [
        -7.41766,
        37.195
    ],
    "Vila Nova de Milfontes": [
        -8.78278,
        37.72377
    ],
    "Vila Franca de Xira": [
        -8.98966,
        38.95525
    ],
    "Vila de Porto Santo": [
        -16.3341,
        33.06018
    ],
    "Vieira de Leiria": [
        -8.93238,
        39.86945
    ],
    "Vialonga": [
        -9.06823,
        38.87094
    ],
    "Ventosa": [
        -9.08424,
        39.12696
    ],
    "Vendas Novas": [
        -8.45792,
        38.67706
    ],
    "Venda do Pinheiro": [
        -9.23178,
        38.92365
    ],
    "Vale da Amoreira": [
        -7.69849,
        39.06969
    ],
    "Urra": [
        -7.39856,
        39.2283
    ],
    "Unhos": [
        -9.12231,
        38.82589
    ],
    "Turquel": [
        -8.97743,
        39.46412
    ],
    "Tramagal": [
        -8.25,
        39.45
    ],
    "Trafaria": [
        -9.23268,
        38.67222
    ],
    "Torres Vedras": [
        -9.2586,
        39.09109
    ],
    "Torres Novas": [
        -8.53949,
        39.48114
    ],
    "Tomar": [
        -8.40924,
        39.60199
    ],
    "Terrugem": [
        -9.28693,
        38.70647
    ],
    "Tavira": [
        -7.64861,
        37.12734
    ],
    "Souto da Carpalhosa": [
        -8.82332,
        39.84569
    ],
    "Sobreda": [
        -9.18977,
        38.64961
    ],
    "Sobralinho": [
        -9.02656,
        38.91703
    ],
    "Sintra": [
        -9.37826,
        38.80097
    ],
    "Sines": [
        -8.86979,
        37.95622
    ],
    "Silves": [
        -8.43822,
        37.18921
    ],
    "Silveira": [
        -9.3643,
        39.1112
    ],
    "Sesimbra": [
        -9.10149,
        38.44451
    ],
    "Setúbal": [
        -8.8882,
        38.5244
    ],
    "Sertã": [
        -8.09883,
        39.80846
    ],
    "Serpa": [
        -7.59754,
        37.94581
    ],
    "São Vicente": [
        -17.04323,
        32.79673
    ],
    "São Teotónio": [
        -8.70708,
        37.51282
    ],
    "São Pedro da Cadeira": [
        -9.37174,
        39.06983
    ],
    "São Julião": [
        -7.31106,
        39.32268
    ],
    "São João dos Montes": [
        -9.01892,
        38.93944
    ],
    "São João da Talha": [
        -9.09079,
        38.82183
    ],
    "São João das Lampas": [
        -9.39842,
        38.87376
    ],
    "São Domingos de Rana": [
        -9.3276,
        38.70123
    ],
    "São Brás de Alportel": [
        -7.88752,
        37.1531
    ],
    "São Bartolomeu de Messines": [
        -8.2867,
        37.26024
    ],
    "Santo António da Charneca": [
        -9.03043,
        38.62561
    ],
    "Santo Antão do Tojal": [
        -9.13975,
        38.85151
    ],
    "Santo André": [
        -8.75212,
        38.05444
    ],
    "Santiago do Cacém": [
        -8.69475,
        38.01694
    ],
    "Santarém": [
        -8.68333,
        39.23333
    ],
    "Santana": [
        -16.88333,
        32.8
    ],
    "Santa Iria da Azóia": [
        -9.08748,
        38.84629
    ],
    "Santa Cruz": [
        -16.8,
        32.68333
    ],
    "Santa Catarina da Serra": [
        -8.68679,
        39.6796
    ],
    "Santa Bárbara de Nexe": [
        -7.96648,
        37.10619
    ],
    "Samora Correia": [
        -8.87178,
        38.93709
    ],
    "Salvaterra de Magos": [
        -8.7935,
        39.02788
    ],
    "Sagres": [
        -8.94311,
        37.00864
    ],
    "Sacavém": [
        -9.10801,
        38.79202
    ],
    "Rio Maior": [
        -8.93906,
        39.33732
    ],
    "Rio de Mouro": [
        -9.3276,
        38.77457
    ],
    "Ribeira Brava": [
        -17.06667,
        32.65
    ],
    "Riachos": [
        -8.5142,
        39.44472
    ],
    "Reguengos de Monsaraz": [
        -7.53494,
        38.42529
    ],
    "Reguengo": [
        -7.39234,
        39.29801
    ],
    "Redondo": [
        -7.54708,
        38.64872
    ],
    "Ramada": [
        -9.19216,
        38.80235
    ],
    "Quinta do Anjo": [
        -8.94228,
        38.56753
    ],
    "Queluz": [
        -9.25451,
        38.75657
    ],
    "Quejas": [
        -9.26593,
        38.72236
    ],
    "Quarteira": [
        -8.10064,
        37.06946
    ],
    "Proença-a-Nova": [
        -7.9239,
        39.7522
    ],
    "Pragal": [
        -9.16981,
        38.67459
    ],
    "Póvoa e Meadas": [
        -7.51765,
        39.51046
    ],
    "Póvoa de Santo Adrião": [
        -9.16667,
        38.8
    ],
    "Póvoa de Santa Iria": [
        -9.06453,
        38.86101
    ],
    "Porto Salvo": [
        -9.29833,
        38.71745
    ],
    "Porto Moniz": [
        -17.16667,
        32.85
    ],
    "Porto de Mós": [
        -8.81839,
        39.60191
    ],
    "Porto Covo": [
        -8.79018,
        37.85256
    ],
    "Portimão": [
        -8.53775,
        37.13856
    ],
    "Portalegre": [
        -7.43122,
        39.29379
    ],
    "Pontinha": [
        -9.19935,
        38.76771
    ],
    "Pontével": [
        -8.8388,
        39.14945
    ],
    "Ponte de Sor": [
        -8.01009,
        39.24964
    ],
    "Ponta do Sol": [
        -17.1,
        32.66667
    ],
    "Pombal": [
        -8.62847,
        39.91674
    ],
    "Poceirão": [
        -8.79365,
        38.83095
    ],
    "Pinhal Novo": [
        -8.91376,
        38.63106
    ],
    "Piedade": [
        -9.15,
        38.66667
    ],
    "Pero Pinheiro": [
        -9.32352,
        38.85783
    ],
    "Peniche": [
        -9.38112,
        39.3558
    ],
    "Pataias": [
        -8.9958,
        39.66978
    ],
    "Parede": [
        -9.35412,
        38.69282
    ],
    "Palmela": [
        -8.90126,
        38.56902
    ],
    "Paço de Arcos": [
        -9.29143,
        38.69569
    ],
    "Ourém": [
        -8.5919,
        39.64168
    ],
    "Olival do Basto": [
        -9.16621,
        38.79079
    ],
    "Olhão": [
        -7.8411,
        37.0286
    ],
    "Odivelas": [
        -9.1838,
        38.79269
    ],
    "Odemira": [
        -8.63972,
        37.59798
    ],
    "Óbidos": [
        -9.1567,
        39.36055
    ],
    "Nossa Senhora do Monte": [
        -16.9,
        32.66667
    ],
    "Nazaré": [
        -9.06836,
        39.60289
    ],
    "Moura": [
        -7.44856,
        38.1401
    ],
    "Moscavide": [
        -9.10222,
        38.77929
    ],
    "Montijo": [
        -8.97388,
        38.70675
    ],
    "Monte Redondo": [
        -8.83171,
        39.8993
    ],
    "Montemor-o-Novo": [
        -8.21455,
        38.64812
    ],
    "Monte Gordo": [
        -7.45225,
        37.18192
    ],
    "Monte Estoril": [
        -9.41606,
        38.70279
    ],
    "Monsanto": [
        -8.7118,
        39.46203
    ],
    "Monchique": [
        -8.55529,
        37.31775
    ],
    "Moncarapacho": [
        -7.78722,
        37.08863
    ],
    "Moita": [
        -8.99038,
        38.65078
    ],
    "Milharado": [
        -9.19914,
        38.94732
    ],
    "Marvão": [
        -7.37663,
        39.39377
    ],
    "Marinhais": [
        -8.70236,
        39.0473
    ],
    "Marinha Grande": [
        -8.93228,
        39.74769
    ],
    "Malveira": [
        -9.25778,
        38.93213
    ],
    "Mafra": [
        -9.32756,
        38.93793
    ],
    "Machico": [
        -16.76667,
        32.7
    ],
    "Maceira": [
        -8.89423,
        39.68853
    ],
    "Luz": [
        -7.70433,
        37.09216
    ],
    "Lourinhã": [
        -9.31667,
        39.23333
    ],
    "Louriçal": [
        -8.73736,
        40.0039
    ],
    "Loures": [
        -9.16845,
        38.83091
    ],
    "Loulé": [
        -8.01968,
        37.13772
    ],
    "Lisbon": [
        -9.13333,
        38.71667
    ],
    "Linda-a-Velha": [
        -9.2422,
        38.71446
    ],
    "Leiria": [
        -8.80705,
        39.74362
    ],
    "Laranjeiro": [
        -7.7937,
        37.06831
    ],
    "Lagos": [
        -8.67422,
        37.10202
    ],
    "Lagoa": [
        -27.98333,
        39.05
    ],
    "Guia": [
        -8.29962,
        37.12959
    ],
    "Grândola": [
        -8.56675,
        38.17718
    ],
    "Golegã": [
        -8.48625,
        39.40474
    ],
    "Funchal": [
        -16.9,
        32.63333
    ],
    "Fortios": [
        -7.50057,
        39.32494
    ],
    "Ferreiras": [
        -8.23759,
        37.12926
    ],
    "Ferreira do Alentejo": [
        -8.03333,
        38.05
    ],
    "Fazendas de Almeirim": [
        -8.56927,
        39.17553
    ],
    "Fátima": [
        -8.65237,
        39.62071
    ],
    "Faro": [
        -7.93223,
        37.01937
    ],
    "Famões": [
        -9.21033,
        38.78804
    ],
    "Fajã da Ovelha": [
        -17.23412,
        32.77457
    ],
    "Évora": [
        -7.9,
        38.56667
    ],
    "Estremoz": [
        -7.58585,
        38.84432
    ],
    "Estreito da Calheta": [
        -17.18674,
        32.73704
    ],
    "Estoril": [
        -9.39773,
        38.70571
    ],
    "Estômbar": [
        -8.48505,
        37.14629
    ],
    "Ericeira": [
        -9.41563,
        38.96275
    ],
    "Entroncamento": [
        -8.46667,
        39.46667
    ],
    "Elvas": [
        -7.16282,
        38.8815
    ],
    "Curral das Freiras": [
        -16.96993,
        32.72029
    ],
    "Costa de Caparica": [
        -9.23556,
        38.64458
    ],
    "Coruche": [
        -8.52524,
        38.95955
    ],
    "Corroios": [
        -9.14843,
        38.64502
    ],
    "Colares": [
        -9.44691,
        38.79922
    ],
    "Charneca": [
        -9.19149,
        38.62059
    ],
    "Cercal": [
        -8.67153,
        37.80601
    ],
    "Castro Verde": [
        -8.08581,
        37.69828
    ],
    "Castro Marim": [
        -7.4435,
        37.22068
    ],
    "Castelo de Vide": [
        -7.4568,
        39.41624
    ],
    "Castelo Branco": [
        -7.49087,
        39.82219
    ],
    "Castanheira do Ribatejo": [
        -8.97346,
        38.99298
    ],
    "Castanheira de Pêra": [
        -8.21048,
        40.00717
    ],
    "Cascais": [
        -9.42146,
        38.6979
    ],
    "Carvoeiro": [
        -8.45381,
        37.09051
    ],
    "Cartaxo": [
        -8.78741,
        39.16022
    ],
    "Carregado": [
        -8.97692,
        39.02362
    ],
    "Carnaxide": [
        -9.24671,
        38.72706
    ],
    "Carcavelos": [
        -9.32215,
        38.69105
    ],
    "Caranguejeira": [
        -8.7074,
        39.74619
    ],
    "Caparica": [
        -9.2,
        38.66667
    ],
    "Caniço": [
        -16.85,
        32.63333
    ],
    "Caniçal": [
        -16.73836,
        32.73834
    ],
    "Caneças": [
        -9.22679,
        38.81321
    ],
    "Campo Maior": [
        -7.06497,
        39.01774
    ],
    "Campanário": [
        -17.03576,
        32.66578
    ],
    "Camarate": [
        -9.12808,
        38.80358
    ],
    "Câmara de Lobos": [
        -16.96667,
        32.63333
    ],
    "Camacha": [
        -16.84462,
        32.67919
    ],
    "Calheta": [
        -17.18333,
        32.71667
    ],
    "Caldas da Rainha": [
        -9.13839,
        39.40326
    ],
    "Cacilhas": [
        -9.14663,
        38.68773
    ],
    "Cacém": [
        -9.29793,
        38.76698
    ],
    "Bucelas": [
        -9.11885,
        38.90193
    ],
    "Borba": [
        -7.45465,
        38.80553
    ],
    "Bombarral": [
        -9.15795,
        39.26723
    ],
    "Boliqueime": [
        -8.1582,
        37.13718
    ],
    "Bobadela": [
        -9.09925,
        38.80774
    ],
    "Benedita": [
        -8.96996,
        39.4247
    ],
    "Benavente": [
        -8.80759,
        38.97919
    ],
    "Belas": [
        -9.26078,
        38.77721
    ],
    "Beja": [
        -7.86323,
        38.01506
    ],
    "Batalha": [
        -8.82475,
        39.66025
    ],
    "Barreiro": [
        -9.0724,
        38.66314
    ],
    "Barcarena": [
        -9.28,
        38.73245
    ],
    "Azambuja": [
        -8.86822,
        39.07029
    ],
    "Aveiras de Cima": [
        -8.89932,
        39.13796
    ],
    "Atouguia da Baleia": [
        -9.3263,
        39.33814
    ],
    "Arruda dos Vinhos": [
        -9.07746,
        38.98411
    ],
    "Arrentela": [
        -9.1,
        38.61667
    ],
    "Armação de Pêra": [
        -8.35695,
        37.10256
    ],
    "Arco da Calheta": [
        -17.14974,
        32.71502
    ],
    "Apelação": [
        -9.13225,
        38.81387
    ],
    "Amora": [
        -9.11557,
        38.62961
    ],
    "Amor": [
        -8.85984,
        39.80404
    ],
    "Amadora": [
        -9.23083,
        38.75382
    ],
    "Alvor": [
        -8.59174,
        37.12994
    ],
    "Alter do Chão": [
        -7.65893,
        39.19741
    ],
    "Alpiarça": [
        -8.58187,
        39.25712
    ],
    "Almeirim": [
        -8.61643,
        39.20903
    ],
    "Almargem": [
        -9.27316,
        38.84485
    ],
    "Almancil": [
        -8.03074,
        37.08686
    ],
    "Almada": [
        -9.1569,
        38.67902
    ],
    "Aljustrel": [
        -8.16516,
        37.87759
    ],
    "Aljubarrota": [
        -8.92925,
        39.56716
    ],
    "Aljezur": [
        -8.8033,
        37.31915
    ],
    "Alhos Vedros": [
        -9.02368,
        38.65486
    ],
    "Alhandra": [
        -9.00864,
        38.92732
    ],
    "Algés": [
        -9.22936,
        38.70245
    ],
    "Alferrarede": [
        -8.16667,
        39.48333
    ],
    "Alenquer": [
        -9.00928,
        39.05315
    ],
    "Alegrete": [
        -7.32342,
        39.23983
    ],
    "Aldeia de Paio Pires": [
        -9.08333,
        38.61667
    ],
    "Alcoentre": [
        -8.95953,
        39.20857
    ],
    "Alcochete": [
        -8.96086,
        38.75534
    ],
    "Alcobaça": [
        -8.9775,
        39.55223
    ],
    "Alcanena": [
        -8.66892,
        39.459
    ],
    "Alcanede": [
        -8.82189,
        39.41501
    ],
    "Alcains": [
        -7.45655,
        39.91642
    ],
    "Alcácer do Sal": [
        -8.51444,
        38.37326
    ],
    "Alcabideche": [
        -9.40928,
        38.73366
    ],
    "Albufeira": [
        -8.2503,
        37.08819
    ],
    "Alagoa": [
        -7.53894,
        39.36125
    ],
    "A dos Cunhados": [
        -9.2972,
        39.15237
    ],
    "Abrantes": [
        -8.2,
        39.46667
    ],
    "Vizela": [
        -8.24887,
        41.38242
    ],
    "Viseu": [
        -7.90971,
        40.66101
    ],
    "Vilela": [
        -7.60338,
        41.22511
    ],
    "Vila Verde": [
        -8.43715,
        41.64729
    ],
    "Vilarinho": [
        -8.33123,
        41.35955
    ],
    "Vila Real": [
        -7.74413,
        41.30062
    ],
    "Vilar do Paraíso": [
        -8.6211,
        41.08974
    ],
    "Vilar de Andorinho": [
        -8.59632,
        41.10751
    ],
    "Vila Praia de Âncora": [
        -8.85255,
        41.81098
    ],
    "Vila Nova de Gaia": [
        -8.61742,
        41.13363
    ],
    "Vila Nova de Famalicão": [
        -8.51978,
        41.40797
    ],
    "Vila Nova da Telha": [
        -8.64146,
        41.0717
    ],
    "Vila Frescainha": [
        -8.63971,
        41.53846
    ],
    "Vila do Conde": [
        -8.7434,
        41.35481
    ],
    "Vila Chã": [
        -8.46667,
        40.86667
    ],
    "Viana do Castelo": [
        -8.83287,
        41.69323
    ],
    "Valpaços": [
        -7.31088,
        41.60746
    ],
    "Valongo": [
        -8.45,
        40.61667
    ],
    "Válega": [
        -8.58061,
        40.83629
    ],
    "Vale de Cambra": [
        -8.39389,
        40.8497
    ],
    "Valbom": [
        -8.56414,
        41.13247
    ],
    "Valadares": [
        -7.9812,
        41.14737
    ],
    "Vagos": [
        -8.68175,
        40.556
    ],
    "Urgeses": [
        -8.29796,
        41.4272
    ],
    "Tondela": [
        -8.08333,
        40.51667
    ],
    "Telões": [
        -8.11101,
        41.31054
    ],
    "Teixoso": [
        -7.45759,
        40.31448
    ],
    "Tavarede": [
        -8.84566,
        40.17079
    ],
    "Souto": [
        -8.6223,
        40.98675
    ],
    "Soure": [
        -8.62605,
        40.05989
    ],
    "Sobreira": [
        -7.80234,
        41.52371
    ],
    "Sobrado": [
        -8.45488,
        41.21041
    ],
    "Silvalde": [
        -8.62608,
        40.99397
    ],
    "Serzedo": [
        -8.22926,
        41.40502
    ],
    "Serzedelo": [
        -8.36888,
        41.40128
    ],
    "Seroa": [
        -8.42892,
        41.26511
    ],
    "Sequeira": [
        -7.22594,
        40.55364
    ],
    "Senhora da Hora": [
        -8.65172,
        41.1864
    ],
    "Selho": [
        -8.34599,
        41.41938
    ],
    "Seia": [
        -7.70859,
        40.4151
    ],
    "Sátão": [
        -7.73286,
        40.74178
    ],
    "São Roque": [
        -8.47149,
        40.87216
    ],
    "São Romão do Coronado": [
        -8.5632,
        41.28544
    ],
    "São Pedro do Sul": [
        -8.07265,
        40.75537
    ],
    "São Pedro da Cova": [
        -8.50412,
        41.15508
    ],
    "São Miguel do Couto": [
        -8.46185,
        41.33167
    ],
    "São Mamede de Infesta": [
        -8.60251,
        41.20042
    ],
    "São João de Ver": [
        -8.55117,
        40.95527
    ],
    "São João da Madeira": [
        -8.48969,
        40.90229
    ],
    "São João": [
        -8.60672,
        40.86802
    ],
    "São Félix da Marinha": [
        -8.62258,
        41.03555
    ],
    "Santo Tirso": [
        -8.47746,
        41.34257
    ],
    "Santa Cruz do Bispo": [
        -8.6836,
        41.2255
    ],
    "Sangalhos": [
        -8.46968,
        40.48678
    ],
    "Sandim": [
        -8.507,
        41.03508
    ],
    "Sande": [
        -8.39246,
        41.7019
    ],
    "Salreu": [
        -8.5572,
        40.73971
    ],
    "Ronfe": [
        -8.38412,
        41.44146
    ],
    "Rio Tinto": [
        -8.55811,
        41.18259
    ],
    "Rio Meão": [
        -8.57818,
        40.95775
    ],
    "Rio de Loba": [
        -7.87781,
        40.66596
    ],
    "Ribeirão": [
        -8.56774,
        41.36081
    ],
    "Refojos de Basto": [
        -7.99517,
        41.51318
    ],
    "Recarei": [
        -8.41178,
        41.15356
    ],
    "Rebordosa": [
        -8.40669,
        41.22405
    ],
    "Real": [
        -8.18098,
        41.63882
    ],
    "Prado": [
        -8.47137,
        41.60153
    ],
    "Póvoa de Varzim": [
        -8.76364,
        41.38344
    ],
    "Póvoa de Lanhoso": [
        -8.28197,
        41.57873
    ],
    "Porto": [
        -8.61099,
        41.14961
    ],
    "Ponte do Lima": [
        -8.58393,
        41.76719
    ],
    "Ponte": [
        -8.3299,
        41.47057
    ],
    "Poiares": [
        -8.25746,
        40.21026
    ],
    "Peso da Régua": [
        -7.78703,
        41.16491
    ],
    "Perozinho": [
        -8.58532,
        41.06513
    ],
    "Perafita": [
        -8.2545,
        41.18252
    ],
    "Penafiel": [
        -8.28285,
        41.20835
    ],
    "Pedrouços": [
        -8.58167,
        41.19315
    ],
    "Pedroso": [
        -8.74897,
        41.41103
    ],
    "Pardilhó": [
        -8.62598,
        40.79925
    ],
    "Pampilhosa do Botão": [
        -8.42738,
        40.3358
    ],
    "Pampilhosa da Serra": [
        -7.95182,
        40.0462
    ],
    "Paços de Ferreira": [
        -8.37617,
        41.27657
    ],
    "Paços de Brandão": [
        -8.5835,
        40.97541
    ],
    "Ovar": [
        -8.62513,
        40.85862
    ],
    "Oliveirinha": [
        -8.59198,
        40.60715
    ],
    "Oliveira do Hospital": [
        -7.86014,
        40.3618
    ],
    "Oliveira do Douro": [
        -8.58463,
        41.12466
    ],
    "Oliveira do Bairro": [
        -8.49386,
        40.5146
    ],
    "Oliveira de Azemeis": [
        -8.47555,
        40.84101
    ],
    "Oliveira": [
        -8.46965,
        41.47819
    ],
    "Olival": [
        -8.54416,
        41.05024
    ],
    "Oiã": [
        -8.53856,
        40.54264
    ],
    "Nogueira da Regedoura": [
        -8.59195,
        41.0053
    ],
    "Nogueira": [
        -8.58685,
        41.24246
    ],
    "Nelas": [
        -7.85152,
        40.53216
    ],
    "Negrelos": [
        -8.40145,
        41.34946
    ],
    "Mozelos": [
        -8.39776,
        41.86774
    ],
    "Moreira de Conegos": [
        -8.3394,
        41.3868
    ],
    "Moreira": [
        -8.38939,
        41.056
    ],
    "Montemor-o-Velho": [
        -8.68616,
        40.17287
    ],
    "Monção": [
        -8.48076,
        42.07892
    ],
    "Mogadouro": [
        -6.71187,
        41.34034
    ],
    "Mirandela": [
        -7.18695,
        41.48738
    ],
    "Miranda do Corvo": [
        -8.33261,
        40.09318
    ],
    "Mira": [
        -8.73746,
        40.42892
    ],
    "Milheirós de Poiares": [
        -8.46788,
        40.92163
    ],
    "Milheirós": [
        -8.58837,
        41.21478
    ],
    "Meinedo": [
        -8.25807,
        41.24827
    ],
    "Mealhada": [
        -8.44991,
        40.37806
    ],
    "Meadela": [
        -8.79628,
        41.70654
    ],
    "Matosinhos": [
        -8.68908,
        41.18207
    ],
    "Marinhas": [
        -8.78297,
        41.55906
    ],
    "Margaride": [
        -8.20072,
        41.36829
    ],
    "Manteigas": [
        -7.53977,
        40.4028
    ],
    "Mangualde": [
        -7.76115,
        40.60425
    ],
    "Maia": [
        -8.6199,
        41.23574
    ],
    "Madalena": [
        -28.5266,
        38.53642
    ],
    "Macieira de Cambra": [
        -8.37338,
        40.85939
    ],
    "Macedo de Cavaleiros": [
        -6.9611,
        41.53816
    ],
    "Lustosa": [
        -8.31715,
        41.34082
    ],
    "Lousã": [
        -8.24921,
        40.11673
    ],
    "Lourosa": [
        -8.55142,
        40.9842
    ],
    "Lorvão": [
        -8.31684,
        40.25938
    ],
    "Lordelo": [
        -8.40297,
        41.23451
    ],
    "Lobão": [
        -8.48566,
        40.98664
    ],
    "Leça do Bailio": [
        -8.61348,
        41.21457
    ],
    "Leça da Palmeira": [
        -8.70027,
        41.191
    ],
    "Lavra": [
        -8.71849,
        41.25936
    ],
    "Lavos": [
        -8.82826,
        40.09363
    ],
    "Lamego": [
        -7.80991,
        41.09741
    ],
    "Lamas": [
        -8.56923,
        40.98597
    ],
    "Jovim": [
        -8.51903,
        41.11102
    ],
    "Joane": [
        -8.40846,
        41.43906
    ],
    "Ílhavo": [
        -8.66732,
        40.5999
    ],
    "Gulpilhares": [
        -8.62679,
        41.08292
    ],
    "Guimarães": [
        -8.29619,
        41.44444
    ],
    "Guifões": [
        -8.66719,
        41.20039
    ],
    "Guarda": [
        -7.26575,
        40.53733
    ],
    "Grijó": [
        -8.58017,
        41.02836
    ],
    "Gondomar": [
        -8.53223,
        41.14454
    ],
    "Godim": [
        -7.80303,
        41.17104
    ],
    "Gemunde": [
        -8.64515,
        41.26766
    ],
    "Gandra": [
        -8.43376,
        41.20116
    ],
    "Galegos": [
        -8.57204,
        41.56268
    ],
    "Gafanha da Nazaré": [
        -8.71338,
        40.63621
    ],
    "Gafanha da Encarnação": [
        -8.73303,
        40.61806
    ],
    "Fundão": [
        -7.50135,
        40.14025
    ],
    "Freamunde": [
        -8.33533,
        41.28835
    ],
    "Frazão": [
        -8.40014,
        41.25866
    ],
    "Foz do Sousa": [
        -8.50184,
        41.09668
    ],
    "Figueiró": [
        -8.16779,
        41.29922
    ],
    "Figueira da Foz": [
        -8.86179,
        40.15085
    ],
    "Fiães": [
        -8.52537,
        40.99446
    ],
    "Ferreiros": [
        -8.55,
        41.35
    ],
    "Ferreira": [
        -8.34434,
        41.26718
    ],
    "Feira": [
        -8.54277,
        40.92535
    ],
    "Fânzeres": [
        -8.5257,
        41.17087
    ],
    "Fafe": [
        -8.168,
        41.45423
    ],
    "Esposende": [
        -8.78333,
        41.53333
    ],
    "Espinho": [
        -8.64125,
        41.00763
    ],
    "Esmoriz": [
        -8.62753,
        40.95773
    ],
    "Ermezinde": [
        -8.55462,
        41.22176
    ],
    "Eixo": [
        -8.56922,
        40.62758
    ],
    "Darque": [
        -8.76667,
        41.68333
    ],
    "Custoias": [
        -7.32097,
        41.1053
    ],
    "Cucujães": [
        -8.50687,
        40.87413
    ],
    "Covilhã": [
        -7.50396,
        40.28601
    ],
    "Cortegaça": [
        -8.6213,
        40.94883
    ],
    "Condeixa a Nova": [
        -8.49834,
        40.11573
    ],
    "Coimbra": [
        -8.41955,
        40.20564
    ],
    "Chaves": [
        -7.46879,
        41.74019
    ],
    "Castro Daire": [
        -7.9338,
        40.8984
    ],
    "Castelões de Cepeda": [
        -8.33516,
        41.20265
    ],
    "Carvalhosa": [
        -8.3608,
        41.30057
    ],
    "Carregal do Sal": [
        -8,
        40.43333
    ],
    "Cantanhede": [
        -8.5942,
        40.34671
    ],
    "Canidelo": [
        -8.65104,
        41.12402
    ],
    "Canelas": [
        -8.6,
        41.08333
    ],
    "Candoso": [
        -8.32166,
        41.42768
    ],
    "Campo": [
        -7.91445,
        40.71086
    ],
    "Calendário": [
        -8.52967,
        41.40361
    ],
    "Caldelas": [
        -8.38148,
        41.67101
    ],
    "Caldas de Vizela": [
        -8.3089,
        41.38212
    ],
    "Buarcos": [
        -8.8768,
        40.16604
    ],
    "Brito": [
        -8.36103,
        41.45821
    ],
    "Branca": [
        -8.48262,
        40.76653
    ],
    "Bragança": [
        -6.75719,
        41.80582
    ],
    "Braga": [
        -8.42005,
        41.55032
    ],
    "Bougado": [
        -8.5518,
        41.33979
    ],
    "Beduido": [
        -8.5611,
        40.76427
    ],
    "Barrosas": [
        -8.29943,
        41.35534
    ],
    "Barcelos": [
        -8.61505,
        41.53876
    ],
    "Baltar": [
        -8.37344,
        41.18512
    ],
    "Baguim do Monte": [
        -8.54133,
        41.19392
    ],
    "Azenha": [
        -8.62468,
        41.07651
    ],
    "Avintes": [
        -8.54986,
        41.11747
    ],
    "Aves": [
        -8.4101,
        41.37034
    ],
    "Aver-o-Mar": [
        -8.78118,
        41.40778
    ],
    "Aveiro": [
        -8.64554,
        40.64427
    ],
    "Avanca": [
        -8.5722,
        40.80771
    ],
    "Árvore": [
        -8.71806,
        41.33922
    ],
    "Arrifana": [
        -8.49657,
        40.91565
    ],
    "Arões": [
        -8.21419,
        41.45553
    ],
    "Argoncilhe": [
        -8.53885,
        41.02541
    ],
    "Arganil": [
        -8.05403,
        40.21826
    ],
    "Areosa": [
        -8.85707,
        41.71779
    ],
    "Arcozelo": [
        -8.64326,
        41.05328
    ],
    "Arcos": [
        -8.44171,
        40.44779
    ],
    "Arazede": [
        -8.64999,
        40.28627
    ],
    "Aradas": [
        -8.64195,
        40.62084
    ],
    "Apúlia": [
        -8.76413,
        41.48512
    ],
    "Antas": [
        -8.30888,
        41.73644
    ],
    "Anta": [
        -8.62844,
        41.26634
    ],
    "Amarante": [
        -8.08246,
        41.27271
    ],
    "Alhadas": [
        -8.79057,
        40.18607
    ],
    "Alfena": [
        -8.52454,
        41.23671
    ],
    "Alfarelos": [
        -8.65326,
        40.15057
    ],
    "Aldeia de Joanes": [
        -7.51694,
        40.13905
    ],
    "Albergaria-a-Velha": [
        -8.47994,
        40.69318
    ],
    "Águeda": [
        -8.44442,
        40.5772
    ],
    "Aguçadoura": [
        -8.78038,
        41.43176
    ],
    "Águas Santas": [
        -8.5866,
        41.21061
    ],
    "Aguada de Cima": [
        -8.427,
        40.52291
    ],
    "Adaúfe": [
        -8.39817,
        41.58732
    ],
    "Abraveses": [
        -7.92102,
        40.68137
    ],
    "Vila Franca do Campo": [
        -25.43333,
        37.71667
    ],
    "São Roque do Pico": [
        -28.31667,
        38.51667
    ],
    "Rosto de Cão": [
        -25.65,
        37.75
    ],
    "Ribeira Grande": [
        -28.7,
        38.51667
    ],
    "Rabo de Peixe": [
        -25.58333,
        37.8
    ],
    "Praia da Vitória": [
        -27.06667,
        38.73333
    ],
    "Ponta Delgada": [
        -25.66667,
        37.73333
    ],
    "Horta": [
        -28.63333,
        38.53333
    ],
    "Furnas": [
        -25.31035,
        37.77567
    ],
    "Fajã de Baixo": [
        -25.65,
        37.75
    ],
    "Biscoitos": [
        -27.25,
        38.78333
    ],
    "Arrifes": [
        -25.7,
        37.76667
    ],
    "Angra do Heroísmo": [
        -27.21667,
        38.65
    ],
    "Vilamoura": [
        -8.11083,
        37.081
    ],
    "Valenza": [
        -8.63474,
        42.02418
    ],
    "Vila": [
        -8.1588,
        42.0304
    ]
}