{
    "Zvečka": [
        20.16432,
        44.64025
    ],
    "Žujince": [
        21.70212,
        42.31568
    ],
    "Zrenjanin": [
        20.38194,
        45.38361
    ],
    "Žitorađa": [
        21.71306,
        43.19
    ],
    "Žitište": [
        20.54972,
        45.485
    ],
    "Zemun": [
        20.40111,
        44.84306
    ],
    "Zaječar": [
        22.26405,
        43.90358
    ],
    "Žagubica": [
        21.78838,
        44.19685
    ],
    "Žabari": [
        21.215,
        44.35611
    ],
    "Žabalj": [
        20.06389,
        45.37222
    ],
    "Vršac": [
        21.30361,
        45.11667
    ],
    "Vrnjačka Banja": [
        20.89634,
        43.62725
    ],
    "Vranjska Banja": [
        21.99222,
        42.555
    ],
    "Vranje": [
        21.90028,
        42.55139
    ],
    "Vranić": [
        20.32872,
        44.60237
    ],
    "Vračar": [
        20.47491,
        44.79256
    ],
    "Vojvoda Stepa": [
        20.65536,
        45.68537
    ],
    "Vojka": [
        20.15236,
        44.93713
    ],
    "Vlasotince": [
        22.13402,
        42.96697
    ],
    "Vlajkovac": [
        21.19945,
        45.07207
    ],
    "Vladimirovac": [
        20.86566,
        45.03122
    ],
    "Vladičin Han": [
        22.06333,
        42.70778
    ],
    "Vilovo": [
        20.15521,
        45.24859
    ],
    "Veliko Središte": [
        21.40353,
        45.17919
    ],
    "Veliko Gradište": [
        21.51578,
        44.76203
    ],
    "Veliki Gaj": [
        21.17057,
        45.28849
    ],
    "Aleksandrovo": [
        20.59288,
        45.63755
    ],
    "Velika Plana": [
        21.07676,
        44.33389
    ],
    "Velika Moštanica": [
        20.35395,
        44.66486
    ],
    "Velika Greda": [
        21.03498,
        45.24376
    ],
    "Varvarin": [
        21.3624,
        43.72397
    ],
    "Uzdin": [
        20.62342,
        45.20512
    ],
    "Umka": [
        20.30472,
        44.67806
    ],
    "Uljma": [
        21.15393,
        45.04213
    ],
    "Ugrinovci": [
        20.18763,
        44.87635
    ],
    "Ub": [
        20.07389,
        44.45611
    ],
    "Tutin": [
        20.33139,
        42.99028
    ],
    "Turija": [
        21.63945,
        44.52273
    ],
    "Trstenik": [
        21.0025,
        43.61694
    ],
    "Trgovište": [
        22.0825,
        42.36417
    ],
    "Torda": [
        20.459,
        45.58423
    ],
    "Topola": [
        20.6825,
        44.25417
    ],
    "Tomaševac": [
        20.62272,
        45.26855
    ],
    "Toba": [
        20.55714,
        45.68943
    ],
    "Titel": [
        20.29444,
        45.20611
    ],
    "Taraš": [
        20.19867,
        45.46737
    ],
    "Svrljig": [
        22.12111,
        43.41333
    ],
    "Svilajnac": [
        21.1967,
        44.2337
    ],
    "Sutjeska": [
        20.6962,
        45.38312
    ],
    "Surdulica": [
        22.17083,
        42.69056
    ],
    "Surduk": [
        20.31898,
        45.07474
    ],
    "Surčin": [
        20.28028,
        44.79306
    ],
    "Stubline": [
        20.13477,
        44.57476
    ],
    "Stepojevac": [
        20.295,
        44.51278
    ],
    "Stari Lec": [
        20.96433,
        45.28401
    ],
    "Stari Banovci": [
        20.28382,
        44.9842
    ],
    "Stara Pazova": [
        20.16083,
        44.985
    ],
    "Stajićevo": [
        20.45844,
        45.29489
    ],
    "Srpski Itebej": [
        20.7135,
        45.56716
    ],
    "Srpska Crnja": [
        20.69008,
        45.72538
    ],
    "Sremčica": [
        20.39232,
        44.67653
    ],
    "Sopot": [
        20.57361,
        44.51972
    ],
    "Soko Banja": [
        21.87111,
        43.64333
    ],
    "Smederevska Palanka": [
        20.95885,
        44.36548
    ],
    "Smederevo": [
        20.93,
        44.66278
    ],
    "Šimanovci": [
        20.09175,
        44.87393
    ],
    "Ševica": [
        21.72296,
        44.50883
    ],
    "Senta": [
        20.07722,
        45.9275
    ],
    "Seleuš": [
        20.91461,
        45.1277
    ],
    "Sefkerin": [
        20.48256,
        45.00501
    ],
    "Sečanj": [
        20.77222,
        45.36667
    ],
    "Sanad": [
        20.10816,
        45.97596
    ],
    "Samoš": [
        20.77392,
        45.20255
    ],
    "Samoljica": [
        21.73708,
        42.38445
    ],
    "Sakule": [
        20.48619,
        45.14667
    ],
    "Šajkaš": [
        20.09051,
        45.27315
    ],
    "Sajan": [
        20.27815,
        45.84227
    ],
    "Rušanj": [
        20.44993,
        44.68477
    ],
    "Rekovac": [
        21.09345,
        43.863
    ],
    "Ražanj": [
        21.54944,
        43.67222
    ],
    "Ravni Topolovac": [
        20.56939,
        45.46082
    ],
    "Rakovica": [
        20.44139,
        44.74194
    ],
    "Rajince": [
        21.69591,
        42.3787
    ],
    "Radovnica": [
        22.22861,
        42.43364
    ],
    "Radojevo": [
        20.78917,
        45.74617
    ],
    "Radenka": [
        21.76469,
        44.58345
    ],
    "Rača": [
        20.97754,
        44.22712
    ],
    "Prokuplje": [
        21.58806,
        43.23417
    ],
    "Preševo": [
        21.64917,
        42.30917
    ],
    "Požega": [
        20.03632,
        43.84889
    ],
    "Požarevac": [
        21.18782,
        44.62133
    ],
    "Plandište": [
        21.12167,
        45.22722
    ],
    "Pirot": [
        22.58611,
        43.15306
    ],
    "Petrovac": [
        21.41917,
        44.37694
    ],
    "Perlez": [
        20.38197,
        45.20813
    ],
    "Pavliš": [
        21.23952,
        45.10569
    ],
    "Paraćin": [
        21.40778,
        43.86083
    ],
    "Pančevo": [
        20.64028,
        44.87083
    ],
    "Padina": [
        20.7286,
        45.11988
    ],
    "Padej": [
        20.16279,
        45.82756
    ],
    "Ovča": [
        20.53336,
        44.88349
    ],
    "Ostružnica": [
        20.31845,
        44.72769
    ],
    "Ostojićevo": [
        20.16642,
        45.88863
    ],
    "Orlovat": [
        20.58089,
        45.24171
    ],
    "Opovo": [
        20.43028,
        45.05222
    ],
    "Obrenovac": [
        20.20017,
        44.65486
    ],
    "Novo Miloševo": [
        20.30364,
        45.71916
    ],
    "Novi Slankamen": [
        20.23914,
        45.12554
    ],
    "Novi Pazar": [
        20.51222,
        43.13667
    ],
    "Kozjak": [
        19.28412,
        44.58726
    ],
    "Novi Kozarci": [
        20.62289,
        45.78241
    ],
    "Novi Kneževac": [
        20.1,
        46.05
    ],
    "Novi Karlovci": [
        20.17948,
        45.07636
    ],
    "Novi Itebej": [
        20.7003,
        45.55918
    ],
    "Novi Beograd": [
        20.42417,
        44.80556
    ],
    "Novi Bečej": [
        20.13556,
        45.59861
    ],
    "Novi Banovci": [
        20.28025,
        44.95561
    ],
    "bar": [
        20.21931,
        44.94366
    ],
    "Nova Crnja": [
        20.605,
        45.66833
    ],
    "Niš": [
        21.90333,
        43.32472
    ],
    "Nikolinci": [
        21.06695,
        45.05245
    ],
    "Neuzina": [
        20.71418,
        45.3446
    ],
    "Negotin": [
        22.53083,
        44.22639
    ],
    "Nakovo": [
        20.56709,
        45.87503
    ],
    "Adorjan": [
        20.04007,
        46.00333
    ],
    "Mošorin": [
        20.16919,
        45.30196
    ],
    "Mol": [
        20.13286,
        45.76457
    ],
    "Mokrin": [
        20.41215,
        45.93362
    ],
    "Mladenovac": [
        20.69917,
        44.43861
    ],
    "Miratovac": [
        21.66456,
        42.25846
    ],
    "Mionica": [
        20.08167,
        44.25194
    ],
    "Mihajlovo": [
        20.41508,
        45.47085
    ],
    "Merošina": [
        21.7204,
        43.28358
    ],
    "Melenci": [
        20.31961,
        45.5168
    ],
    "Medveđa": [
        21.58333,
        42.84306
    ],
    "Međa": [
        20.80677,
        45.53815
    ],
    "Margita": [
        21.17527,
        45.21598
    ],
    "Malo Crniće": [
        21.28556,
        44.55611
    ],
    "Mala Moštanica": [
        20.306,
        44.63834
    ],
    "Majdanpek": [
        21.94596,
        44.42771
    ],
    "Lukićevo": [
        20.49895,
        45.33815
    ],
    "Lugavčina": [
        21.07083,
        44.52314
    ],
    "Lučani": [
        20.13806,
        43.86083
    ],
    "Lokve": [
        21.03073,
        45.15198
    ],
    "Lok": [
        20.21222,
        45.21583
    ],
    "Ljukovo": [
        20.02737,
        45.02604
    ],
    "Ljig": [
        20.23819,
        44.23007
    ],
    "Leskovac": [
        21.94611,
        42.99806
    ],
    "Lebane": [
        21.7375,
        42.92389
    ],
    "Lazarevo": [
        20.53999,
        45.38893
    ],
    "Lazarevac": [
        20.2557,
        44.38534
    ],
    "Lapovo": [
        21.09727,
        44.18424
    ],
    "Lajkovac": [
        20.16528,
        44.36944
    ],
    "Kuštilj": [
        21.37988,
        45.03487
    ],
    "Kuršumlija": [
        21.27339,
        43.13826
    ],
    "Kupinovo": [
        20.04958,
        44.70708
    ],
    "Kumane": [
        20.22902,
        45.53946
    ],
    "Kučevo": [
        21.67,
        44.4775
    ],
    "Kruševac": [
        21.33389,
        43.58
    ],
    "Krčedin": [
        20.13308,
        45.13872
    ],
    "Kraljevo": [
        20.68944,
        43.72583
    ],
    "Krajišnik": [
        20.72976,
        45.45283
    ],
    "Kragujevac": [
        20.91667,
        44.01667
    ],
    "Kovin": [
        20.97611,
        44.7475
    ],
    "Kovilj": [
        20.02327,
        45.23422
    ],
    "Kovačica": [
        20.62139,
        45.11167
    ],
    "Konak": [
        20.91468,
        45.31575
    ],
    "Knićanin": [
        20.319,
        45.18675
    ],
    "Klek": [
        20.48049,
        45.42254
    ],
    "Kladovo": [
        22.61194,
        44.60667
    ],
    "Kikinda": [
        20.46528,
        45.82972
    ],
    "Kanjiža": [
        20.05,
        46.06667
    ],
    "Jermenovci": [
        21.0455,
        45.18635
    ],
    "Jazovo": [
        20.2213,
        45.89876
    ],
    "Jaša Tomić": [
        20.85546,
        45.44725
    ],
    "Jarkovac": [
        20.76078,
        45.26985
    ],
    "Janošik": [
        21.00658,
        45.17141
    ],
    "Jagodina": [
        21.26121,
        43.97713
    ],
    "Izbište": [
        21.18388,
        45.02253
    ],
    "Ivanjica": [
        20.23111,
        43.58028
    ],
    "Inđija": [
        20.08165,
        45.04816
    ],
    "Ilandža": [
        20.92008,
        45.16897
    ],
    "Idvor": [
        20.51442,
        45.18896
    ],
    "Tiszahegyes": [
        20.31791,
        45.82648
    ],
    "Hetin": [
        20.79138,
        45.66202
    ],
    "Hajdučica": [
        20.96016,
        45.2501
    ],
    "Gudurica": [
        21.44264,
        45.16816
    ],
    "Grocka": [
        20.7175,
        44.67222
    ],
    "Grabovac": [
        20.08539,
        44.60049
    ],
    "Gornji Milanovac": [
        20.46152,
        44.02603
    ],
    "Gornji Breg": [
        20.01766,
        45.91995
    ],
    "Golubinci": [
        20.06338,
        44.98533
    ],
    "Golubac": [
        21.63199,
        44.65296
    ],
    "Glogovac": [
        21.3134,
        44.04213
    ],
    "Gardinovci": [
        20.13558,
        45.20359
    ],
    "Gadžin Han": [
        22.03194,
        43.22278
    ],
    "Farkaždin": [
        20.47239,
        45.19172
    ],
    "Elemir": [
        20.30003,
        45.44263
    ],
    "Ečka": [
        20.44294,
        45.32328
    ],
    "Ðurđevo": [
        20.06532,
        45.32591
    ],
    "Duboka": [
        21.7603,
        44.52223
    ],
    "Doljevac": [
        21.83258,
        43.19817
    ],
    "Dobrica": [
        20.84995,
        45.21339
    ],
    "Dobanovci": [
        20.22487,
        44.82631
    ],
    "Dimitrovgrad": [
        22.77556,
        43.01417
    ],
    "Despotovac": [
        21.44694,
        44.0925
    ],
    "Debeljača": [
        20.60153,
        45.0707
    ],
    "Čurug": [
        20.06861,
        45.47221
    ],
    "Ćuprija": [
        21.37,
        43.9275
    ],
    "Čukarica": [
        20.42028,
        44.7825
    ],
    "Crna Trava": [
        22.29881,
        42.80988
    ],
    "Crepaja": [
        20.63702,
        45.00984
    ],
    "Čortanovci": [
        20.01851,
        45.1546
    ],
    "Čoka": [
        20.14333,
        45.9425
    ],
    "Ćićevac": [
        21.44085,
        43.71882
    ],
    "Čestereg": [
        20.53194,
        45.56361
    ],
    "Čenta": [
        20.38946,
        45.10814
    ],
    "Čačak": [
        20.34972,
        43.89139
    ],
    "Bujanovac": [
        21.76667,
        42.45917
    ],
    "Botoš": [
        20.63514,
        45.30837
    ],
    "Bosilegrad": [
        22.47238,
        42.5011
    ],
    "Bor": [
        22.09591,
        44.07488
    ],
    "Boljevci": [
        20.22348,
        44.72355
    ],
    "Boljevac": [
        21.95306,
        43.83028
    ],
    "Boka": [
        20.82987,
        45.3554
    ],
    "Bojnik": [
        21.721,
        43.01224
    ],
    "Bočar": [
        20.2839,
        45.76994
    ],
    "Blace": [
        21.28583,
        43.29528
    ],
    "Biljača": [
        21.74782,
        42.35518
    ],
    "Beška": [
        20.06698,
        45.13092
    ],
    "Belgrade": [
        20.46513,
        44.80401
    ],
    "Belo Blato": [
        20.375,
        45.27278
    ],
    "Belegiš": [
        20.33212,
        45.01873
    ],
    "Bela Palanka": [
        22.31111,
        43.21833
    ],
    "Bela Crkva": [
        21.41722,
        44.8975
    ],
    "Begejci": [
        20.609,
        45.50928
    ],
    "Bečmen": [
        20.20577,
        44.77982
    ],
    "Bečej": [
        20.03331,
        45.61632
    ],
    "Batočina": [
        21.08167,
        44.15361
    ],
    "Bašaid": [
        20.41434,
        45.64102
    ],
    "Barice": [
        21.08279,
        45.18189
    ],
    "Barič": [
        20.25941,
        44.6507
    ],
    "Baranda": [
        20.44264,
        45.08459
    ],
    "Barajevo": [
        20.41583,
        44.57889
    ],
    "Banatsko Veliko Selo": [
        20.60772,
        45.81961
    ],
    "Banatsko Karađorđevo": [
        20.56421,
        45.58693
    ],
    "Banatski Karlovac": [
        21.018,
        45.04987
    ],
    "Banatski Dvor": [
        20.51146,
        45.51866
    ],
    "Banatski Despotovac": [
        20.66407,
        45.36606
    ],
    "Banatska Topola": [
        20.4653,
        45.67248
    ],
    "Bačko Petrovo Selo": [
        20.07928,
        45.70682
    ],
    "Bačko Gradište": [
        20.03082,
        45.53271
    ],
    "Arilje": [
        20.09556,
        43.75306
    ],
    "Aranđelovac": [
        20.56,
        44.30694
    ],
    "Aradac": [
        20.30137,
        45.38346
    ],
    "Alibunar": [
        20.96583,
        45.08083
    ],
    "Aleksinac": [
        21.70778,
        43.54167
    ],
    "Aleksandrovac": [
        21.0525,
        43.45861
    ],
    "Ada": [
        20.12583,
        45.8025
    ],
    "Raška": [
        20.61528,
        43.28722
    ],
    "Niška Banja": [
        22.0057,
        43.29507
    ],
    "Sokolovica": [
        20.31556,
        43.21528
    ],
    "Rusko Selo": [
        20.57117,
        45.76291
    ],
    "Voždovac": [
        20.47583,
        44.77833
    ],
    "Zvezdara": [
        20.53207,
        44.77465
    ],
    "Prislonica": [
        20.43521,
        43.95223
    ],
    "Knić": [
        20.71889,
        43.92694
    ],
    "Savski Venac": [
        20.45389,
        44.77917
    ],
    "Palilula": [
        20.51611,
        44.81167
    ],
    "Stari Grad": [
        20.46186,
        44.81789
    ],
    "Zminjak": [
        19.4707,
        44.75711
    ],
    "Zmajevo": [
        19.6905,
        45.45408
    ],
    "Vrdnik": [
        19.79227,
        45.12174
    ],
    "Vrbas": [
        19.64083,
        45.57139
    ],
    "Vladimirci": [
        19.78528,
        44.61472
    ],
    "Višnjićevo": [
        19.28994,
        44.96732
    ],
    "Veternik": [
        19.7588,
        45.25446
    ],
    "Varna": [
        19.6515,
        44.67914
    ],
    "Valjevo": [
        19.89821,
        44.27513
    ],
    "Uzveće": [
        19.60356,
        44.87861
    ],
    "Užice": [
        19.84878,
        43.85861
    ],
    "Tršić": [
        19.2649,
        44.49502
    ],
    "Temerin": [
        19.88917,
        45.40861
    ],
    "Tabanović": [
        19.64128,
        44.82018
    ],
    "Subotica": [
        19.66667,
        46.1
    ],
    "Štitar": [
        19.59528,
        44.79415
    ],
    "Stepanovićevo": [
        19.7,
        45.41369
    ],
    "Stanišić": [
        19.16709,
        45.93895
    ],
    "Sremski Karlovci": [
        19.93444,
        45.2025
    ],
    "Sremska Mitrovica": [
        19.61222,
        44.97639
    ],
    "Srbobran": [
        19.80278,
        45.55389
    ],
    "Sonta": [
        19.09719,
        45.59427
    ],
    "Sombor": [
        19.11222,
        45.77417
    ],
    "Sjenica": [
        19.99944,
        43.27306
    ],
    "Sinošević": [
        19.63601,
        44.61503
    ],
    "Šid": [
        19.22639,
        45.12833
    ],
    "Ševarice": [
        19.66006,
        44.86704
    ],
    "Šašinci": [
        19.74151,
        44.96514
    ],
    "Salaš Noćajski": [
        19.58611,
        44.94722
    ],
    "Salaš Crnobarski": [
        19.39437,
        44.82843
    ],
    "Šabac": [
        19.69,
        44.74667
    ],
    "Rumenka": [
        19.74306,
        45.294
    ],
    "Ruma": [
        19.82222,
        45.00806
    ],
    "Riđica": [
        19.10635,
        45.99088
    ],
    "Ribari": [
        19.42472,
        44.70961
    ],
    "Ravno Selo": [
        19.62097,
        45.44967
    ],
    "Ravnje": [
        19.4228,
        44.94326
    ],
    "Radenković": [
        19.49543,
        44.9219
    ],
    "Putinci": [
        19.97102,
        44.99259
    ],
    "Prnjavor": [
        19.38695,
        44.70062
    ],
    "Prijepolje": [
        19.6487,
        43.38996
    ],
    "Prigrevica": [
        19.08809,
        45.67636
    ],
    "Priboj": [
        19.52519,
        43.58306
    ],
    "Platičevo": [
        19.79487,
        44.82213
    ],
    "Petrovaradin": [
        19.87944,
        45.24667
    ],
    "Petkovica": [
        19.43923,
        44.66627
    ],
    "Pećinci": [
        19.96639,
        44.90889
    ],
    "Osečina": [
        19.60139,
        44.37306
    ],
    "Odžaci": [
        19.26111,
        45.50667
    ],
    "Novo Selo": [
        19.34496,
        44.6704
    ],
    "Novi Sad": [
        19.83694,
        45.25167
    ],
    "Nova Varoš": [
        19.81139,
        43.46056
    ],
    "Nikinci": [
        19.8232,
        44.85017
    ],
    "Metković": [
        19.54654,
        44.85617
    ],
    "Mali Zvornik": [
        19.10651,
        44.37344
    ],
    "Mali Iđoš": [
        19.66528,
        45.70833
    ],
    "Majur": [
        19.65512,
        44.77106
    ],
    "Maglić": [
        19.53211,
        45.36248
    ],
    "Mačvanska Mitrovica": [
        19.59314,
        44.96739
    ],
    "Ljubovija": [
        19.37667,
        44.18944
    ],
    "Lipolist": [
        19.50101,
        44.69783
    ],
    "Lipnički Šor": [
        19.26572,
        44.58058
    ],
    "Lešnica": [
        19.31,
        44.6525
    ],
    "Kupusina": [
        19.01082,
        45.73759
    ],
    "Kulpin": [
        19.58814,
        45.4024
    ],
    "Kula": [
        19.52639,
        45.60889
    ],
    "Krupanj": [
        19.36194,
        44.36556
    ],
    "Krivaja": [
        19.59153,
        44.55021
    ],
    "Kosjerić": [
        19.90694,
        43.99611
    ],
    "Kolut": [
        18.9276,
        45.89292
    ],
    "Koceljeva": [
        19.81167,
        44.47361
    ],
    "Klenje": [
        19.43508,
        44.80794
    ],
    "Klenak": [
        19.71004,
        44.78846
    ],
    "Kisač": [
        19.72975,
        45.35421
    ],
    "Kamenica": [
        19.72333,
        44.343
    ],
    "Joševa": [
        19.40967,
        44.58772
    ],
    "Jevremovac": [
        19.66364,
        44.72172
    ],
    "Jelenča": [
        19.74738,
        44.72113
    ],
    "Jarebice": [
        19.42418,
        44.53995
    ],
    "Jarak": [
        19.75477,
        44.91843
    ],
    "Jadranska Lešnica": [
        19.35209,
        44.5973
    ],
    "Irig": [
        19.85833,
        45.10111
    ],
    "Hrtkovci": [
        19.76374,
        44.88155
    ],
    "Grabovci": [
        19.84489,
        44.76496
    ],
    "Gornja Bukovica": [
        19.81368,
        44.33987
    ],
    "Glušci": [
        19.54912,
        44.89021
    ],
    "Gložan": [
        19.56838,
        45.27954
    ],
    "Gakovo": [
        19.06138,
        45.90078
    ],
    "Dublje": [
        19.50902,
        44.80117
    ],
    "Drenovac": [
        19.70943,
        44.86649
    ],
    "Draginje": [
        19.7625,
        44.53302
    ],
    "Doroslovo": [
        19.18868,
        45.60699
    ],
    "Donji Dobrić": [
        19.33109,
        44.61183
    ],
    "Dobrić": [
        19.57931,
        44.70224
    ],
    "Despotovo": [
        19.52654,
        45.45983
    ],
    "Crna Bara": [
        19.3948,
        44.87374
    ],
    "Čokešina": [
        19.39016,
        44.65319
    ],
    "Čelarevo": [
        19.52484,
        45.26999
    ],
    "Čajetina": [
        19.71273,
        43.74977
    ],
    "Bukor": [
        19.57116,
        44.49523
    ],
    "Buđanovci": [
        19.86344,
        44.89388
    ],
    "Brdarica": [
        19.7715,
        44.55376
    ],
    "Bosut": [
        19.36086,
        44.92976
    ],
    "Bogosavac": [
        19.59533,
        44.71799
    ],
    "Bogojevo": [
        19.13205,
        45.53106
    ],
    "Bogatić": [
        19.48056,
        44.8375
    ],
    "Beočin": [
        19.72063,
        45.20829
    ],
    "Belotić": [
        19.54801,
        44.81782
    ],
    "Banovo Polje": [
        19.44916,
        44.9104
    ],
    "Bajina Bašta": [
        19.5675,
        43.97083
    ],
    "Badovinci": [
        19.37146,
        44.78534
    ],
    "Bački Petrovac": [
        19.59167,
        45.36056
    ],
    "Bački Breg": [
        18.92944,
        45.92034
    ],
    "Bačka Topola": [
        19.6318,
        45.81516
    ],
    "Bačka Palanka": [
        19.39194,
        45.25083
    ],
    "Bač": [
        19.23667,
        45.39194
    ],
    "Apatin": [
        18.98472,
        45.67111
    ],
    "Pocerski Pričinović": [
        19.70722,
        44.72222
    ],
    "Ðurići": [
        19.41233,
        43.82533
    ],
    "Zlatibor": [
        19.70029,
        43.729
    ],
    "Sokolovo Brdo": [
        19.80556,
        43.13694
    ],
    "Osječenik": [
        19.85889,
        43.14528
    ],
    "Rumska": [
        19.58988,
        44.5726
    ],
    "Knjazevac": [
        22.25701,
        43.56634
    ],
    "Sumulicë": [
        21.734,
        42.38682
    ],
    "Lagja e Poshtme": [
        21.72971,
        42.38853
    ]
}