{
    "Žužemberk": [
        14.92917,
        45.83389
    ],
    "Žirovnica": [
        14.14,
        46.40472
    ],
    "Žiri": [
        14.10722,
        46.04222
    ],
    "Zreče": [
        15.37917,
        46.38222
    ],
    "Zgornje Jezersko": [
        14.46667,
        46.38333
    ],
    "Zgornja Kungota": [
        15.61556,
        46.63917
    ],
    "Žetale": [
        15.79389,
        46.275
    ],
    "Železniki": [
        14.16667,
        46.23333
    ],
    "Zavrč": [
        16.04972,
        46.39167
    ],
    "Žalec": [
        15.16482,
        46.25151
    ],
    "Zagorje ob Savi": [
        14.99694,
        46.13179
    ],
    "Vuzenica": [
        15.16722,
        46.59639
    ],
    "Vrtojba": [
        13.63417,
        45.9125
    ],
    "Vrhnika": [
        14.29556,
        45.96611
    ],
    "Vransko": [
        14.95139,
        46.24389
    ],
    "Volčja Draga": [
        13.6775,
        45.90694
    ],
    "Vojnik": [
        15.30333,
        46.29333
    ],
    "Vodice": [
        14.49492,
        46.18987
    ],
    "Vnanje Gorice": [
        14.42194,
        46.00722
    ],
    "Vitomarci": [
        15.93944,
        46.5275
    ],
    "Vitanje": [
        15.29583,
        46.38167
    ],
    "Vir pri Stični": [
        14.81778,
        45.9525
    ],
    "Vipava": [
        13.96306,
        45.84667
    ],
    "Videm": [
        14.69417,
        45.85
    ],
    "Veržej": [
        16.16528,
        46.58361
    ],
    "Verd": [
        14.30583,
        45.95667
    ],
    "Velike Lašče": [
        14.63639,
        45.83222
    ],
    "Velika Polana": [
        16.34694,
        46.57194
    ],
    "Turnišče": [
        16.32028,
        46.62778
    ],
    "Trzin": [
        14.56667,
        46.13333
    ],
    "Tržič": [
        14.31046,
        46.36357
    ],
    "Trnovska vas": [
        15.88657,
        46.52019
    ],
    "Trebnje": [
        15.02167,
        45.90417
    ],
    "Trbovlje": [
        15.05333,
        46.155
    ],
    "Topolšica": [
        15.02157,
        46.40028
    ],
    "Tomaž pri Ormožu": [
        16.08361,
        46.48417
    ],
    "Tolmin": [
        13.73321,
        46.18304
    ],
    "Velenje": [
        15.11028,
        46.35917
    ],
    "Tišina": [
        16.09167,
        46.65806
    ],
    "Tabor": [
        15.01833,
        46.23611
    ],
    "Sveta Ana v Slovenskih Goricah": [
        15.84417,
        46.64917
    ],
    "Štore": [
        15.31389,
        46.22083
    ],
    "Starše": [
        15.76722,
        46.46583
    ],
    "Središče ob Dravi": [
        16.26806,
        46.39417
    ],
    "Spodnji Duplek": [
        15.74528,
        46.50306
    ],
    "Spodnje Hoče": [
        15.65,
        46.5
    ],
    "Spodnja Idrija": [
        14.02722,
        46.03194
    ],
    "Spodnja Hajdina": [
        15.84694,
        46.40889
    ],
    "Šoštanj": [
        15.04861,
        46.38
    ],
    "Solčava": [
        14.69361,
        46.41944
    ],
    "Sodražica": [
        14.63556,
        45.76111
    ],
    "Šmartno pri Litiji": [
        14.84417,
        46.04444
    ],
    "Šmartno ob Paki": [
        15.03333,
        46.33333
    ],
    "Šmarje pri Jelšah": [
        15.51917,
        46.22722
    ],
    "Šmarca": [
        14.59667,
        46.19333
    ],
    "Slovenske Konjice": [
        15.42583,
        46.33667
    ],
    "Slovenska Bistrica": [
        15.57444,
        46.39278
    ],
    "Slovenj Gradec": [
        15.08056,
        46.51028
    ],
    "Škofljica": [
        14.57667,
        45.98333
    ],
    "Škofja Loka": [
        14.30626,
        46.16551
    ],
    "Škocjan": [
        15.29139,
        45.90667
    ],
    "Sežana": [
        13.87333,
        45.70924
    ],
    "Sevnica": [
        15.31556,
        46.00778
    ],
    "Šentrupert": [
        15.09556,
        45.97778
    ],
    "Šentjur": [
        15.3975,
        46.21722
    ],
    "Šentjernej": [
        15.33611,
        45.84
    ],
    "Šentilj": [
        15.64806,
        46.68167
    ],
    "Senovo": [
        15.47694,
        46.02361
    ],
    "Šenčur": [
        14.41972,
        46.24556
    ],
    "Šempeter v Savinjski dolini": [
        15.12194,
        46.25639
    ],
    "Šempeter pri Gorici": [
        13.64111,
        45.9275
    ],
    "Šempas": [
        13.74361,
        45.93028
    ],
    "Semič": [
        15.18222,
        45.64611
    ],
    "Šalovci": [
        16.29806,
        46.825
    ],
    "Ruše": [
        15.51583,
        46.53944
    ],
    "Rogoza": [
        15.68333,
        46.5
    ],
    "Rogatec": [
        15.70028,
        46.22944
    ],
    "Rogašovci": [
        16.03333,
        46.8
    ],
    "Rogaška Slatina": [
        15.63972,
        46.2375
    ],
    "Ribnica na Pohorju": [
        15.27278,
        46.535
    ],
    "Ribnica": [
        14.7275,
        45.73861
    ],
    "Renče": [
        13.66861,
        45.89
    ],
    "Rečica ob Savinji": [
        14.91667,
        46.31667
    ],
    "Razvanje": [
        15.63611,
        46.51444
    ],
    "Ravne na Koroškem": [
        14.96917,
        46.54306
    ],
    "Ravne": [
        15.01278,
        45.9625
    ],
    "Rakičan": [
        16.20417,
        46.65167
    ],
    "Rakek": [
        14.31111,
        45.81333
    ],
    "Radovljica": [
        14.17444,
        46.34444
    ],
    "Radomlje": [
        14.61222,
        46.17361
    ],
    "Radlje ob Dravi": [
        15.22639,
        46.61417
    ],
    "Radenci": [
        16.03781,
        46.64201
    ],
    "Radeče": [
        15.18389,
        46.06806
    ],
    "Rače": [
        15.68139,
        46.45194
    ],
    "Puconci": [
        16.15639,
        46.70667
    ],
    "Ptuj": [
        15.87018,
        46.42005
    ],
    "Prvačina": [
        13.71806,
        45.89
    ],
    "Prevalje": [
        14.92083,
        46.54694
    ],
    "Preddvor": [
        14.42306,
        46.3025
    ],
    "Prebold": [
        15.0925,
        46.23694
    ],
    "Pragersko": [
        15.66,
        46.39667
    ],
    "Postojna": [
        14.21667,
        45.77694
    ],
    "Portorož": [
        13.59206,
        45.51429
    ],
    "Polzela": [
        15.06667,
        46.28333
    ],
    "Poljčane": [
        15.57917,
        46.31194
    ],
    "Podvelka": [
        15.33056,
        46.58694
    ],
    "Podlehnik": [
        15.88,
        46.33528
    ],
    "Podhom": [
        14.1,
        46.4
    ],
    "Podčetrtek": [
        15.59861,
        46.15694
    ],
    "Pivka": [
        14.19588,
        45.68292
    ],
    "Pirano": [
        13.57056,
        45.52778
    ],
    "Pesnica pri Mariboru": [
        15.67667,
        46.60694
    ],
    "Pekre": [
        15.59556,
        46.54722
    ],
    "Pameče": [
        15.07917,
        46.53417
    ],
    "Osilnica": [
        14.69444,
        45.52778
    ],
    "Ormož": [
        16.15444,
        46.41139
    ],
    "Oplotnica": [
        15.44667,
        46.38778
    ],
    "Odranci": [
        16.28028,
        46.58667
    ],
    "Novo Mesto": [
        15.16886,
        45.80397
    ],
    "Nova Vas": [
        14.50583,
        45.77167
    ],
    "Nova Gorica": [
        13.64837,
        45.95604
    ],
    "Naklo": [
        14.31722,
        46.27278
    ],
    "Muta": [
        15.16611,
        46.61139
    ],
    "Murska Sobota": [
        16.16639,
        46.6625
    ],
    "Mozirje": [
        14.96333,
        46.33944
    ],
    "Moravske Toplice": [
        16.2208,
        46.68313
    ],
    "Moravče": [
        14.745,
        46.13694
    ],
    "Mokronog": [
        15.14083,
        45.93417
    ],
    "Mojstrana": [
        13.93694,
        46.46111
    ],
    "Mislinja": [
        15.19556,
        46.44111
    ],
    "Mirna Peč": [
        15.08333,
        45.86028
    ],
    "Mirna": [
        15.06194,
        45.95528
    ],
    "Miren": [
        13.6075,
        45.89556
    ],
    "Miklavž na Dravskem Polju": [
        15.69722,
        46.50583
    ],
    "Mežica": [
        14.85444,
        46.52139
    ],
    "Metlika": [
        15.31417,
        45.64722
    ],
    "Mengeš": [
        14.575,
        46.16694
    ],
    "Mekinje": [
        14.61667,
        46.23333
    ],
    "Medvode": [
        14.43333,
        46.13333
    ],
    "Markovci": [
        15.95,
        46.38333
    ],
    "Maribor": [
        15.64667,
        46.55472
    ],
    "Makole": [
        15.66722,
        46.31722
    ],
    "Majšperk": [
        15.73361,
        46.35167
    ],
    "Lukovica pri Domžalah": [
        14.7,
        46.16667
    ],
    "Luče": [
        14.74667,
        46.35611
    ],
    "Lovrenc na Pohorju": [
        15.39306,
        46.54056
    ],
    "Log pri Brezovici": [
        14.36667,
        46.01667
    ],
    "Ljutomer": [
        16.1975,
        46.52083
    ],
    "Ljubno": [
        14.83377,
        46.34358
    ],
    "Ljubljana": [
        14.50513,
        46.05108
    ],
    "Litija": [
        14.8225,
        46.05861
    ],
    "Lipovci": [
        16.22806,
        46.62833
    ],
    "Limbuš": [
        15.58361,
        46.55361
    ],
    "Lesce": [
        14.15778,
        46.36111
    ],
    "Lendava": [
        16.45091,
        46.56494
    ],
    "Lenart v Slovenskih Goricah": [
        15.83139,
        46.57611
    ],
    "Laško": [
        15.23555,
        46.15463
    ],
    "Kuzma": [
        16.08333,
        46.83694
    ],
    "Krško": [
        15.49167,
        45.95915
    ],
    "Kromberk": [
        13.66556,
        45.96083
    ],
    "Krog": [
        16.14139,
        46.63806
    ],
    "Križevci pri Ljutomeru": [
        16.13861,
        46.56833
    ],
    "Kranjska Gora": [
        13.78944,
        46.48389
    ],
    "Kranj": [
        14.35561,
        46.23887
    ],
    "Kozje": [
        15.56028,
        46.075
    ],
    "Kozina": [
        13.93556,
        45.61
    ],
    "Kotlje": [
        14.98694,
        46.52139
    ],
    "Kostanjevica na Krki": [
        15.42222,
        45.84611
    ],
    "Koper": [
        13.72944,
        45.54694
    ],
    "Komen": [
        13.74833,
        45.81528
    ],
    "Kokrica": [
        14.36111,
        46.27028
    ],
    "Kočevje": [
        14.86333,
        45.64333
    ],
    "Kobilje": [
        16.39778,
        46.68472
    ],
    "Kobarid": [
        13.57722,
        46.24806
    ],
    "Kidričevo": [
        15.79111,
        46.40361
    ],
    "Kanal": [
        13.63972,
        46.08861
    ],
    "Kamnik": [
        14.61207,
        46.22587
    ],
    "Kamnica": [
        15.61417,
        46.57444
    ],
    "Juršinci": [
        15.97139,
        46.48472
    ],
    "Jurovski Dol": [
        15.78472,
        46.60639
    ],
    "Sveti Jurij ob Ščavnici": [
        16.02347,
        46.5695
    ],
    "Jesenice": [
        14.06694,
        46.43056
    ],
    "Izola": [
        13.66194,
        45.53694
    ],
    "Izlake": [
        14.95,
        46.15
    ],
    "Ivančna Gorica": [
        14.80444,
        45.93833
    ],
    "Ilirska Bistrica": [
        14.24083,
        45.56972
    ],
    "Ig": [
        14.52889,
        45.96028
    ],
    "Idrija": [
        14.03056,
        46.00278
    ],
    "Hrušica": [
        14.01778,
        46.445
    ],
    "Hrib-Loški Potok": [
        14.59111,
        45.70111
    ],
    "Hrastnik": [
        15.08139,
        46.14611
    ],
    "Horjul": [
        14.29917,
        46.02361
    ],
    "Hodoš": [
        16.33417,
        46.82333
    ],
    "Grosuplje": [
        14.65889,
        45.95556
    ],
    "Sveta Trojica v Slovenskih Goricah": [
        15.87694,
        46.57667
    ],
    "Grad": [
        16.1,
        46.8
    ],
    "Gotovlje": [
        15.16944,
        46.26028
    ],
    "Gornji Petrovci": [
        16.2225,
        46.80528
    ],
    "Gornji Grad": [
        14.80833,
        46.29528
    ],
    "Gornja Radgona": [
        15.99222,
        46.67333
    ],
    "Gorišnica": [
        16.01389,
        46.41472
    ],
    "Gorenja Vas": [
        14.14806,
        46.10722
    ],
    "Straža": [
        15.07278,
        45.78
    ],
    "Golnik": [
        14.33333,
        46.33333
    ],
    "Gančani": [
        16.25111,
        46.6325
    ],
    "Dravograd": [
        15.01917,
        46.58806
    ],
    "Dragomer": [
        14.38333,
        46.01667
    ],
    "Dornava": [
        15.95361,
        46.43667
    ],
    "Domžale": [
        14.59371,
        46.13774
    ],
    "Dol pri Ljubljani": [
        14.60083,
        46.08861
    ],
    "Dolenjske Toplice": [
        15.05917,
        45.75657
    ],
    "Dobrovo": [
        13.52639,
        45.99639
    ],
    "Dobrovnik": [
        16.3525,
        46.65139
    ],
    "Dobrova": [
        14.41722,
        46.055
    ],
    "Dobrna": [
        15.22639,
        46.3375
    ],
    "Dobje pri Planini": [
        15.40889,
        46.13667
    ],
    "Dob": [
        14.62861,
        46.15194
    ],
    "Divača": [
        13.97028,
        45.68472
    ],
    "Destrnik": [
        15.875,
        46.50056
    ],
    "Deskle": [
        13.62361,
        46.0525
    ],
    "Dekani": [
        13.81361,
        45.54972
    ],
    "Črnomelj": [
        15.18889,
        45.57111
    ],
    "Črna na Koroškem": [
        14.85009,
        46.47045
    ],
    "Črenšovci": [
        16.29056,
        46.57444
    ],
    "Černelavci": [
        16.13333,
        46.66667
    ],
    "Cerkvenjak": [
        15.94361,
        46.57056
    ],
    "Cerknica": [
        14.3625,
        45.79306
    ],
    "Cerklje na Gorenjskem": [
        14.48861,
        46.25417
    ],
    "Celje": [
        15.26044,
        46.23092
    ],
    "Cankova": [
        16.0225,
        46.72083
    ],
    "Britof": [
        14.39037,
        46.26024
    ],
    "Brezovica": [
        14.4,
        46.03333
    ],
    "Brežice": [
        15.59111,
        45.90333
    ],
    "Brestrnica": [
        15.575,
        46.56972
    ],
    "Braslovče": [
        15.03889,
        46.28972
    ],
    "Bovec": [
        13.55278,
        46.3375
    ],
    "Borovnica": [
        14.36306,
        45.91583
    ],
    "Bohinjska Bistrica": [
        13.9535,
        46.27216
    ],
    "Bled": [
        14.11361,
        46.36917
    ],
    "Bistrica ob Sotli": [
        15.66417,
        46.05889
    ],
    "Bilje": [
        13.63222,
        45.89444
    ],
    "Benedikt v Slovenskih Goricah": [
        15.88833,
        46.60861
    ],
    "Beltinci": [
        16.24056,
        46.60528
    ],
    "Bakovci": [
        16.15028,
        46.61889
    ],
    "Apače": [
        15.91056,
        46.69722
    ],
    "Ajdovščina": [
        13.90946,
        45.88601
    ],
    "Razkrižje": [
        16.28111,
        46.52167
    ],
    "Solkan": [
        13.64944,
        45.97139
    ],
    "Koroška-Bela": [
        14.10333,
        46.43028
    ],
    "Cerkno": [
        13.98167,
        46.12556
    ],
    "Leskova Dolina": [
        14.46056,
        45.62139
    ],
    "Logatec": [
        14.22583,
        45.91444
    ],
    "Ankaran": [
        13.73611,
        45.57861
    ],
    "Videm pri Ptuju": [
        15.90639,
        46.36861
    ],
    "Radizel": [
        15.65583,
        46.47444
    ],
    "Selnica ob Dravi": [
        15.495,
        46.55
    ],
    "Lucija": [
        13.6024,
        45.50526
    ],
    "Jagodje": [
        13.655,
        45.53222
    ],
    "Kisovec": [
        14.96295,
        46.13911
    ],
    "Komenda": [
        14.53839,
        46.20484
    ],
    "Nazarje": [
        14.94674,
        46.31757
    ],
    "Kostel": [
        14.91005,
        45.50842
    ]
}