{
    "Olenevka": [
        32.53333,
        45.38333
    ],
    "Urzuf": [
        37.09961,
        46.91562
    ],
    "Lebedyn": [
        31.52696,
        48.96242
    ],
    "Staryy Dobrotvir": [
        24.377,
        50.23154
    ],
    "Druzhkovka": [
        37.55259,
        48.63013
    ],
    "Vasylivka": [
        35.27417,
        47.43694
    ],
    "Ivano-Frankove": [
        23.72913,
        49.91978
    ],
    "Zvenyhorodka": [
        30.96754,
        49.07866
    ],
    "Zuya": [
        34.31542,
        45.0531
    ],
    "Zuhres": [
        38.26444,
        48.0114
    ],
    "Zorinsk": [
        38.62361,
        48.41194
    ],
    "Zolotyy Potik": [
        25.33926,
        48.9095
    ],
    "Zolotonosha": [
        32.03773,
        49.66886
    ],
    "Zolochiv": [
        24.89436,
        49.80597
    ],
    "Znomenka": [
        32.66472,
        48.71278
    ],
    "Zmiyev": [
        36.36109,
        49.69664
    ],
    "Zlynka": [
        31.53906,
        48.48522
    ],
    "Zhytomyr": [
        28.67669,
        50.26487
    ],
    "Zhvanets": [
        26.48744,
        48.54968
    ],
    "Zhuravka": [
        32.5949,
        50.48108
    ],
    "Zhovtneve": [
        24.24918,
        50.66365
    ],
    "Zhovkva": [
        23.9726,
        50.05825
    ],
    "Zhmerynka": [
        28.11201,
        49.03705
    ],
    "Zhelyabovka": [
        34.75776,
        45.39877
    ],
    "Zhovti Vody": [
        33.50034,
        48.34731
    ],
    "Zhashkiv": [
        30.1102,
        49.24545
    ],
    "Zhurivka": [
        31.78492,
        50.50276
    ],
    "Zin’kiv": [
        34.36376,
        50.20806
    ],
    "Zdolbuniv": [
        26.24251,
        50.5206
    ],
    "Zdovbytsya": [
        26.24111,
        50.49607
    ],
    "Zboriv": [
        25.14096,
        49.66484
    ],
    "Zbarazh": [
        25.77616,
        49.66357
    ],
    "Zavallya": [
        30.01558,
        48.21354
    ],
    "Karolino-Buhaz": [
        30.52609,
        46.14492
    ],
    "Zatoka": [
        30.46538,
        46.07251
    ],
    "Zatyshshya": [
        29.87327,
        47.33351
    ],
    "Zastavna": [
        25.84369,
        48.52307
    ],
    "Zarya": [
        29.69672,
        45.9908
    ],
    "Zarichchya": [
        24.64857,
        48.52144
    ],
    "Zarichne": [
        26.12902,
        51.8126
    ],
    "Zaporizhzhya": [
        35.19031,
        47.82289
    ],
    "Zaozerne": [
        33.27866,
        45.15816
    ],
    "Zaliztsi": [
        25.37297,
        49.79188
    ],
    "Железный порт": [
        32.28333,
        46.11667
    ],
    "Zaliznychne": [
        28.61466,
        45.7489
    ],
    "Zalesnoye": [
        38.80934,
        48.03104
    ],
    "Zalishchyky": [
        25.73794,
        48.64331
    ],
    "Zakupne": [
        26.33756,
        49.11944
    ],
    "Zahvizdya": [
        24.65275,
        48.91836
    ],
    "Zagnitkiv": [
        28.89234,
        48.04878
    ],
    "Zachepylivka": [
        35.23943,
        49.19385
    ],
    "Zabolotiv": [
        25.28571,
        48.47054
    ],
    "Yuzhne": [
        31.10131,
        46.62211
    ],
    "Yurkivka": [
        31.10125,
        49.01256
    ],
    "Yevpatoriya": [
        33.36655,
        45.20091
    ],
    "Yerky": [
        30.98818,
        48.99062
    ],
    "Yenakiyeve": [
        38.21137,
        48.23331
    ],
    "Yelyzavethradka": [
        32.4046,
        48.80381
    ],
    "Yavoriv": [
        23.38254,
        49.93864
    ],
    "Yasinya": [
        24.36042,
        48.27937
    ],
    "Yasinovataya": [
        37.8594,
        48.1298
    ],
    "Yarmolyntsi": [
        26.83725,
        49.19236
    ],
    "Yaremche": [
        24.55436,
        48.45157
    ],
    "Yampil’": [
        33.78759,
        51.94765
    ],
    "Yamnytsya": [
        24.7075,
        48.98972
    ],
    "Yalta": [
        34.16148,
        44.50013
    ],
    "Yahotyn": [
        31.76246,
        50.27975
    ],
    "Yahil’nytsya": [
        25.74374,
        48.94248
    ],
    "Yabluniv": [
        24.93874,
        48.40418
    ],
    "Yablunytsya": [
        24.48448,
        48.31742
    ],
    "Vyshchetarasivka": [
        34.88096,
        47.5685
    ],
    "Vysokopillya": [
        33.53061,
        47.49187
    ],
    "Vysokyy": [
        36.1321,
        49.8892
    ],
    "Vyshkovo": [
        23.42113,
        48.04911
    ],
    "Vyshhorod": [
        30.4898,
        50.58476
    ],
    "Vynohradiv": [
        23.02666,
        48.14135
    ],
    "Vylok": [
        22.83865,
        48.10915
    ],
    "Vylkove": [
        29.58595,
        45.40214
    ],
    "Vvedenka": [
        36.50747,
        49.82441
    ],
    "Vradiyivka": [
        30.59195,
        47.86195
    ],
    "Voznesensk": [
        31.33078,
        47.56494
    ],
    "Voznesenka": [
        35.46458,
        46.87165
    ],
    "Voyutychi": [
        23.11275,
        49.54945
    ],
    "Voykove": [
        36.43724,
        45.38261
    ],
    "Voskhod": [
        36.4141,
        45.3392
    ],
    "Vorzel’": [
        30.15305,
        50.5444
    ],
    "Vorozhba": [
        34.21917,
        51.17334
    ],
    "Voronovytsya": [
        28.68078,
        49.10954
    ],
    "Voronkov": [
        30.89967,
        50.22235
    ],
    "Vorokhta": [
        24.56536,
        48.28459
    ],
    "Volovets": [
        23.1851,
        48.7109
    ],
    "Voloka": [
        25.93074,
        48.19225
    ],
    "Volodarka": [
        29.91222,
        49.52484
    ],
    "Vol’noye": [
        34.81387,
        47.63646
    ],
    "Volnovakha": [
        37.49674,
        47.60103
    ],
    "Vovchans’k": [
        36.94108,
        50.29078
    ],
    "Voyinka": [
        33.99138,
        45.8699
    ],
    "Vodyane": [
        34.49235,
        47.48746
    ],
    "Volodymyr-Volyns’kyy": [
        24.32364,
        50.85253
    ],
    "Volodymyrets’": [
        26.14469,
        51.4213
    ],
    "Vyzhnytsya": [
        25.19452,
        48.24801
    ],
    "Vyshneve": [
        33.91618,
        48.43661
    ],
    "Vynohradove": [
        32.9398,
        46.36957
    ],
    "Vynohradivka": [
        28.57138,
        45.68119
    ],
    "Vinnytsya": [
        28.48097,
        49.23278
    ],
    "Viline": [
        33.67161,
        44.8456
    ],
    "Veselynove": [
        31.23488,
        47.35666
    ],
    "Vesele": [
        34.91504,
        47.01479
    ],
    "Verkhovyna": [
        24.79112,
        48.15571
    ],
    "Verkhnya Syrovatka": [
        34.95861,
        50.82902
    ],
    "Verkhnya Rozhanka": [
        23.51545,
        48.7805
    ],
    "Verkhnyaya Belka": [
        24.30328,
        49.81575
    ],
    "Verkhnyachka": [
        30.03957,
        48.82849
    ],
    "Verkhniy Yasenov": [
        24.94532,
        48.16156
    ],
    "Verkhniy Rohachyk": [
        34.33797,
        47.25054
    ],
    "Verkhnye Syn’ovydne": [
        23.59099,
        49.10307
    ],
    "Verenchanka": [
        25.74533,
        48.54653
    ],
    "Verblyany": [
        23.4219,
        50.04747
    ],
    "Verbivka": [
        35.53333,
        49.41667
    ],
    "Vendychany": [
        27.79324,
        48.61176
    ],
    "Velykoploske": [
        29.67171,
        47.01254
    ],
    "Velyka Mykhaylivka": [
        29.85753,
        47.07971
    ],
    "Velykyy Klyuchiv": [
        24.94678,
        48.47092
    ],
    "Velikiye Sorochintsy": [
        33.94144,
        50.02314
    ],
    "Velyki Kopany": [
        32.97498,
        46.48684
    ],
    "Velikiye Borki": [
        25.75753,
        49.52364
    ],
    "Velikiy Burluk": [
        37.39871,
        50.03787
    ],
    "Velykyi Bereznyi": [
        22.46052,
        48.88831
    ],
    "Velyka Pysarivka": [
        35.48502,
        50.42587
    ],
    "Velyka Lepetykha": [
        33.94362,
        47.17572
    ],
    "Velyka Bilozerka": [
        34.70616,
        47.27756
    ],
    "Velyka Bahachka": [
        33.72258,
        49.79116
    ],
    "Velyka Oleksandrivka": [
        33.30373,
        47.31969
    ],
    "Vatutine": [
        31.06211,
        49.01502
    ],
    "Vasyshcheve": [
        36.32691,
        49.82852
    ],
    "Vasyl’kiv": [
        30.31346,
        50.18692
    ],
    "Vashkivtsi": [
        25.51023,
        48.38492
    ],
    "Vary": [
        22.71281,
        48.12207
    ],
    "Varva": [
        32.71968,
        50.49503
    ],
    "Vapnyarka": [
        28.74358,
        48.53479
    ],
    "Valky": [
        35.62072,
        49.83868
    ],
    "Batiovo": [
        22.3997,
        48.36166
    ],
    "Uzyn": [
        30.41487,
        49.82619
    ],
    "Uzhhorod": [
        22.3,
        48.61667
    ],
    "Uyutne": [
        33.29796,
        45.19769
    ],
    "Utkivka": [
        36.07528,
        49.78583
    ],
    "Ustynivka": [
        32.53674,
        47.95507
    ],
    "Uspenka": [
        39.16194,
        48.39028
    ],
    "Usatove": [
        30.6596,
        46.53296
    ],
    "Uralo-Kavkaz": [
        39.82537,
        48.29576
    ],
    "Nyzhni Petrivtsi": [
        25.72327,
        48.02847
    ],
    "Uman’": [
        30.22184,
        48.74838
    ],
    "Ulichnoye": [
        23.65111,
        49.23385
    ],
    "Ulanov": [
        28.13298,
        49.69512
    ],
    "Ukrainka": [
        30.74612,
        50.14317
    ],
    "Uhryniv": [
        24.69292,
        48.9552
    ],
    "Uhniv": [
        23.74895,
        50.36811
    ],
    "Uhlove": [
        33.60452,
        44.82146
    ],
    "Uglegorsk": [
        38.27423,
        48.31474
    ],
    "Tysmenytsya": [
        24.84482,
        48.90219
    ],
    "Tysmenychany": [
        24.66626,
        48.77168
    ],
    "Tynne": [
        26.18486,
        50.60145
    ],
    "Tyachiv": [
        23.57061,
        48.0118
    ],
    "Turka": [
        23.02967,
        49.15411
    ],
    "Turbiv": [
        28.72117,
        49.34788
    ],
    "Tul’chyn": [
        28.84641,
        48.67448
    ],
    "Tukhlya": [
        23.47303,
        48.91218
    ],
    "Tsyurupyns’k": [
        32.7189,
        46.61842
    ],
    "Tsybulevka": [
        29.10288,
        48.38719
    ],
    "Tsybli": [
        31.56281,
        49.99484
    ],
    "Tsibulev": [
        29.84726,
        49.07907
    ],
    "Tsarychanka": [
        34.4786,
        48.93697
    ],
    "Truskavets": [
        23.50618,
        49.27837
    ],
    "Trostyanets’": [
        34.96567,
        50.48478
    ],
    "Tripol’ye": [
        30.78141,
        50.11802
    ],
    "Trebukhiv": [
        30.90304,
        50.48432
    ],
    "Toshkovka": [
        38.57903,
        48.77914
    ],
    "Torkanivka": [
        29.14746,
        48.32462
    ],
    "Torez": [
        38.59685,
        48.03876
    ],
    "Topory": [
        29.3174,
        49.65186
    ],
    "Tomakivka": [
        34.74137,
        47.81569
    ],
    "Tovste": [
        25.72621,
        48.84662
    ],
    "Tokmak": [
        35.71238,
        47.25522
    ],
    "Tyshkivka": [
        30.94229,
        48.49665
    ],
    "Tymoshivka": [
        35.10881,
        47.18418
    ],
    "Tetiyiv": [
        29.66474,
        49.3767
    ],
    "Terpinnya": [
        35.41972,
        46.96971
    ],
    "Terny": [
        33.9707,
        50.98916
    ],
    "Ternuvate": [
        36.12761,
        47.83049
    ],
    "Ternopil’": [
        25.60556,
        49.55589
    ],
    "Terebovlya": [
        25.70997,
        49.30187
    ],
    "Teplyk": [
        29.74504,
        48.66566
    ],
    "Tel’manove": [
        38.02476,
        47.40994
    ],
    "Tatarbunary": [
        29.61424,
        45.83731
    ],
    "Tarutyne": [
        29.15203,
        46.18636
    ],
    "Tarashcha": [
        30.49259,
        49.55832
    ],
    "Tarakaniv": [
        25.70843,
        50.37961
    ],
    "Tal’ne": [
        30.69482,
        48.88877
    ],
    "Talalayivka": [
        31.92085,
        50.95783
    ],
    "Syeverodonets’k": [
        38.49166,
        48.94832
    ],
    "Svyatogorsk": [
        37.56667,
        49.03333
    ],
    "Svityaz’": [
        23.85904,
        51.48211
    ],
    "Svitlovods’k": [
        33.24106,
        49.04894
    ],
    "Svetlodarsk": [
        38.22331,
        48.43374
    ],
    "Sverdlovs’k": [
        39.65243,
        48.08964
    ],
    "Svatove": [
        38.15035,
        49.41029
    ],
    "Svarychiv": [
        24.19658,
        48.9622
    ],
    "Svalyava": [
        22.99578,
        48.54853
    ],
    "Sutysky": [
        28.41732,
        49.04245
    ],
    "Sursko-Mikhaylovka": [
        34.72759,
        48.27202
    ],
    "Sumy": [
        34.80029,
        50.9216
    ],
    "Sukhovolya": [
        23.8377,
        49.82426
    ],
    "Sudova Vyshnya": [
        23.37218,
        49.78892
    ],
    "Sudak": [
        34.97471,
        44.84924
    ],
    "Subottsi": [
        32.52093,
        48.65545
    ],
    "Studenok": [
        37.48697,
        49.09107
    ],
    "Stryi": [
        23.85609,
        49.26223
    ],
    "Strohonivka": [
        34.19727,
        44.94309
    ],
    "Strabychovo": [
        22.54308,
        48.39247
    ],
    "Stozhkovskoye": [
        38.4925,
        48.11333
    ],
    "Storozhnytsya": [
        22.23269,
        48.60403
    ],
    "Stetseva": [
        25.57572,
        48.52767
    ],
    "Stepanivka": [
        29.98684,
        46.79489
    ],
    "Stebnyk": [
        23.56357,
        49.29416
    ],
    "Steblëv": [
        31.09764,
        49.40186
    ],
    "Stayki": [
        30.9038,
        50.07818
    ],
    "Stavyshche": [
        29.52796,
        50.40051
    ],
    "Staryy Sambor": [
        23.00056,
        49.43856
    ],
    "Staryy Saltov": [
        36.79393,
        50.08268
    ],
    "Staryy Merchyk": [
        35.75904,
        49.98147
    ],
    "Staryy Krym": [
        35.09174,
        45.02887
    ],
    "Stari Kuty": [
        25.17293,
        48.27093
    ],
    "Stari Bohorodchany": [
        24.5243,
        48.83361
    ],
    "Staroye Selo": [
        24.1895,
        49.71036
    ],
    "Starokostyantyniv": [
        27.20342,
        49.75764
    ],
    "Starokozache": [
        29.98528,
        46.33722
    ],
    "Starobesheve": [
        38.03051,
        47.75038
    ],
    "Starobil’s’k": [
        38.91069,
        49.27832
    ],
    "Starychi": [
        23.55848,
        49.98001
    ],
    "Stara Vyzhivka": [
        24.43997,
        51.43762
    ],
    "Stara Synyava": [
        27.61909,
        49.60318
    ],
    "Stanislav": [
        32.14777,
        46.56909
    ],
    "Stakhanov": [
        38.64352,
        48.56818
    ],
    "Serednye Vodyane": [
        23.91041,
        47.98159
    ],
    "Serednye": [
        22.50696,
        48.54043
    ],
    "Sribne": [
        32.91867,
        50.66384
    ],
    "Spasskoye": [
        35.05242,
        48.65983
    ],
    "Spas": [
        24.06293,
        48.88992
    ],
    "Sosnytsya": [
        32.49985,
        51.52387
    ],
    "Solotvyno": [
        23.87035,
        47.94604
    ],
    "Solotvyn": [
        24.42212,
        48.70212
    ],
    "Solonka": [
        24.01028,
        49.75621
    ],
    "Solonytsivka": [
        36.03464,
        49.99682
    ],
    "Solone": [
        34.87208,
        48.20805
    ],
    "Sokyryany": [
        27.41678,
        48.44747
    ],
    "Sokal’": [
        24.28288,
        50.47438
    ],
    "Sofiyivka": [
        33.87462,
        48.04927
    ],
    "Sobolivka": [
        28.65096,
        49.33604
    ],
    "Snyatyn": [
        25.56937,
        48.44692
    ],
    "Snihurivka": [
        32.80516,
        47.07579
    ],
    "Snizhne": [
        38.77225,
        48.02612
    ],
    "Smila": [
        31.88714,
        49.22242
    ],
    "Sloviansk": [
        37.61667,
        48.86667
    ],
    "Slov`yanoserbsk": [
        38.98133,
        48.69779
    ],
    "Slobidka": [
        29.34611,
        47.88694
    ],
    "Sloboda": [
        33.60695,
        51.19806
    ],
    "Slavuta": [
        26.86506,
        50.30155
    ],
    "Slavs’ke": [
        23.44587,
        48.84734
    ],
    "Slatino": [
        36.15376,
        50.21041
    ],
    "Skvyra": [
        29.66569,
        49.73177
    ],
    "Skole": [
        23.51346,
        49.03717
    ],
    "Skhodnitsa": [
        23.36169,
        49.20128
    ],
    "Skelivka": [
        22.96066,
        49.5363
    ],
    "Skalat": [
        25.97869,
        49.42732
    ],
    "Skala-Podil’s’ka": [
        26.19909,
        48.85149
    ],
    "Skadovsk": [
        32.91124,
        46.1161
    ],
    "Synevyrs'ka Polyana": [
        23.6891,
        48.58484
    ],
    "Synevyr": [
        23.62575,
        48.48745
    ],
    "Synel’nykove": [
        35.51792,
        48.32044
    ],
    "Simferopol’": [
        34.11079,
        44.95719
    ],
    "Simeiz": [
        34.00704,
        44.40646
    ],
    "Shpola": [
        31.39471,
        49.00687
    ],
    "Shostka": [
        33.4698,
        51.86296
    ],
    "Sholokhove": [
        34.03119,
        47.69453
    ],
    "Shklo": [
        23.54408,
        49.95675
    ],
    "Shyshaky": [
        34.01118,
        49.88175
    ],
    "Shyryayeve": [
        30.19638,
        47.38052
    ],
    "Shyroke": [
        33.25714,
        47.69173
    ],
    "Shypyntsi": [
        25.74664,
        48.37677
    ],
    "Shevchenkove": [
        29.33357,
        45.55604
    ],
    "Sheshory": [
        24.98329,
        48.33197
    ],
    "Shepetivka": [
        27.06365,
        50.18545
    ],
    "Shchors": [
        31.94504,
        51.81865
    ],
    "Shchyrets’": [
        23.87426,
        49.65096
    ],
    "Shcherbinovka": [
        37.79102,
        48.39489
    ],
    "Shchebetovka": [
        35.158,
        44.93821
    ],
    "Shats’k": [
        23.93806,
        51.50208
    ],
    "Sharhorod": [
        28.08497,
        48.73835
    ],
    "Shalyhyne": [
        34.12167,
        51.57168
    ],
    "Shakhtërsk": [
        38.51665,
        48.06252
    ],
    "Shabo": [
        30.38595,
        46.13262
    ],
    "Seversk": [
        38.10007,
        48.86699
    ],
    "Sevastopol": [
        33.5224,
        44.58883
    ],
    "Serpneve": [
        29.01958,
        46.30094
    ],
    "Sergeyevka": [
        30.37682,
        46.0272
    ],
    "Seredyna-Buda": [
        34.03639,
        52.18902
    ],
    "Serebryanka": [
        38.13494,
        48.91917
    ],
    "Serebriya": [
        27.71923,
        48.45593
    ],
    "Sencha": [
        33.34602,
        50.25482
    ],
    "Semypolky": [
        30.93441,
        50.72627
    ],
    "Semeykino": [
        39.53366,
        48.32643
    ],
    "Semenivka": [
        33.18049,
        49.59031
    ],
    "Selidovo": [
        37.30032,
        48.14708
    ],
    "Silets’": [
        24.20462,
        50.29712
    ],
    "Syedove": [
        38.15602,
        47.07678
    ],
    "Sedniv": [
        31.56496,
        51.64472
    ],
    "Schast’ye": [
        39.2323,
        48.73963
    ],
    "Savran’": [
        30.08247,
        48.13219
    ],
    "Savyntsi": [
        37.06266,
        49.40257
    ],
    "Sarny": [
        26.60191,
        51.33795
    ],
    "Sarata": [
        29.66567,
        46.01966
    ],
    "Sambir": [
        23.19752,
        49.5183
    ],
    "Saky": [
        33.59996,
        45.13424
    ],
    "Sakhnovshchyna": [
        35.87198,
        49.15166
    ],
    "Sadzhavka": [
        24.7882,
        48.56603
    ],
    "Rzhyshchiv": [
        31.04628,
        49.96886
    ],
    "Rykhtichi": [
        23.55662,
        49.38511
    ],
    "Rybakivka": [
        31.34995,
        46.61712
    ],
    "Rybache": [
        34.59516,
        44.7718
    ],
    "Ruzhyn": [
        29.20455,
        49.7228
    ],
    "Russkaya Polyana": [
        31.92009,
        49.417
    ],
    "Rudne": [
        23.9,
        49.83333
    ],
    "Rudky": [
        23.48702,
        49.65306
    ],
    "Rubizhne": [
        38.37967,
        49.01229
    ],
    "Rozvadov": [
        23.61667,
        49.5
    ],
    "Rozivka": [
        35.77239,
        46.93846
    ],
    "Rozhnyativ": [
        24.16379,
        48.93576
    ],
    "Rozhniv": [
        25.2258,
        48.36597
    ],
    "Rozhyshche": [
        25.26906,
        50.91542
    ],
    "Rozdil": [
        24.0623,
        49.46144
    ],
    "Rozdil’na": [
        30.07919,
        46.84334
    ],
    "Rivne": [
        26.22743,
        50.62308
    ],
    "Roven’ki": [
        39.37764,
        48.08332
    ],
    "Roskoshnyy": [
        30.18471,
        49.37087
    ],
    "Roskoshnoye": [
        39.30036,
        48.50743
    ],
    "Ropcha": [
        25.77421,
        48.11988
    ],
    "Romodan": [
        33.33178,
        49.98976
    ],
    "Romny": [
        33.47471,
        50.75104
    ],
    "Rokosovo": [
        23.17624,
        48.21018
    ],
    "Rokytne": [
        27.214,
        51.2796
    ],
    "Rohatyn": [
        24.60926,
        49.409
    ],
    "Rodnykove": [
        33.95407,
        45.04296
    ],
    "Rodinskoye": [
        37.20602,
        48.35199
    ],
    "Rodatychi": [
        23.53336,
        49.79862
    ],
    "Reshetylivka": [
        34.07815,
        49.56501
    ],
    "Ripky": [
        31.08383,
        51.80105
    ],
    "Reni": [
        28.29317,
        45.45727
    ],
    "Richky": [
        23.64617,
        50.27706
    ],
    "Rechka": [
        24.9333,
        48.28034
    ],
    "Rozdol’ne": [
        33.48777,
        45.77083
    ],
    "Rava-Rus’ka": [
        23.62826,
        50.23079
    ],
    "Ratne": [
        24.5303,
        51.6683
    ],
    "Rassypnoye": [
        38.57618,
        48.14966
    ],
    "Ralevka": [
        23.24058,
        49.50053
    ],
    "Rakiv Lis": [
        24.92427,
        51.62174
    ],
    "Rakoshyno": [
        22.59687,
        48.46713
    ],
    "Rakhiv": [
        24.20089,
        48.0526
    ],
    "Radomyshl’": [
        29.22911,
        50.49613
    ],
    "Radcha": [
        24.65502,
        48.85023
    ],
    "Piatykhatky": [
        33.71056,
        48.41333
    ],
    "Putyvl’": [
        33.87066,
        51.33745
    ],
    "Pustomyty": [
        23.91295,
        49.71532
    ],
    "Pryluky": [
        32.38761,
        50.59324
    ],
    "Prudyanka": [
        36.16835,
        50.23606
    ],
    "Pryyutivka": [
        33.07078,
        48.72094
    ],
    "Pryvillya": [
        38.30458,
        49.01501
    ],
    "Pryshyb": [
        35.31953,
        47.25927
    ],
    "Pryozerne": [
        36.33025,
        45.26976
    ],
    "Primorskoye": [
        37.69266,
        47.17436
    ],
    "Prymors’k": [
        36.34425,
        46.73479
    ],
    "Prikolotnoye": [
        37.34744,
        50.16042
    ],
    "Preobrazhenka": [
        35.81667,
        47.57194
    ],
    "Potelych": [
        23.54674,
        50.20804
    ],
    "Poroshkovo": [
        22.75328,
        48.66832
    ],
    "Porohy": [
        24.26322,
        48.68755
    ],
    "Popil'nya": [
        29.44353,
        49.96652
    ],
    "Popasnaya": [
        38.37804,
        48.63328
    ],
    "Poninka": [
        27.53629,
        50.18492
    ],
    "Pomichna": [
        31.41583,
        48.24222
    ],
    "Pomoryany": [
        24.9307,
        49.64092
    ],
    "Polyanka": [
        27.68809,
        50.25836
    ],
    "Poltava": [
        34.54073,
        49.59373
    ],
    "Polonne": [
        27.51087,
        50.12424
    ],
    "Polohy": [
        36.25361,
        47.48444
    ],
    "Pokotylivka": [
        36.17511,
        49.91343
    ],
    "Pohrebyshche": [
        29.26361,
        49.48639
    ],
    "Pidvynohradiv": [
        22.97194,
        48.13947
    ],
    "Pidkamin’": [
        25.31672,
        49.94599
    ],
    "Podgortsy": [
        24.9795,
        49.94612
    ],
    "Pidhorodne": [
        35.1068,
        48.57528
    ],
    "Pidhorodna": [
        30.88953,
        48.10704
    ],
    "Pidhaytsi": [
        25.13341,
        49.26854
    ],
    "Podbuzh": [
        23.24887,
        49.33483
    ],
    "Pochayiv": [
        25.51183,
        50.00508
    ],
    "Pobugskoye": [
        30.59274,
        48.16579
    ],
    "Pnikut": [
        23.13826,
        49.71104
    ],
    "Pniv": [
        24.52872,
        48.61783
    ],
    "Koktebel’": [
        35.2466,
        44.96154
    ],
    "Plakhtiyivka": [
        29.72169,
        46.1006
    ],
    "Pivdenne": [
        36.06675,
        49.88551
    ],
    "Pishcha": [
        23.82079,
        51.60928
    ],
    "Pyryatyn": [
        32.51073,
        50.2445
    ],
    "Pylypets’": [
        23.35191,
        48.66768
    ],
    "Petrovskoye": [
        36.89999,
        49.17695
    ],
    "Petrove": [
        33.25617,
        48.32467
    ],
    "Petropavlivka": [
        36.4367,
        48.45643
    ],
    "Petrivka": [
        30.95914,
        46.96951
    ],
    "Petrykivka": [
        34.63513,
        48.72978
    ],
    "Petrikov": [
        25.57901,
        49.53122
    ],
    "Petranka": [
        24.30347,
        48.90246
    ],
    "Piskivka": [
        29.61934,
        50.69378
    ],
    "Peschana": [
        29.73086,
        48.12918
    ],
    "Pervomays’ke": [
        33.85596,
        45.71744
    ],
    "Pervomaysk": [
        38.54806,
        48.62988
    ],
    "Pervomays’k": [
        30.85073,
        48.04433
    ],
    "Pershotravneve": [
        28.86837,
        51.39287
    ],
    "Manhush": [
        37.31068,
        47.05582
    ],
    "Pereyaslav-Khmel’nyts’kyy": [
        31.4795,
        50.08768
    ],
    "Pereval’sk": [
        38.84384,
        48.43779
    ],
    "Pereval'noe": [
        34.33333,
        44.83333
    ],
    "Peresichna": [
        35.98259,
        50.02413
    ],
    "Peremyshlyany": [
        24.55846,
        49.66523
    ],
    "Perehonivka": [
        30.51923,
        48.53552
    ],
    "Perechyn": [
        22.482,
        48.73616
    ],
    "Pechenizhyn": [
        24.89423,
        48.51551
    ],
    "Pavlysh": [
        33.35691,
        48.91762
    ],
    "Pavlivka": [
        38.70917,
        49.60864
    ],
    "Pavlovka": [
        28.45956,
        49.44143
    ],
    "Pavlohrad": [
        35.8705,
        48.53341
    ],
    "Pasichna": [
        24.43003,
        48.57152
    ],
    "Parutyne": [
        31.89709,
        46.70538
    ],
    "Partyzany": [
        34.75314,
        46.33383
    ],
    "Panyutyne": [
        36.27563,
        48.93692
    ],
    "Pantayivka": [
        32.8841,
        48.674
    ],
    "Ozerne": [
        28.67546,
        45.403
    ],
    "Ozerna": [
        25.32895,
        49.62891
    ],
    "Ovruch": [
        28.80351,
        51.3246
    ],
    "Ovidiopol’": [
        30.44127,
        46.24998
    ],
    "Otyniya": [
        24.86111,
        48.73767
    ],
    "Ostroh": [
        26.51425,
        50.32942
    ],
    "Oster": [
        30.88229,
        50.9506
    ],
    "Osypenko": [
        36.8253,
        46.9136
    ],
    "Orzhytsya": [
        32.70122,
        49.79182
    ],
    "Orikhiv": [
        35.78575,
        47.56731
    ],
    "Ordzhonikidze": [
        35.36583,
        44.96545
    ],
    "Orativ": [
        29.52697,
        49.18889
    ],
    "Oposhnya": [
        34.61226,
        49.95652
    ],
    "Onufriyivka": [
        33.44869,
        48.90716
    ],
    "Onokivtsi": [
        22.34183,
        48.65764
    ],
    "Olyka": [
        25.81251,
        50.71855
    ],
    "Ol'shanskoye": [
        31.79375,
        47.18411
    ],
    "Olyshivka": [
        31.33314,
        51.22266
    ],
    "Olesko": [
        24.89336,
        49.96233
    ],
    "Oleshnyk": [
        22.96167,
        48.16406
    ],
    "Oleksandriya": [
        33.11593,
        48.66961
    ],
    "Oleksandrivka": [
        30.63481,
        46.32893
    ],
    "Odessa": [
        30.73262,
        46.47747
    ],
    "Ochakiv": [
        31.54982,
        46.61283
    ],
    "Obukhiv": [
        30.62272,
        50.10997
    ],
    "Obroshyne": [
        23.86667,
        49.78333
    ],
    "Obodivka": [
        29.24775,
        48.40514
    ],
    "Obertyn": [
        25.17012,
        48.70032
    ],
    "Nyrkiv": [
        25.59989,
        48.81492
    ],
    "Nuyno": [
        24.91018,
        51.54628
    ],
    "Novyy Yarychiv": [
        24.30523,
        49.90444
    ],
    "Novyy Svit": [
        36.29737,
        45.47754
    ],
    "Novyi Svit": [
        34.9137,
        44.83087
    ],
    "Novyy Starodub": [
        33.17329,
        48.5158
    ],
    "Novi Troyany": [
        28.85628,
        45.94275
    ],
    "Novi Sanzhary": [
        34.31084,
        49.34395
    ],
    "Novi Bilokorovychi": [
        28.05463,
        51.11548
    ],
    "Novyy Buh": [
        32.5216,
        47.69308
    ],
    "Nove Davydkovo": [
        22.62164,
        48.44133
    ],
    "Novovorontsovka": [
        33.91748,
        47.50035
    ],
    "Novovolyns’k": [
        24.16265,
        50.72576
    ],
    "Novovasylivka": [
        35.75362,
        46.8315
    ],
    "Novoukrayinka": [
        31.52852,
        48.32635
    ],
    "Novotroyits’ke": [
        34.33272,
        46.3556
    ],
    "Novoselitsa": [
        27.51955,
        50.0703
    ],
    "Novoselytsya": [
        26.26531,
        48.21931
    ],
    "Novopskov": [
        39.08987,
        49.5464
    ],
    "Novopokrovka": [
        34.60619,
        48.05918
    ],
    "Novonikolayevka": [
        34.37399,
        48.55625
    ],
    "Novomykolayivka": [
        35.9102,
        47.9781
    ],
    "Novomoskovs’k": [
        35.24548,
        48.63798
    ],
    "Novomyrhorod": [
        31.64204,
        48.78105
    ],
    "Novohrad-Volyns’kyy": [
        27.6165,
        50.59412
    ],
    "Novofedorovka": [
        32.31781,
        46.17128
    ],
    "Novobohdanivka": [
        35.32945,
        47.08524
    ],
    "Novoazovs'k": [
        38.08599,
        47.11389
    ],
    "Novoarkhanhel’s’k": [
        30.81821,
        48.65803
    ],
    "Novooleksiyivka": [
        34.64031,
        46.22472
    ],
    "Novytsya": [
        24.33542,
        48.96345
    ],
    "Novhorod-Sivers’kyy": [
        33.2615,
        52.00577
    ],
    "Novhorodka": [
        32.65785,
        48.36506
    ],
    "Nove-Misto": [
        29.82813,
        48.98113
    ],
    "Nova Vodolaha": [
        35.87078,
        49.7185
    ],
    "Nova Praha": [
        32.90273,
        48.56821
    ],
    "Nova Odesa": [
        31.78506,
        47.30778
    ],
    "Nova Mayachka": [
        33.22707,
        46.59996
    ],
    "Nova Kakhovka": [
        33.34864,
        46.75451
    ],
    "Nova Borova": [
        28.63446,
        50.69296
    ],
    "Nova Ushytsya": [
        27.27434,
        48.83716
    ],
    "Nosivka": [
        31.58282,
        50.93152
    ],
    "Nyzy": [
        34.78441,
        50.78281
    ],
    "Nizhyn": [
        31.88688,
        51.04801
    ],
    "Nizhnyaya Krynka": [
        38.16064,
        48.1135
    ],
    "Nyzhnya Duvanka": [
        38.17429,
        49.58464
    ],
    "Nyzhni Sirohozy": [
        34.38044,
        46.84842
    ],
    "Nyzhnye Selyshche": [
        23.44757,
        48.19911
    ],
    "Nyzhn’ohirs’kyy": [
        34.73839,
        45.44789
    ],
    "Nikopol’": [
        34.39637,
        47.57119
    ],
    "Mykolayivka": [
        33.61443,
        44.96714
    ],
    "Nevyts’ke": [
        22.38813,
        48.67472
    ],
    "Netishyn": [
        26.64171,
        50.34004
    ],
    "Neresnytsya": [
        23.76588,
        48.11814
    ],
    "Nemyriv": [
        28.83779,
        48.97076
    ],
    "Nelipyno": [
        23.03146,
        48.56101
    ],
    "Nedryhayliv": [
        33.87626,
        50.83398
    ],
    "Nebyliv": [
        24.21657,
        48.81526
    ],
    "Navariya": [
        23.92746,
        49.74952
    ],
    "Narodychi": [
        29.08228,
        51.20286
    ],
    "Nadvirna": [
        24.56936,
        48.6348
    ],
    "Mysove": [
        35.83655,
        45.44863
    ],
    "Mykolayiv": [
        31.9974,
        46.96591
    ],
    "Murovani Kurylivtsi": [
        27.51892,
        48.72348
    ],
    "Murovanoye": [
        22.9367,
        49.52143
    ],
    "Mukacheve": [
        22.71779,
        48.43919
    ],
    "Mostys'ka": [
        23.15077,
        49.79467
    ],
    "Mospyne": [
        38.06395,
        47.89081
    ],
    "Moshny": [
        31.74757,
        49.51473
    ],
    "Morskoye": [
        34.80314,
        44.82593
    ],
    "Morshyn": [
        23.87232,
        49.15652
    ],
    "Monastyryshche": [
        29.8047,
        48.9909
    ],
    "Molodogvardeysk": [
        39.65824,
        48.34578
    ],
    "Molodiya": [
        26.02139,
        48.22326
    ],
    "Molodizhne": [
        32.66015,
        48.17732
    ],
    "Mohyliv-Podil’s’kyy": [
        27.7982,
        48.44598
    ],
    "Mlyniv": [
        25.61675,
        50.509
    ],
    "Mleyev": [
        31.5339,
        49.34434
    ],
    "Mizoch": [
        26.15,
        50.4
    ],
    "Miusinsk": [
        38.90364,
        48.0775
    ],
    "Miskhor": [
        34.08333,
        44.43333
    ],
    "Mirovka": [
        30.62309,
        49.93126
    ],
    "Myronivka": [
        30.98225,
        49.66007
    ],
    "Myrnyy": [
        33.03501,
        45.30788
    ],
    "Myrhorod": [
        33.60886,
        49.96854
    ],
    "Mynay": [
        22.27502,
        48.5888
    ],
    "Milove": [
        40.13016,
        49.37872
    ],
    "Mikulintsy": [
        25.60518,
        49.396
    ],
    "Mykhaylivka": [
        36.2627,
        45.28669
    ],
    "Myhove": [
        25.37904,
        48.15749
    ],
    "Myhiya": [
        30.95153,
        48.03719
    ],
    "Mizhvodne": [
        32.84501,
        45.58751
    ],
    "Velyki Mezhyrichi": [
        26.86626,
        50.65431
    ],
    "Chudey": [
        25.62208,
        48.05247
    ],
    "Volovo": [
        23.50563,
        48.52458
    ],
    "Mezhova": [
        36.73468,
        48.25318
    ],
    "Mezenevka": [
        35.31558,
        50.63446
    ],
    "Merefa": [
        36.05069,
        49.82302
    ],
    "Mena": [
        32.21568,
        51.5217
    ],
    "Melitopol’": [
        35.36533,
        46.84891
    ],
    "Meliorativnoye": [
        35.40187,
        48.61995
    ],
    "Melekyne": [
        37.39981,
        46.95957
    ],
    "Medzhibozh": [
        27.40487,
        49.43748
    ],
    "Medenychi": [
        23.75073,
        49.43055
    ],
    "Mayaky": [
        29.55986,
        47.44083
    ],
    "Matviyivka": [
        35.14444,
        47.07472
    ],
    "Massandra": [
        34.18593,
        44.51892
    ],
    "Mashivka": [
        34.86688,
        49.44308
    ],
    "Marshintsy": [
        26.29133,
        48.21751
    ],
    "Markivka": [
        39.57055,
        49.5229
    ],
    "Markova": [
        24.41382,
        48.67576
    ],
    "Mariupol": [
        37.54131,
        47.09514
    ],
    "Marhanets’": [
        34.62769,
        47.63543
    ],
    "Manyava": [
        24.37537,
        48.65541
    ],
    "Man’kivka": [
        30.33366,
        48.96349
    ],
    "Manchenky": [
        35.85835,
        49.97982
    ],
    "Malorichens’ke": [
        34.55789,
        44.75888
    ],
    "Malokaterynivka": [
        35.25649,
        47.6555
    ],
    "Malokakhovka": [
        33.4479,
        46.78142
    ],
    "Malyn": [
        29.23833,
        50.77233
    ],
    "Mala Vyska": [
        31.63657,
        48.64308
    ],
    "Mala Tokmachka": [
        35.89293,
        47.53563
    ],
    "Mala Danylivka": [
        36.16564,
        50.06354
    ],
    "Mala Bilozerka": [
        34.93457,
        47.24737
    ],
    "Makiv": [
        26.69188,
        48.79487
    ],
    "Makiyivka": [
        37.92576,
        48.04782
    ],
    "Makariv": [
        29.81128,
        50.46408
    ],
    "Mahdalynivka": [
        34.91558,
        48.92102
    ],
    "Lyubotyn": [
        35.92907,
        49.94691
    ],
    "Lyuboml’": [
        24.03727,
        51.22601
    ],
    "Lyubymivka": [
        33.56862,
        46.81063
    ],
    "Lyubech": [
        30.65692,
        51.7026
    ],
    "Lyubar": [
        27.75918,
        49.92045
    ],
    "Lysyanka": [
        30.82946,
        49.25229
    ],
    "Lysa Hora": [
        31.10994,
        48.17059
    ],
    "L'viv": [
        24.02324,
        49.83826
    ],
    "Luzhany": [
        25.77173,
        48.36492
    ],
    "Lutugino": [
        39.22675,
        48.40507
    ],
    "Luts’k": [
        25.34244,
        50.75932
    ],
    "Lutovynivka": [
        33.9051,
        49.23726
    ],
    "Lukiv": [
        25.40059,
        51.0521
    ],
    "Luhans’k": [
        39.31706,
        48.56705
    ],
    "Luhyny": [
        28.40057,
        51.08202
    ],
    "Luganskoye": [
        38.26153,
        48.44574
    ],
    "Lubny": [
        32.99694,
        50.01625
    ],
    "Lozova": [
        36.31755,
        48.88937
    ],
    "Lozuvatka": [
        33.28581,
        48.0571
    ],
    "Lozno-Oleksandrivka": [
        38.73808,
        49.83741
    ],
    "Lopukhiv": [
        23.96382,
        48.36526
    ],
    "Lopatyn": [
        24.84831,
        50.22022
    ],
    "Lokhvytsya": [
        33.26024,
        50.36776
    ],
    "Lokachi": [
        24.64944,
        50.737
    ],
    "Lyubashivka": [
        30.25976,
        47.83716
    ],
    "Livadiya": [
        34.14437,
        44.47481
    ],
    "Lityn": [
        28.08094,
        49.32509
    ],
    "Lysychovo": [
        23.28992,
        48.49677
    ],
    "Lisichansk": [
        38.44207,
        48.90485
    ],
    "Lypova Dolyna": [
        33.79793,
        50.56428
    ],
    "Lypnyazhka": [
        31.07611,
        48.44694
    ],
    "Lypcha": [
        23.38336,
        48.26108
    ],
    "Lymanske": [
        29.96722,
        46.6557
    ],
    "Lyman": [
        36.46711,
        49.5948
    ],
    "Lykhivka": [
        33.92279,
        48.68735
    ],
    "Letychiv": [
        27.63051,
        49.38263
    ],
    "Lisovi Sorochyntsi": [
        32.32919,
        50.6892
    ],
    "Lenine": [
        35.77708,
        45.29857
    ],
    "Lenina": [
        39.14556,
        48.42944
    ],
    "Lazurne": [
        32.52955,
        46.084
    ],
    "Lazi": [
        24.23333,
        48.06667
    ],
    "Lazeshchyna": [
        24.4201,
        48.26852
    ],
    "Lanivtsi": [
        26.09082,
        49.86328
    ],
    "Lanchyn": [
        24.75622,
        48.55781
    ],
    "Ladyzhyn": [
        29.23678,
        48.68496
    ],
    "Ladan": [
        32.58178,
        50.51959
    ],
    "Kiev": [
        30.5238,
        50.45466
    ],
    "Kvasy": [
        24.27994,
        48.14973
    ],
    "Kuznetsovs’k": [
        25.86667,
        51.68333
    ],
    "Kuybysheve": [
        36.64908,
        47.358
    ],
    "Kuty": [
        25.17946,
        48.25868
    ],
    "Kuteynykove": [
        38.28822,
        47.81227
    ],
    "Kushuhum": [
        35.20917,
        47.71278
    ],
    "Kushnytsya": [
        23.25816,
        48.43988
    ],
    "Kurakhovo": [
        37.2821,
        47.98522
    ],
    "Kupjansk": [
        37.59984,
        49.72093
    ],
    "Kulynychi": [
        36.38418,
        49.98227
    ],
    "Kulykivka": [
        31.64661,
        51.37345
    ],
    "Kulykiv": [
        24.07817,
        49.97954
    ],
    "Kryzhanivka": [
        30.79487,
        46.56167
    ],
    "Kryvyy Rih": [
        33.38044,
        47.90966
    ],
    "Kruty": [
        32.10634,
        51.05974
    ],
    "Krolevets’": [
        33.38475,
        51.54775
    ],
    "Kryve Ozero": [
        30.34928,
        47.95242
    ],
    "Kryva Hora": [
        30.19978,
        51.38494
    ],
    "Kryva": [
        23.23647,
        48.17234
    ],
    "Krinichnaya": [
        38.02597,
        48.12899
    ],
    "Krynychky": [
        34.46701,
        48.37551
    ],
    "Krepenskiy": [
        39.058,
        48.0771
    ],
    "Tatariv": [
        24.57836,
        48.34558
    ],
    "Kreminna": [
        38.21792,
        49.0495
    ],
    "Kremenets’": [
        25.72459,
        50.09693
    ],
    "Kremenchuk": [
        33.42041,
        49.06802
    ],
    "Krasnyy Luch": [
        38.93715,
        48.13954
    ],
    "Krasnyy Liman": [
        37.80225,
        48.98836
    ],
    "Krasnyy Kut": [
        38.79765,
        48.20138
    ],
    "Krasne": [
        32.7691,
        46.13088
    ],
    "Krasnotorka": [
        37.53266,
        48.68204
    ],
    "Krasnosilka": [
        30.77421,
        46.62258
    ],
    "Krasnopillya": [
        35.25965,
        50.77458
    ],
    "Krasnoperekops’k": [
        33.7965,
        45.95716
    ],
    "Krasnopavlivka": [
        36.31911,
        49.13643
    ],
    "Krasnokutsk": [
        35.16275,
        50.06602
    ],
    "Krasnohrad": [
        35.44021,
        49.3814
    ],
    "Krasnodon": [
        39.73729,
        48.29229
    ],
    "Krasnoarmiys’k": [
        37.17585,
        48.28198
    ],
    "Krasna": [
        24.70027,
        48.57571
    ],
    "Krasyliv": [
        26.97252,
        49.65186
    ],
    "Kramators’k": [
        37.55629,
        48.72305
    ],
    "Kozova": [
        25.15086,
        49.43544
    ],
    "Kozhanka": [
        29.73806,
        49.97933
    ],
    "Kozel’shchyna": [
        33.8481,
        49.21682
    ],
    "Kozelets’": [
        31.1214,
        50.91334
    ],
    "Kivsharivka": [
        37.70357,
        49.62125
    ],
    "Kovel’": [
        24.70867,
        51.21526
    ],
    "Kotsyubyns’ke": [
        30.32957,
        50.48836
    ],
    "Kotovs’k": [
        29.53205,
        47.75305
    ],
    "Kotel’va": [
        34.75862,
        50.06864
    ],
    "Kostyantynivka": [
        35.42287,
        46.81673
    ],
    "Kostryzhivka": [
        25.71316,
        48.65455
    ],
    "Kosiv": [
        25.09575,
        48.31071
    ],
    "Kosmach": [
        24.82052,
        48.32991
    ],
    "Koryukivka": [
        32.24813,
        51.76877
    ],
    "Korsun’-Shevchenkivs’kyy": [
        31.25865,
        49.41894
    ],
    "Korotych": [
        36.04057,
        49.94552
    ],
    "Korostyshiv": [
        29.0563,
        50.31723
    ],
    "Korosten’": [
        28.63855,
        50.95937
    ],
    "Korop": [
        32.95861,
        51.56638
    ],
    "Korolevo": [
        23.13659,
        48.15247
    ],
    "Kornyn": [
        29.53581,
        50.0953
    ],
    "Korniyivka": [
        31.46261,
        50.41661
    ],
    "Korets’": [
        27.16055,
        50.61654
    ],
    "Koreiz": [
        34.08516,
        44.43374
    ],
    "Kopychyntsi": [
        25.91026,
        49.10441
    ],
    "Kopayhorod": [
        27.7969,
        48.85917
    ],
    "Konotop": [
        33.20263,
        51.24032
    ],
    "Komsomol’s’ke": [
        36.52618,
        49.59701
    ],
    "Kompaniyivka": [
        32.20795,
        48.25115
    ],
    "Komarno": [
        23.69952,
        49.62739
    ],
    "Koloniya Zastav’ye": [
        27.03333,
        50.81667
    ],
    "Kolomyya": [
        25.03649,
        48.53115
    ],
    "Kolomak": [
        35.30442,
        49.83986
    ],
    "Kolodenka": [
        26.31601,
        50.58561
    ],
    "Kolochava": [
        23.6959,
        48.42851
    ],
    "Kulevcha": [
        29.93614,
        46.03034
    ],
    "Kodyma": [
        29.12463,
        48.09875
    ],
    "Kodra": [
        29.55874,
        50.59488
    ],
    "Kochetok": [
        36.73723,
        49.88005
    ],
    "Kobyzhcha": [
        31.50439,
        50.82854
    ],
    "Kobleve": [
        31.20804,
        46.66499
    ],
    "Kobelyaky": [
        34.19653,
        49.14892
    ],
    "Knyazhichi": [
        30.78369,
        50.46275
    ],
    "Klishkivtsi": [
        26.26231,
        48.43161
    ],
    "Klevan’": [
        25.97628,
        50.74305
    ],
    "Klenovyy": [
        39.4588,
        48.11934
    ],
    "Klembivka": [
        28.41092,
        48.39037
    ],
    "Klavdiyevo-Tarasove": [
        30.01134,
        50.58416
    ],
    "Kivertsi": [
        25.45821,
        50.83425
    ],
    "Kirovsk": [
        38.6428,
        48.63751
    ],
    "Kirovohrad": [
        32.2597,
        48.5132
    ],
    "Kyrylivka": [
        35.36753,
        46.37592
    ],
    "Kirikovka": [
        35.1149,
        50.36408
    ],
    "Kiliya": [
        29.26367,
        45.45518
    ],
    "Khyriv": [
        22.85236,
        49.53332
    ],
    "Khust": [
        23.29909,
        48.1793
    ],
    "Khrystynivka": [
        29.96806,
        48.82488
    ],
    "Khotiv": [
        30.46836,
        50.33068
    ],
    "Khotyn": [
        26.49121,
        48.50693
    ],
    "Khorostkiv": [
        25.92165,
        49.21114
    ],
    "Khorosheve": [
        36.21948,
        49.85279
    ],
    "Khorol": [
        33.27833,
        49.78367
    ],
    "Kholmy": [
        32.60063,
        51.87096
    ],
    "Khodoriv": [
        24.3136,
        49.40663
    ],
    "Khmel’nyts’kyy": [
        26.99653,
        49.42161
    ],
    "Khmil’nyk": [
        27.95754,
        49.55979
    ],
    "Khymchyn": [
        25.14803,
        48.38639
    ],
    "Kherson": [
        32.6178,
        46.65581
    ],
    "Khartsyzsk": [
        38.14728,
        48.04243
    ],
    "Kharkiv": [
        36.25272,
        49.98081
    ],
    "Kerch": [
        36.4706,
        45.3607
    ],
    "Kehychivka": [
        35.76153,
        49.28656
    ],
    "Kozyatyn": [
        28.83385,
        49.71431
    ],
    "Kazanka": [
        32.82177,
        47.84625
    ],
    "Kozachi Laheri": [
        32.9776,
        46.70372
    ],
    "Kaydaki": [
        35.12398,
        48.37678
    ],
    "Katyuzhanka": [
        30.13764,
        50.80595
    ],
    "Karlivka": [
        35.12947,
        49.45668
    ],
    "Soledar": [
        38.08902,
        48.67935
    ],
    "Karapyshi": [
        30.79002,
        49.64237
    ],
    "Kapitanivka": [
        31.71671,
        48.91719
    ],
    "Kaniv": [
        31.46004,
        49.75182
    ],
    "Kamysh-Zarya": [
        36.69298,
        47.32755
    ],
    "Kamyshnya": [
        33.68401,
        50.18587
    ],
    "Kamyshevka Vtoraya": [
        29.83333,
        46.23333
    ],
    "Komyshuvakha": [
        35.52882,
        47.71758
    ],
    "Komyshany": [
        32.50719,
        46.63716
    ],
    "Kamieniec Podolski": [
        26.58559,
        48.6845
    ],
    "Kamennyye Potoki": [
        33.52638,
        48.97974
    ],
    "Kamennoye": [
        39.16565,
        48.16928
    ],
    "Kamin’-Kashyrs’kyy": [
        24.95864,
        51.62412
    ],
    "Kamianka": [
        32.10396,
        49.0318
    ],
    "Kamianytsia": [
        22.3957,
        48.69343
    ],
    "Kalush": [
        24.37308,
        49.01187
    ],
    "Kalyny": [
        23.8738,
        48.14078
    ],
    "Kalynivka": [
        28.52608,
        49.45389
    ],
    "Kalchevaya": [
        28.81405,
        45.73737
    ],
    "Kalanchak": [
        33.2907,
        46.25623
    ],
    "Kakhovka": [
        33.48698,
        46.81371
    ],
    "Kayiry": [
        33.70592,
        46.94537
    ],
    "Kaharlyk": [
        30.82815,
        49.86233
    ],
    "Kadubivtsi": [
        25.76871,
        48.58337
    ],
    "Kacha": [
        33.54387,
        44.77635
    ],
    "Izyum": [
        37.24848,
        49.20875
    ],
    "Izyaslav": [
        26.82125,
        50.11947
    ],
    "Izmayil": [
        28.84079,
        45.34929
    ],
    "Yizhivtsi": [
        25.66232,
        48.03962
    ],
    "Iza": [
        23.32866,
        48.21525
    ],
    "Ivanivka": [
        34.55298,
        46.72082
    ],
    "Ivano-Frankivs’k": [
        24.70972,
        48.9215
    ],
    "Ivankiv": [
        29.89426,
        50.93864
    ],
    "Ispas": [
        25.27406,
        48.29734
    ],
    "Irshava": [
        23.03846,
        48.31667
    ],
    "Irpin’": [
        30.25055,
        50.52175
    ],
    "Ilovays’k": [
        38.20236,
        47.92498
    ],
    "Illichivs’k": [
        30.65478,
        46.30495
    ],
    "Illintsi": [
        29.21773,
        49.10479
    ],
    "Ichnya": [
        32.39425,
        50.86258
    ],
    "Horodok": [
        23.64806,
        49.78465
    ],
    "Horlivka": [
        38.05419,
        48.34698
    ],
    "Hlyboka": [
        25.92933,
        48.08971
    ],
    "Hlukhiv": [
        33.9162,
        51.67822
    ],
    "Hvizd": [
        24.55055,
        48.68517
    ],
    "Huty": [
        35.34394,
        50.13322
    ],
    "Husyatyn": [
        26.2141,
        49.07263
    ],
    "Hurzuf": [
        34.27841,
        44.54624
    ],
    "Hupalivka": [
        34.73556,
        49.11139
    ],
    "Hulyaypole": [
        36.25633,
        47.66389
    ],
    "Gubinikha": [
        35.25472,
        48.81083
    ],
    "Hryshkivtsi": [
        28.60383,
        49.93528
    ],
    "Hrymayliv": [
        26.01112,
        49.33208
    ],
    "Hrebinka": [
        32.4361,
        50.11712
    ],
    "Gradizhsk": [
        33.13613,
        49.23458
    ],
    "Hostomel’": [
        30.2651,
        50.56841
    ],
    "Hoshcha": [
        26.67435,
        50.6003
    ],
    "Gorskoye": [
        38.49541,
        48.73468
    ],
    "Horodnya": [
        31.59741,
        51.89085
    ],
    "Horodnytsya": [
        27.31676,
        50.80697
    ],
    "Horodne": [
        28.84833,
        45.89083
    ],
    "Horodyshche": [
        31.44513,
        49.28489
    ],
    "Horodenka": [
        25.50163,
        48.67274
    ],
    "Hornostayivka": [
        33.72899,
        47.00777
    ],
    "Horinchovo": [
        23.43475,
        48.27076
    ],
    "Holovyne": [
        28.8253,
        50.47118
    ],
    "Hołoby": [
        25.00767,
        51.08651
    ],
    "Hola Prystan’": [
        32.52417,
        46.5272
    ],
    "Hnidyn": [
        30.71059,
        50.329
    ],
    "Hlobyne": [
        33.25959,
        49.38784
    ],
    "Hlevakha": [
        30.32706,
        50.27423
    ],
    "Heniches’k": [
        34.8034,
        46.17592
    ],
    "Hayvoron": [
        29.86791,
        48.33958
    ],
    "Haysyn": [
        29.38977,
        48.81143
    ],
    "Gaspra": [
        34.10297,
        44.43364
    ],
    "Hadyach": [
        33.99099,
        50.37112
    ],
    "Frunzivka": [
        29.75903,
        47.33232
    ],
    "Frunzevka": [
        33.08333,
        45.26667
    ],
    "Partenit": [
        34.34464,
        44.578
    ],
    "Frunze": [
        33.62956,
        45.02688
    ],
    "Foros": [
        33.78798,
        44.39214
    ],
    "Fontanka": [
        30.86071,
        46.56255
    ],
    "Feodosiya": [
        35.37789,
        45.03677
    ],
    "Fastiv": [
        29.9177,
        50.0767
    ],
    "Eskhar": [
        36.58831,
        49.79866
    ],
    "Energodar": [
        34.6574,
        47.49865
    ],
    "Dzvinogrud": [
        24.25,
        49.73333
    ],
    "Dzhankoy": [
        34.39274,
        45.71168
    ],
    "Dzerzhyns’k": [
        37.84787,
        48.39869
    ],
    "Demnya": [
        23.94208,
        49.56596
    ],
    "Dymer": [
        30.3026,
        50.78647
    ],
    "Dvorichna": [
        37.68568,
        49.84963
    ],
    "Dunaivtsi": [
        26.85636,
        48.88909
    ],
    "Duliby": [
        23.81532,
        49.23134
    ],
    "Dudchany": [
        33.7639,
        47.18557
    ],
    "Dubrovytsya": [
        26.56503,
        51.57438
    ],
    "Dubove": [
        23.88954,
        48.17205
    ],
    "Dubno": [
        25.73432,
        50.41694
    ],
    "Dublyany": [
        23.38718,
        49.49832
    ],
    "Druzhba": [
        25.45055,
        49.04251
    ],
    "Drohobych": [
        23.50561,
        49.34991
    ],
    "Drahovo": [
        23.54914,
        48.23573
    ],
    "Drabiv": [
        32.15291,
        49.96302
    ],
    "Dovbysh": [
        27.98742,
        50.37332
    ],
    "Donets’k": [
        37.80224,
        48.023
    ],
    "Domanivka": [
        30.98852,
        47.63192
    ],
    "Dolyna": [
        24.00944,
        48.9733
    ],
    "Dolyns'ka": [
        32.76449,
        48.11041
    ],
    "Dovhe": [
        23.27904,
        48.36527
    ],
    "Dokuchayevsk": [
        37.67384,
        47.74773
    ],
    "Dobryanka": [
        31.18567,
        52.06314
    ],
    "Dobre": [
        34.22661,
        44.86632
    ],
    "Dobropol’ye": [
        37.08524,
        48.46147
    ],
    "Dobromil’": [
        22.78629,
        49.57193
    ],
    "Dnipropetrovsk": [
        34.98333,
        48.45
    ],
    "Dniprodzerzhyns’k": [
        34.6021,
        48.51134
    ],
    "Dnipryany": [
        33.27288,
        46.74631
    ],
    "Dniprovka": [
        34.61805,
        47.42945
    ],
    "Dniprorudne": [
        34.97652,
        47.38169
    ],
    "Dmytrivka": [
        28.98639,
        45.97167
    ],
    "Dymytrove": [
        32.98347,
        48.60767
    ],
    "Dykan’ka": [
        34.52787,
        49.82501
    ],
    "Desna": [
        30.76048,
        50.92731
    ],
    "Derhachy": [
        36.12112,
        50.10659
    ],
    "Derazhnya": [
        27.43382,
        49.2692
    ],
    "Delyatyn": [
        24.62466,
        48.52354
    ],
    "Dihtyari": [
        32.77012,
        50.58264
    ],
    "Debal’tsevo": [
        38.4049,
        48.34072
    ],
    "Davydivka": [
        25.56461,
        48.12099
    ],
    "Dashev": [
        29.42559,
        49.00449
    ],
    "Chutove": [
        35.16026,
        49.71042
    ],
    "Chulakivka": [
        32.3514,
        46.35763
    ],
    "Chuhuyiv": [
        36.68803,
        49.83588
    ],
    "Chudniv": [
        28.11745,
        50.05204
    ],
    "Chortkiv": [
        25.79804,
        49.01709
    ],
    "Chopovychi": [
        28.95334,
        50.83325
    ],
    "Chop": [
        22.20555,
        48.43198
    ],
    "Chynadiyovo": [
        22.8217,
        48.48179
    ],
    "Chyhyryn": [
        32.65549,
        49.08376
    ],
    "Chervone": [
        28.86453,
        49.95643
    ],
    "Chervonopartizansk": [
        39.79618,
        48.07613
    ],
    "Chervonohryhorivka": [
        34.53887,
        47.62298
    ],
    "Chervonohrad": [
        24.23514,
        50.39105
    ],
    "Radyvyliv": [
        25.25576,
        50.12994
    ],
    "Chervonaya Sloboda": [
        32.14643,
        49.3789
    ],
    "Chortomlyk": [
        34.14198,
        47.62315
    ],
    "Chernyatyn": [
        25.44832,
        48.66034
    ],
    "Chornyanka": [
        33.35904,
        46.65222
    ],
    "Chernyakhivka": [
        31.93082,
        50.21882
    ],
    "Chernyakhiv": [
        28.67018,
        50.45652
    ],
    "Chernukhino": [
        38.52272,
        48.3234
    ],
    "Chornukhy": [
        32.94196,
        50.26732
    ],
    "Chornorudka": [
        29.06062,
        49.8464
    ],
    "Chornopillya": [
        34.63916,
        45.04399
    ],
    "Chornomors’ke": [
        32.69776,
        45.50657
    ],
    "Chornoliztsi": [
        24.89576,
        48.83034
    ],
    "Chornobayivka": [
        32.55371,
        46.69412
    ],
    "Chornobay": [
        32.32387,
        49.67079
    ],
    "Cherniyiv": [
        24.71388,
        48.85658
    ],
    "Chernivtsi": [
        28.11473,
        48.54226
    ],
    "Chernihiv": [
        31.28488,
        51.50551
    ],
    "Chernelytsya": [
        25.42477,
        48.81207
    ],
    "Cherkasy": [
        32.06207,
        49.42854
    ],
    "Chasov Yar": [
        37.85724,
        48.59348
    ],
    "Chaplynka": [
        33.54027,
        46.36507
    ],
    "Chapayeve": [
        35.87486,
        49.36625
    ],
    "Chapayevka": [
        36.34507,
        47.47114
    ],
    "Viytivka": [
        29.54291,
        48.42603
    ],
    "Bytkiv": [
        24.47398,
        48.62968
    ],
    "Bystrytsya": [
        24.24545,
        48.45931
    ],
    "Bykivka": [
        27.98314,
        50.29285
    ],
    "Bushtyno": [
        23.48579,
        48.05121
    ],
    "Buryn’": [
        33.83523,
        51.19912
    ],
    "Burshtyn": [
        24.62776,
        49.25866
    ],
    "Budy": [
        36.02243,
        49.89337
    ],
    "Buchach": [
        25.38798,
        49.06254
    ],
    "Bucha": [
        30.21201,
        50.54345
    ],
    "Bryukhovychi": [
        23.9597,
        49.90467
    ],
    "Bryanka": [
        38.67222,
        48.511
    ],
    "Brusyliv": [
        29.52626,
        50.28449
    ],
    "Brovary": [
        30.80671,
        50.51809
    ],
    "Broska": [
        28.783,
        45.37328
    ],
    "Broshniv-Osada": [
        24.19748,
        48.9962
    ],
    "Brody": [
        25.15027,
        50.08791
    ],
    "Brylivka": [
        33.14721,
        46.42476
    ],
    "Bratslav": [
        28.9407,
        48.82257
    ],
    "Brailiv": [
        28.17459,
        49.10986
    ],
    "Boyarka": [
        30.29728,
        50.3191
    ],
    "Boyany": [
        26.12624,
        48.27077
    ],
    "Nikita": [
        34.2384,
        44.51564
    ],
    "Borzna": [
        32.4269,
        51.25464
    ],
    "Borshchiv": [
        26.04347,
        48.80332
    ],
    "Borova": [
        37.62136,
        49.3777
    ],
    "Boromlya": [
        34.97042,
        50.61838
    ],
    "Borodyanka": [
        29.9201,
        50.64484
    ],
    "Borodino": [
        29.24167,
        46.3025
    ],
    "Boryspil’": [
        30.95501,
        50.35269
    ],
    "Boryslav": [
        23.43238,
        49.28672
    ],
    "Bilshivtsi": [
        24.75,
        49.18333
    ],
    "Bolhrad": [
        28.61487,
        45.68262
    ],
    "Bolekhiv": [
        23.86435,
        49.06607
    ],
    "Bohuslav": [
        30.8744,
        49.54939
    ],
    "Bohorodchany": [
        24.53834,
        48.807
    ],
    "Bohodukhiv": [
        35.52765,
        50.16466
    ],
    "Bohdan": [
        24.35222,
        48.04122
    ],
    "Bobrovytsya": [
        31.3948,
        50.74693
    ],
    "Bibrka": [
        24.28874,
        49.64093
    ],
    "Bobovo": [
        22.89585,
        48.07166
    ],
    "Blyznyuky": [
        36.55505,
        48.85775
    ],
    "Blahodatne": [
        38.48492,
        47.87928
    ],
    "Blagodatnoye": [
        37.41898,
        47.70013
    ],
    "Biryukove": [
        39.73843,
        47.95631
    ],
    "Bilhorod-Dnistrovs’kyy": [
        30.34938,
        46.1952
    ],
    "Bila Tserkva": [
        30.11209,
        49.80939
    ],
    "Bezimenne": [
        37.93815,
        47.10716
    ],
    "Bezlyudivka": [
        36.29516,
        49.87185
    ],
    "Beryslav": [
        33.42838,
        46.84152
    ],
    "Berezovo": [
        23.474,
        48.30943
    ],
    "Berezivka": [
        30.9078,
        47.20429
    ],
    "Bereznyky": [
        23.21982,
        48.51406
    ],
    "Bereznehuvate": [
        32.84993,
        47.30783
    ],
    "Berezna": [
        31.78456,
        51.5716
    ],
    "Berezyne": [
        29.20436,
        46.22968
    ],
    "Бережани": [
        24.93333,
        49.45
    ],
    "Berezanka": [
        31.38802,
        46.85262
    ],
    "Berestechko": [
        25.11071,
        50.36047
    ],
    "Berehove": [
        35.43385,
        45.0947
    ],
    "Berehomet": [
        25.34855,
        48.17882
    ],
    "Berdychiv": [
        28.60235,
        49.89928
    ],
    "Berdyans’k": [
        36.79882,
        46.7663
    ],
    "Belz": [
        24.00642,
        50.38226
    ],
    "Bili Oslavy": [
        24.70078,
        48.48722
    ],
    "Bilyayivka": [
        30.21678,
        46.48319
    ],
    "Bilozerka": [
        32.44251,
        46.6248
    ],
    "Beloye": [
        39.05051,
        48.49523
    ],
    "Bilovods'k": [
        39.58975,
        49.20846
    ],
    "Bilopillya": [
        34.31287,
        51.15016
    ],
    "Bilokurakyne": [
        38.73067,
        49.5341
    ],
    "Inkerman": [
        33.6098,
        44.6139
    ],
    "Bilohirs’k": [
        34.60185,
        45.05462
    ],
    "Belogorovka": [
        38.24822,
        48.92503
    ],
    "Bilky": [
        23.13248,
        48.31503
    ],
    "Belitskoye": [
        37.18111,
        48.40642
    ],
    "Bila Krynytsya": [
        29.47041,
        50.63982
    ],
    "Belaya": [
        25.77059,
        49.029
    ],
    "Bekhtery": [
        32.29267,
        46.25099
    ],
    "Bazaliya": [
        26.47331,
        49.71267
    ],
    "Bayrachki": [
        38.60174,
        48.392
    ],
    "Baturyn": [
        32.87794,
        51.34567
    ],
    "Bashtanka": [
        32.43868,
        47.40719
    ],
    "Baryshivka": [
        31.32173,
        50.36098
    ],
    "Barvinkove": [
        37.02051,
        48.9097
    ],
    "Baranovka": [
        27.6622,
        50.29691
    ],
    "Bar": [
        27.68256,
        49.07717
    ],
    "Banyliv": [
        25.34549,
        48.36612
    ],
    "Balta": [
        29.61982,
        47.93548
    ],
    "Balky": [
        34.94396,
        47.38336
    ],
    "Zaritcha": [
        29.23333,
        49.71667
    ],
    "Balakliya": [
        36.85951,
        49.4627
    ],
    "Balaklava": [
        33.60013,
        44.51428
    ],
    "Bakhmach": [
        32.83463,
        51.18144
    ],
    "Bakhchysaray": [
        33.85782,
        44.75525
    ],
    "Baherove": [
        36.29705,
        45.37417
    ],
    "Babanka": [
        30.44827,
        48.70971
    ],
    "Avdeyevka": [
        37.74255,
        48.13989
    ],
    "Auly": [
        34.49493,
        48.52708
    ],
    "Askaniya Nova": [
        33.86889,
        46.45135
    ],
    "Artsyz": [
        29.41824,
        45.99194
    ],
    "Artemivs’k": [
        37.99987,
        48.59559
    ],
    "Artëmovsk": [
        38.732,
        48.44061
    ],
    "Armyans’k": [
        33.69206,
        46.10919
    ],
    "Arbuzynka": [
        31.31963,
        47.90972
    ],
    "Apostolove": [
        33.71369,
        47.66003
    ],
    "Antratsit": [
        39.09128,
        48.11503
    ],
    "Antoniny": [
        26.87714,
        49.80974
    ],
    "Andrushivka": [
        29.02023,
        50.02288
    ],
    "Amvrosiyivka": [
        38.47768,
        47.79348
    ],
    "Alushta": [
        34.40778,
        44.67631
    ],
    "Alupka": [
        34.0448,
        44.41886
    ],
    "Aleksandrovka": [
        32.76116,
        46.83826
    ],
    "Alchevs’k": [
        38.81669,
        48.46893
    ],
    "Yakymivka": [
        35.15916,
        46.69972
    ],
    "Okhtyrka": [
        34.89879,
        50.31036
    ],
    "Adzhamka": [
        32.53542,
        48.54244
    ],
    "Malynivka": [
        36.73333,
        49.81667
    ],
    "Kopashnovo": [
        23.48457,
        48.2197
    ],
    "Narkevychi": [
        26.64178,
        49.51717
    ],
    "Kirove": [
        31.12066,
        50.3689
    ],
    "Orikhove": [
        33.6318,
        45.12944
    ],
    "Krasni Okny": [
        29.46001,
        47.54044
    ],
    "Kuchurhan": [
        29.78938,
        47.16302
    ],
    "Smyga": [
        25.76575,
        50.2391
    ],
    "Tayirove": [
        30.64891,
        46.36313
    ],
    "Teplodar": [
        30.3252,
        46.50585
    ],
    "Komsomolsk": [
        33.63567,
        49.01018
    ],
    "Славутич": [
        30.73434,
        51.51964
    ],
    "Orzhiv": [
        26.12,
        50.8
    ],
    "Shkil’ne": [
        33.89737,
        45.05758
    ],
    "Denyshi": [
        28.40395,
        50.21415
    ],
    "Stepove": [
        30.07919,
        46.70385
    ],
    "Scholkine": [
        35.8247,
        45.42761
    ],
    "Yuzhnoukrains'k": [
        31.18263,
        47.81777
    ],
    "Mizhhir’ya": [
        23.50233,
        48.51876
    ],
    "Kremidivka": [
        30.78472,
        46.73351
    ],
    "Hlyns'k": [
        23.89956,
        50.06033
    ],
    "Novoyavorivs'k": [
        23.57357,
        49.93023
    ],
    "Sofiyivska Borschagivka": [
        30.36724,
        50.41005
    ],
    "Chervona Motovylivka": [
        30.07421,
        50.15821
    ],
    "Kriukivschina": [
        30.36861,
        50.37153
    ]
}