{
    "La Asunción": [
        -63.86278,
        11.03333
    ],
    "Caricuao": [
        -66.98313,
        10.43337
    ],
    "Tocuyito": [
        -68.0793,
        10.10861
    ],
    "El Chaparro": [
        -65.01688,
        9.15177
    ],
    "Anaco": [
        -64.47278,
        9.43889
    ],
    "Santa Cruz de Guacas": [
        -71.3014,
        7.44329
    ],
    "El Real": [
        -69.99633,
        8.43525
    ],
    "Puerto Vivas": [
        -71.84446,
        7.50005
    ],
    "La Mula": [
        -70.37524,
        8.57084
    ],
    "Los Guasimitos": [
        -70.23216,
        8.66435
    ],
    "Alto Barinas": [
        -70.2261,
        8.5931
    ],
    "Zea": [
        -71.78185,
        8.37628
    ],
    "Zaraza": [
        -65.32452,
        9.35029
    ],
    "Yumare": [
        -68.67245,
        10.59732
    ],
    "Yaritagua": [
        -69.12611,
        10.08
    ],
    "Yaracal": [
        -68.54435,
        10.97099
    ],
    "Yaguaraparo": [
        -62.82693,
        10.56916
    ],
    "Villa de Cura": [
        -67.48938,
        10.03863
    ],
    "Villa Bruzual": [
        -69.12083,
        9.33278
    ],
    "Las Casitas del Vegon de Nutrias": [
        -69.4183,
        8.23704
    ],
    "Valle de La Pascua": [
        -66.00734,
        9.21554
    ],
    "Valle de Guanape": [
        -65.67405,
        9.90999
    ],
    "Valera": [
        -70.60361,
        9.31778
    ],
    "Valencia": [
        -68.00765,
        10.16202
    ],
    "Urumaco": [
        -70.25499,
        11.19913
    ],
    "Ureña": [
        -72.44188,
        7.91689
    ],
    "Uracoa": [
        -62.35164,
        8.9996
    ],
    "Urachiche": [
        -69.01111,
        10.15917
    ],
    "Upata": [
        -62.39889,
        8.00861
    ],
    "Umuquena": [
        -72.06371,
        8.26588
    ],
    "Turmero": [
        -67.47288,
        10.22388
    ],
    "Tucupita": [
        -62.05102,
        9.06222
    ],
    "Tucupido": [
        -65.77153,
        9.27496
    ],
    "Tucaní": [
        -71.27277,
        8.97003
    ],
    "Tucacas": [
        -68.32577,
        10.7906
    ],
    "Trujillo": [
        -70.43472,
        9.37084
    ],
    "Tovar": [
        -71.75118,
        8.33204
    ],
    "Torunos": [
        -70.08056,
        8.50016
    ],
    "Torondoy": [
        -71.01406,
        9.03115
    ],
    "Tocópero": [
        -69.25892,
        11.49897
    ],
    "Tinaquillo": [
        -68.30472,
        9.91861
    ],
    "Tinaco": [
        -68.43348,
        9.69871
    ],
    "Timotes": [
        -70.73926,
        8.98224
    ],
    "Tía Juana": [
        -71.36865,
        10.25838
    ],
    "Táriba": [
        -72.22427,
        7.8188
    ],
    "Tabay": [
        -71.07843,
        8.6311
    ],
    "Soledad": [
        -63.56584,
        8.16281
    ],
    "Socopó": [
        -70.82198,
        8.23062
    ],
    "Siquisique": [
        -69.70302,
        10.57027
    ],
    "Sinamaica": [
        -71.85364,
        11.08515
    ],
    "Seboruco": [
        -72.07332,
        8.14514
    ],
    "Sarare": [
        -69.1633,
        9.78128
    ],
    "Santo Domingo": [
        -70.6948,
        8.86052
    ],
    "San Timoteo": [
        -71.06667,
        9.8
    ],
    "Santa Teresa": [
        -66.66308,
        10.23409
    ],
    "Santa Rosa": [
        -69.70105,
        8.44033
    ],
    "Santa Rita": [
        -67.53884,
        10.20696
    ],
    "Santa María de Ipire": [
        -65.3225,
        8.81556
    ],
    "Santa María de Caparo": [
        -71.46466,
        7.71412
    ],
    "Santa Lucía": [
        -69.77752,
        8.10155
    ],
    "Santa Isabel": [
        -70.80759,
        9.63217
    ],
    "Santa Inés": [
        -69.89795,
        8.26241
    ],
    "Santa Elena de Uairén": [
        -61.11025,
        4.60226
    ],
    "Santa Elena de Arenales": [
        -71.46564,
        8.81924
    ],
    "Santa Cruz": [
        -67.51184,
        10.18
    ],
    "Santa Cruz de Bucaral": [
        -69.27776,
        10.81953
    ],
    "Santa Catalina": [
        -68.91745,
        7.92408
    ],
    "Santa Bárbara": [
        -71.17788,
        7.81348
    ],
    "Santa Apolonia": [
        -71.01419,
        9.47139
    ],
    "Santa Ana": [
        -72.02174,
        8.11697
    ],
    "San Simón": [
        -71.85028,
        8.35078
    ],
    "San Silvestre": [
        -70.11027,
        8.27585
    ],
    "San Rafael de Onoto": [
        -68.97344,
        9.67742
    ],
    "San Rafael de Carvajal": [
        -70.58532,
        9.30339
    ],
    "San Rafael de Canaguá": [
        -70.00861,
        8.02667
    ],
    "San Pablo": [
        -68.84451,
        10.24828
    ],
    "San Mateo": [
        -64.5496,
        9.7392
    ],
    "San Luis": [
        -69.68397,
        11.12034
    ],
    "San Juan de Manapiare": [
        -66.04862,
        5.31718
    ],
    "San Juan de los Morros": [
        -67.35381,
        9.91152
    ],
    "San Juan de Colón": [
        -72.26053,
        8.03125
    ],
    "San Juan Bautista": [
        -63.94406,
        11.01116
    ],
    "San José de Barlovento": [
        -65.99052,
        10.30125
    ],
    "San José de Guanipa": [
        -64.16512,
        8.88724
    ],
    "San José de Aerocuar": [
        -63.32852,
        10.59973
    ],
    "San Joaquín": [
        -67.7858,
        10.263
    ],
    "San Francisco de Yare": [
        -66.74648,
        10.17793
    ],
    "San Francisco": [
        -71.70364,
        10.55363
    ],
    "San Fernando de Atabapo": [
        -67.70032,
        4.04956
    ],
    "San Felipe": [
        -68.74247,
        10.33991
    ],
    "San Diego": [
        -67.9533,
        10.25982
    ],
    "San Cristóbal": [
        -72.225,
        7.76694
    ],
    "San Casimiro": [
        -67.01464,
        10.00169
    ],
    "San Carlos de Río Negro": [
        -67.06667,
        1.91667
    ],
    "San Carlos del Zulia": [
        -71.91352,
        9.00003
    ],
    "San Carlos": [
        -68.58268,
        9.66124
    ],
    "Sanare": [
        -69.65318,
        9.75145
    ],
    "San Antonio del Táchira": [
        -72.4431,
        7.81454
    ],
    "San Antonio de Los Altos": [
        -66.95179,
        10.38854
    ],
    "San Antonio del Golfo": [
        -63.78961,
        10.44155
    ],
    "San Antonio": [
        -68.43384,
        7.96378
    ],
    "Sabaneta": [
        -69.93516,
        8.75326
    ],
    "Sabana Grande": [
        -70.79762,
        9.4028
    ],
    "Sabana de Parra": [
        -69.03639,
        10.12111
    ],
    "Sabana de Mendoza": [
        -70.77612,
        9.43513
    ],
    "Rubio": [
        -72.35569,
        7.70131
    ],
    "La Villa del Rosario": [
        -72.31343,
        10.3258
    ],
    "Río Chico": [
        -65.97782,
        10.32043
    ],
    "Río Caribe": [
        -63.10964,
        10.6971
    ],
    "Quiriquire": [
        -63.21991,
        9.9795
    ],
    "Quíbor": [
        -69.6201,
        9.92866
    ],
    "Queniquea": [
        -72.01557,
        7.91717
    ],
    "Quebrada Seca": [
        -70.31941,
        8.70015
    ],
    "Punto Fijo": [
        -70.19957,
        11.6956
    ],
    "Punta de Piedras": [
        -64.09696,
        10.9013
    ],
    "Punta de Piedra": [
        -71.49164,
        7.61759
    ],
    "Punta de Mata": [
        -63.60921,
        9.69131
    ],
    "Punta Cardón": [
        -70.215,
        11.65806
    ],
    "Puerto Píritu": [
        -65.04207,
        10.0613
    ],
    "Puerto La Cruz": [
        -64.61667,
        10.21667
    ],
    "Puerto de Nutrias": [
        -69.30246,
        8.0728
    ],
    "Puerto Cumarebo": [
        -69.35222,
        11.48783
    ],
    "Puerto Cabello": [
        -68.0125,
        10.47306
    ],
    "Puerto Ayacucho": [
        -67.62361,
        5.66389
    ],
    "Pueblo Nuevo": [
        -71.60888,
        8.96454
    ],
    "Pueblo Llano": [
        -70.65919,
        8.91485
    ],
    "Pregonero": [
        -71.76595,
        8.01909
    ],
    "Porlamar": [
        -63.84906,
        10.95796
    ],
    "Píritu": [
        -69.21028,
        9.37083
    ],
    "Petare": [
        -66.80155,
        10.47226
    ],
    "Pedregal": [
        -70.12058,
        11.02037
    ],
    "Pedraza La Vieja": [
        -71.05934,
        7.9168
    ],
    "Pedernales": [
        -62.25151,
        9.97152
    ],
    "Pariaguán": [
        -64.71053,
        8.84358
    ],
    "Paraíso de Chabasquén": [
        -69.94754,
        9.43365
    ],
    "La Plaza Paraguachi": [
        -63.85537,
        11.10783
    ],
    "Papelón": [
        -69.4602,
        8.94109
    ],
    "Pampatar": [
        -63.79343,
        11.00125
    ],
    "Pampanito": [
        -70.50116,
        9.41037
    ],
    "Pampán": [
        -70.47759,
        9.44475
    ],
    "Palo Negro": [
        -67.54194,
        10.17389
    ],
    "Palmira": [
        -72.22758,
        7.83607
    ],
    "Palmasola": [
        -68.54422,
        10.59363
    ],
    "Ospino": [
        -69.45546,
        9.29672
    ],
    "Ortiz": [
        -67.29047,
        9.62168
    ],
    "Onoto": [
        -65.1935,
        9.59714
    ],
    "Ocumare del Tuy": [
        -66.77609,
        10.11649
    ],
    "Ocumare de la Costa": [
        -67.76872,
        10.46127
    ],
    "Obispos": [
        -70.10489,
        8.60701
    ],
    "Nueva Bolivia": [
        -71.0912,
        9.14176
    ],
    "Nirgua": [
        -68.5663,
        10.15526
    ],
    "Naguanagua": [
        -68.01861,
        10.26
    ],
    "Mucumpiz": [
        -71.13333,
        8.41667
    ],
    "Mucuchíes": [
        -70.91418,
        8.74899
    ],
    "Motatán": [
        -70.59119,
        9.39002
    ],
    "Morón": [
        -68.20028,
        10.48889
    ],
    "Monte Carmelo": [
        -70.81561,
        9.18583
    ],
    "Montalbán": [
        -68.32674,
        10.21298
    ],
    "Mirimire": [
        -68.72604,
        11.1602
    ],
    "Miranda": [
        -68.39418,
        10.14987
    ],
    "Michelena": [
        -72.24322,
        7.9549
    ],
    "Mérida": [
        -71.1434,
        8.59524
    ],
    "Mene de Mauroa": [
        -71.03678,
        10.68156
    ],
    "Masparrito": [
        -70.30139,
        9.00194
    ],
    "Maroa": [
        -67.55992,
        2.71861
    ],
    "Maripa": [
        -65.18961,
        7.41537
    ],
    "Marigüitar": [
        -63.90449,
        10.44716
    ],
    "Mariara": [
        -67.71813,
        10.29644
    ],
    "Maracay": [
        -67.59583,
        10.24694
    ],
    "Maracaibo": [
        -71.64056,
        10.63167
    ],
    "Maporal": [
        -70.41985,
        7.645
    ],
    "Mamporal": [
        -66.13044,
        10.36461
    ],
    "Maiquetía": [
        -66.95485,
        10.59621
    ],
    "Machiques": [
        -72.545,
        10.06444
    ],
    "Los Teques": [
        -67.04325,
        10.34447
    ],
    "Los Rastrojos": [
        -69.24166,
        10.02588
    ],
    "Los Guayos": [
        -67.9377,
        10.18026
    ],
    "Los Dos Caminos": [
        -66.82863,
        10.49389
    ],
    "Lobatera": [
        -72.24683,
        7.9293
    ],
    "Libertad": [
        -69.62977,
        8.32651
    ],
    "Capacho Viejo": [
        -72.31907,
        7.82853
    ],
    "La Yuca": [
        -70.18072,
        8.73109
    ],
    "La Victoria": [
        -67.33017,
        10.21844
    ],
    "La Vela de Coro": [
        -69.56591,
        11.46209
    ],
    "Veguitas": [
        -69.99581,
        8.82391
    ],
    "La Unión": [
        -67.76653,
        8.21573
    ],
    "Las Vegas": [
        -68.6296,
        9.53727
    ],
    "Las Tejerías": [
        -67.18472,
        10.25237
    ],
    "Las Mercedes": [
        -66.39718,
        9.11018
    ],
    "La Quebrada": [
        -70.57604,
        9.15462
    ],
    "La Plata": [
        -71.2721,
        10.32025
    ],
    "La Luz": [
        -69.82358,
        8.39419
    ],
    "Lagunillas": [
        -71.38789,
        8.51286
    ],
    "La Guaira": [
        -66.9346,
        10.59901
    ],
    "La Esmeralda": [
        -65.55,
        3.16667
    ],
    "La Cruz de Taratara": [
        -69.7131,
        11.06396
    ],
    "La Concepción": [
        -71.83814,
        10.61919
    ],
    "Chameta": [
        -70.90671,
        8.10024
    ],
    "Caramuca": [
        -70.32056,
        8.59708
    ],
    "La Azulita": [
        -71.44417,
        8.71314
    ],
    "Juan Griego": [
        -63.96549,
        11.08172
    ],
    "Jacura": [
        -68.85604,
        11.07417
    ],
    "Irapa": [
        -62.58102,
        10.56968
    ],
    "Higuerote": [
        -66.10083,
        10.48106
    ],
    "Güiria": [
        -62.29772,
        10.57806
    ],
    "Güigüe": [
        -67.77917,
        10.08528
    ],
    "Guayabal": [
        -67.39732,
        8.00077
    ],
    "Guatire": [
        -66.54266,
        10.4762
    ],
    "Guasipati": [
        -61.89666,
        7.47702
    ],
    "Guarenas": [
        -66.60663,
        10.46736
    ],
    "Guaraque": [
        -71.73563,
        8.15347
    ],
    "Guanta": [
        -64.59552,
        10.23448
    ],
    "Guanarito": [
        -69.20832,
        8.69625
    ],
    "Guanare": [
        -69.74206,
        9.04183
    ],
    "Guama": [
        -68.82131,
        10.27032
    ],
    "Guadarrama": [
        -68.04923,
        8.53508
    ],
    "Guacara": [
        -67.877,
        10.22609
    ],
    "Farriar": [
        -68.55857,
        10.46967
    ],
    "Encontrados": [
        -72.23413,
        9.06085
    ],
    "El Vigía": [
        -71.65284,
        8.61366
    ],
    "El Valle del Espíritu Santo": [
        -63.8831,
        10.98283
    ],
    "El Toro": [
        -71.64843,
        10.95423
    ],
    "El Tocuyo": [
        -69.7937,
        9.78734
    ],
    "El Tigre": [
        -64.24544,
        8.88752
    ],
    "El Sombrero": [
        -67.05818,
        9.3863
    ],
    "El Socorro": [
        -65.74247,
        8.99352
    ],
    "El Regalo": [
        -69.1767,
        8.43455
    ],
    "San Rafael del Piñal": [
        -71.95922,
        7.52986
    ],
    "El Pilar": [
        -63.15,
        10.53333
    ],
    "El Paradero": [
        -70.61544,
        9.77233
    ],
    "El Pao": [
        -68.12884,
        9.63752
    ],
    "El Palmer": [
        -61.88333,
        8.03333
    ],
    "Elorza": [
        -69.49765,
        7.06088
    ],
    "El Limón": [
        -67.63212,
        10.30589
    ],
    "El Hatillo": [
        -66.8161,
        10.42994
    ],
    "El Dividive": [
        -70.73385,
        9.47447
    ],
    "El Corozo": [
        -70.35778,
        8.5675
    ],
    "El Consejo": [
        -67.2714,
        10.23717
    ],
    "El Cobre": [
        -72.05551,
        8.03566
    ],
    "El Cantón": [
        -71.2956,
        7.47729
    ],
    "El Baúl": [
        -68.29554,
        8.96216
    ],
    "Ejido": [
        -71.24087,
        8.54665
    ],
    "Duaca": [
        -69.16227,
        10.28586
    ],
    "Dolores": [
        -69.56633,
        8.28623
    ],
    "Dabajuro": [
        -70.67769,
        11.02273
    ],
    "Curiapo": [
        -60.99755,
        8.58094
    ],
    "Curbatí": [
        -70.55441,
        8.45443
    ],
    "Cúpira": [
        -65.70013,
        10.16128
    ],
    "Cumanacoa": [
        -63.91918,
        10.25013
    ],
    "Cumaná": [
        -64.1775,
        10.46354
    ],
    "Cúa": [
        -66.88575,
        10.15892
    ],
    "Coro": [
        -69.67344,
        11.4045
    ],
    "Concepción": [
        -71.76667,
        10.8
    ],
    "Coloncito": [
        -72.08951,
        8.32563
    ],
    "Cojedes": [
        -68.91805,
        9.62232
    ],
    "Cocorote": [
        -68.78386,
        10.31978
    ],
    "Clarines": [
        -65.16517,
        9.93991
    ],
    "Ciudad Ojeda": [
        -71.30818,
        10.19635
    ],
    "Ciudad Guayana": [
        -62.64102,
        8.35122
    ],
    "Ciudad De Nutrias": [
        -69.30798,
        8.09536
    ],
    "Ciudad Bolivia": [
        -70.57121,
        8.35304
    ],
    "Ciudad Bolívar": [
        -63.54086,
        8.12923
    ],
    "Churuguara": [
        -69.53782,
        10.8137
    ],
    "Chivacoa": [
        -68.895,
        10.16028
    ],
    "Chichiriviche": [
        -68.27716,
        10.9333
    ],
    "Chejendé": [
        -70.35696,
        9.61892
    ],
    "Charallave": [
        -66.85723,
        10.24247
    ],
    "Chaguaramas": [
        -66.25255,
        9.33855
    ],
    "Chacao": [
        -66.85347,
        10.49598
    ],
    "Tacarigua": [
        -67.91982,
        10.08621
    ],
    "Caucagüito": [
        -66.73799,
        10.48666
    ],
    "Caucagua": [
        -66.37591,
        10.2831
    ],
    "Catia La Mar": [
        -67.03034,
        10.60383
    ],
    "Casigua El Cubo": [
        -72.51967,
        8.74493
    ],
    "Casanay": [
        -63.41553,
        10.50368
    ],
    "Carúpano": [
        -63.25849,
        10.66781
    ],
    "Carrizal": [
        -66.98632,
        10.34985
    ],
    "Carora": [
        -70.08274,
        10.17554
    ],
    "Caripito": [
        -63.09633,
        10.11026
    ],
    "Cariaco": [
        -63.55399,
        10.49573
    ],
    "Carache": [
        -70.22855,
        9.62872
    ],
    "Caracas": [
        -66.87919,
        10.48801
    ],
    "Caraballeda": [
        -66.85215,
        10.61119
    ],
    "Capitanejo": [
        -71.00458,
        8.01171
    ],
    "Capatárida": [
        -70.61898,
        11.1748
    ],
    "Cantaura": [
        -64.35841,
        9.30571
    ],
    "Campo Elías": [
        -70.06035,
        9.39347
    ],
    "Camatagua": [
        -66.90619,
        9.78762
    ],
    "Camaguán": [
        -67.60724,
        8.10655
    ],
    "Calderas": [
        -70.44745,
        8.91426
    ],
    "Calabozo": [
        -67.42929,
        8.92416
    ],
    "Caicara": [
        -63.61331,
        9.81754
    ],
    "Cagua": [
        -67.45935,
        10.18634
    ],
    "Cabure": [
        -69.60889,
        11.15
    ],
    "Cabudare": [
        -69.08944,
        10.02889
    ],
    "Cabimas": [
        -71.43992,
        10.38828
    ],
    "Bum Bum": [
        -70.76664,
        8.27664
    ],
    "Bruzual": [
        -69.33257,
        8.05052
    ],
    "Boraure": [
        -68.7695,
        10.24933
    ],
    "Boconoíto": [
        -69.98032,
        8.84659
    ],
    "Boconó": [
        -70.26938,
        9.24426
    ],
    "Boca de Uchire": [
        -65.42115,
        10.13152
    ],
    "Boca del Río": [
        -64.1805,
        10.96757
    ],
    "Biscucuy": [
        -69.9839,
        9.35944
    ],
    "Biruaca": [
        -67.51679,
        7.84483
    ],
    "Betijoque": [
        -70.73131,
        9.37568
    ],
    "Bejuma": [
        -68.25887,
        10.17309
    ],
    "Baruta": [
        -66.87662,
        10.43398
    ],
    "Barrancas": [
        -70.1122,
        8.76868
    ],
    "Barquisimeto": [
        -69.32278,
        10.07389
    ],
    "Barinitas": [
        -70.41111,
        8.76222
    ],
    "Barinas": [
        -70.20749,
        8.62261
    ],
    "Barcelona": [
        -64.7,
        10.13333
    ],
    "Barbacoas": [
        -66.97458,
        9.47855
    ],
    "Bailadores": [
        -71.82805,
        8.25264
    ],
    "Bachaquero": [
        -71.12377,
        9.96209
    ],
    "Aroa": [
        -68.89417,
        10.43861
    ],
    "Arismendi": [
        -68.36996,
        8.47974
    ],
    "Aricagua": [
        -71.13705,
        8.22343
    ],
    "Araya": [
        -64.25826,
        10.57973
    ],
    "Araure": [
        -69.21475,
        9.56009
    ],
    "Arauquita": [
        -69.65722,
        8.70833
    ],
    "Aragua de Barcelona": [
        -64.82928,
        9.45588
    ],
    "Altamira": [
        -70.50244,
        8.82359
    ],
    "Altagracia de Orituco": [
        -66.38139,
        9.86005
    ],
    "Aguasay": [
        -63.73077,
        9.42489
    ],
    "Acarigua": [
        -69.19564,
        9.55451
    ],
    "Abejales": [
        -71.51017,
        7.62241
    ],
    "Las Mesas": [
        -72.16556,
        8.16454
    ],
    "San José de Bolívar": [
        -71.97194,
        7.91139
    ],
    "San Josecito": [
        -72.21958,
        7.65997
    ],
    "Cordero": [
        -72.18075,
        7.85591
    ],
    "Sierra Imataca": [
        -62.42891,
        8.4555
    ],
    "San José de Guaribe": [
        -65.81306,
        9.86025
    ],
    "Maturín": [
        -63.17667,
        9.75
    ],
    "Temblador": [
        -62.64216,
        9.00716
    ],
    "Delicias": [
        -72.44754,
        7.56505
    ],
    "La Fría": [
        -72.2439,
        8.22027
    ],
    "La Grita": [
        -71.98337,
        8.13219
    ],
    "Capacho Nuevo": [
        -72.309,
        7.82409
    ],
    "La Tendida": [
        -71.83166,
        8.50757
    ],
    "Agua Blanca": [
        -69.10752,
        9.66146
    ],
    "El Playón": [
        -69.04914,
        9.09857
    ],
    "Arapuey": [
        -70.95248,
        9.25934
    ],
    "Macapo": [
        -68.43899,
        9.82602
    ],
    "El Cafetal": [
        -66.83063,
        10.46941
    ],
    "Caucaguita": [
        -66.80252,
        10.35782
    ],
    "La Dolorita": [
        -66.78608,
        10.4883
    ],
    "Guasdualito": [
        -70.73236,
        7.24241
    ],
    "San Fernando Apure": [
        -67.47236,
        7.88782
    ],
    "San Juan de Payara": [
        -67.60674,
        7.6456
    ],
    "San Sebastián": [
        -67.17681,
        9.94543
    ],
    "Lecherías": [
        -64.69407,
        10.19769
    ],
    "Santa Cruz de los Taques": [
        -70.25637,
        11.8235
    ],
    "Independencia": [
        -68.75512,
        10.33432
    ]
}