{
    "Roodepoort": [
        27.8725,
        -26.1625
    ],
    "Zeerust": [
        26.07512,
        -25.53695
    ],
    "Zastron": [
        27.08395,
        -30.30225
    ],
    "Wolmaransstad": [
        25.98311,
        -27.1974
    ],
    "White River": [
        31.01166,
        -25.33177
    ],
    "Witbank": [
        29.23323,
        -25.87133
    ],
    "Winburg": [
        27.00933,
        -28.51805
    ],
    "Willowmore": [
        23.48954,
        -33.29265
    ],
    "Williston": [
        20.91544,
        -31.34048
    ],
    "Whittlesea": [
        26.82437,
        -32.17588
    ],
    "Westonaria": [
        27.6486,
        -26.31906
    ],
    "Wesselsbron": [
        26.36583,
        -27.8549
    ],
    "Welkom": [
        26.73506,
        -27.97742
    ],
    "Wartburg": [
        30.57567,
        -29.43184
    ],
    "Warrenton": [
        24.84753,
        -28.11396
    ],
    "Warmbaths": [
        28.28333,
        -24.88333
    ],
    "Vryheid": [
        30.79165,
        -27.76952
    ],
    "Vryburg": [
        24.7284,
        -26.95659
    ],
    "Vredefort": [
        27.3646,
        -27.00805
    ],
    "Vrede": [
        29.16585,
        -27.42573
    ],
    "Volksrust": [
        29.88175,
        -27.36542
    ],
    "Virginia": [
        26.86593,
        -28.10391
    ],
    "Villiers": [
        28.60061,
        -27.03026
    ],
    "Viljoenskroon": [
        26.94855,
        -27.20841
    ],
    "Victoria West": [
        23.11461,
        -31.40364
    ],
    "Vereeniging": [
        27.92615,
        -26.67313
    ],
    "Ventersdorp": [
        26.82223,
        -26.31401
    ],
    "Ventersburg": [
        27.13814,
        -28.08561
    ],
    "Vanderbijlpark": [
        27.83795,
        -26.71171
    ],
    "Utrecht": [
        30.32166,
        -27.65862
    ],
    "Upington": [
        21.25612,
        -28.44776
    ],
    "Mthatha": [
        28.78443,
        -31.58893
    ],
    "Umkomaas": [
        30.79776,
        -30.20674
    ],
    "Ulundi": [
        31.41617,
        -28.33523
    ],
    "Uitenhage": [
        25.3971,
        -33.75757
    ],
    "Tzaneen": [
        30.16351,
        -23.83322
    ],
    "Tugela Ferry": [
        30.45126,
        -28.74649
    ],
    "Trompsburg": [
        25.78041,
        -30.03363
    ],
    "Thulamahashi": [
        31.19939,
        -24.72459
    ],
    "Thohoyandou": [
        30.48497,
        -22.94564
    ],
    "Theunissen": [
        26.70107,
        -28.41098
    ],
    "Thabazimbi": [
        27.41155,
        -24.59165
    ],
    "Thaba Nchu": [
        26.83898,
        -29.20932
    ],
    "Tembisa": [
        28.2268,
        -25.99636
    ],
    "Taung": [
        24.78659,
        -27.53113
    ],
    "Tarkastad": [
        26.25935,
        -32.00893
    ],
    "Swellendam": [
        20.44171,
        -34.02262
    ],
    "Sundumbili": [
        31.39752,
        -29.13371
    ],
    "Stutterheim": [
        27.42396,
        -32.57076
    ],
    "Stilfontein": [
        26.76829,
        -26.84493
    ],
    "Stanger": [
        31.28954,
        -29.32816
    ],
    "Standerton": [
        29.24152,
        -26.93366
    ],
    "Springs": [
        28.4,
        -26.25
    ],
    "Soweto": [
        27.85849,
        -26.26781
    ],
    "Somerset East": [
        25.58804,
        -32.72173
    ],
    "Siyabuswa": [
        29.04454,
        -25.11319
    ],
    "Senekal": [
        27.62082,
        -28.31971
    ],
    "Secunda": [
        29.16667,
        -26.55
    ],
    "Scottburgh": [
        30.75316,
        -30.28666
    ],
    "Schweizer-Reneke": [
        25.32931,
        -27.18871
    ],
    "Sasolburg": [
        27.81695,
        -26.81358
    ],
    "Sandton": [
        28.05891,
        -26.05447
    ],
    "Rustenburg": [
        27.24208,
        -25.66756
    ],
    "Riversdale": [
        21.25725,
        -34.09345
    ],
    "Ritchie": [
        24.60278,
        -29.03801
    ],
    "Richmond": [
        30.27235,
        -29.87196
    ],
    "Richards Bay": [
        32.03768,
        -28.78301
    ],
    "Reitz": [
        28.42726,
        -27.80138
    ],
    "Randfontein": [
        27.70203,
        -26.1844
    ],
    "Qumbu": [
        28.87056,
        -31.16304
    ],
    "Queenstown": [
        26.87533,
        -31.89756
    ],
    "Queensdale": [
        26.97862,
        -31.87101
    ],
    "Prince Albert": [
        22.02993,
        -33.22263
    ],
    "Prieska": [
        22.74742,
        -29.66409
    ],
    "Pretoria": [
        28.18783,
        -25.74486
    ],
    "Mokopane": [
        29.00974,
        -24.19436
    ],
    "Potchefstroom": [
        27.1,
        -26.71667
    ],
    "Postmasburg": [
        23.06541,
        -28.33392
    ],
    "Port Shepstone": [
        30.45499,
        -30.74137
    ],
    "Port Saint John’s": [
        29.54477,
        -31.62291
    ],
    "Port Elizabeth": [
        25.57007,
        -33.91799
    ],
    "Port Alfred": [
        26.89104,
        -33.59057
    ],
    "Pongola": [
        31.61904,
        -27.37808
    ],
    "Plettenberg Bay": [
        23.3716,
        -34.05274
    ],
    "Piet Retief": [
        30.81323,
        -27.00706
    ],
    "Polokwane": [
        29.46885,
        -23.90448
    ],
    "Pietermaritzburg": [
        30.39278,
        -29.61678
    ],
    "Phuthaditjhaba": [
        28.81582,
        -28.52423
    ],
    "Phalaborwa": [
        31.14107,
        -23.94299
    ],
    "Petrusville": [
        24.6593,
        -30.08113
    ],
    "Peddie": [
        27.11385,
        -33.20059
    ],
    "Paulpietersburg": [
        30.81689,
        -27.42426
    ],
    "Parys": [
        27.45727,
        -26.9033
    ],
    "Pampierstad": [
        24.68768,
        -27.78324
    ],
    "Oudtshoorn": [
        22.2014,
        -33.59067
    ],
    "Orkney": [
        26.67272,
        -26.98023
    ],
    "Orange Farm": [
        27.86667,
        -26.48333
    ],
    "Modimolle": [
        28.4,
        -24.7
    ],
    "Noupoort": [
        24.94991,
        -31.18736
    ],
    "Nongoma": [
        31.64817,
        -27.90968
    ],
    "Nkowakowa": [
        30.28708,
        -23.88782
    ],
    "Nkandla": [
        31.09067,
        -28.6207
    ],
    "Nigel": [
        28.47713,
        -26.43138
    ],
    "Newcastle": [
        29.9318,
        -27.75796
    ],
    "Nelspruit": [
        30.97033,
        -25.47448
    ],
    "Ndwedwe": [
        30.92687,
        -29.51686
    ],
    "Mutale": [
        30.87533,
        -22.46972
    ],
    "Muldersdriseloop": [
        27.83798,
        -26.03673
    ],
    "Mtubatuba": [
        32.18483,
        -28.41789
    ],
    "Mpumalanga": [
        30.63646,
        -29.81292
    ],
    "Mpophomeni": [
        30.18618,
        -29.56822
    ],
    "Mount Frere": [
        28.99238,
        -30.90173
    ],
    "Mount Ayliff": [
        29.36644,
        -30.80821
    ],
    "Mossel Bay": [
        22.14605,
        -34.18307
    ],
    "Mooirivier": [
        29.9946,
        -29.20824
    ],
    "Mondlo": [
        30.71769,
        -27.98299
    ],
    "Molteno": [
        26.36246,
        -31.39676
    ],
    "Mogwase": [
        27.21605,
        -25.27748
    ],
    "Modderfontein": [
        28.16534,
        -26.08909
    ],
    "Mmabatho": [
        25.63333,
        -25.85
    ],
    "Mkuze": [
        32.03861,
        -27.61641
    ],
    "Middelburg": [
        29.46482,
        -25.77507
    ],
    "Meyerton": [
        28.0195,
        -26.55987
    ],
    "Messina": [
        30.0396,
        -22.35131
    ],
    "Melmoth": [
        31.39783,
        -28.58664
    ],
    "Matatiele": [
        28.81161,
        -30.34357
    ],
    "Marquard": [
        27.43048,
        -28.66449
    ],
    "Margate": [
        30.37052,
        -30.8636
    ],
    "Marble Hall": [
        29.29068,
        -24.96627
    ],
    "Mankoeng": [
        29.81667,
        -23.9
    ],
    "Makapanstad": [
        28.1262,
        -25.24373
    ],
    "Mahikeng": [
        25.64421,
        -25.86522
    ],
    "Maclear": [
        28.35183,
        -31.07104
    ],
    "Mabopane": [
        28.10065,
        -25.49768
    ],
    "Lydenburg": [
        30.45967,
        -25.0978
    ],
    "Louis Trichardt": [
        29.90319,
        -23.04385
    ],
    "Lichtenburg": [
        26.15968,
        -26.152
    ],
    "Libode": [
        29.0164,
        -31.54332
    ],
    "Lebowakgomo": [
        29.5,
        -24.2
    ],
    "Laingsburg": [
        20.85872,
        -33.19495
    ],
    "Ladysmith": [
        29.7827,
        -28.55391
    ],
    "Lady Grey": [
        27.21613,
        -30.71084
    ],
    "Lady Frere": [
        27.2329,
        -31.70312
    ],
    "Ladybrand": [
        27.45739,
        -29.19448
    ],
    "Ladismith": [
        21.26755,
        -33.49331
    ],
    "KwaMbonambi": [
        32.0894,
        -28.59827
    ],
    "Kutloanong": [
        26.75,
        -27.83333
    ],
    "Kuruman": [
        23.43246,
        -27.4524
    ],
    "Kruisfontein": [
        24.73142,
        -34.00333
    ],
    "Krugersdorp": [
        27.77515,
        -26.08577
    ],
    "Kroonstad": [
        27.23488,
        -27.65036
    ],
    "Kriel": [
        29.2253,
        -26.27391
    ],
    "Koster": [
        26.89756,
        -25.86301
    ],
    "Koppies": [
        27.57422,
        -27.24179
    ],
    "Komga": [
        27.892,
        -32.57704
    ],
    "Komatipoort": [
        31.95478,
        -25.4332
    ],
    "Kokstad": [
        29.42412,
        -30.54723
    ],
    "Koffiefontein": [
        25.00309,
        -29.40661
    ],
    "Knysna": [
        23.04713,
        -34.03627
    ],
    "Klerksdorp": [
        26.66672,
        -26.85213
    ],
    "Kirkwood": [
        25.44278,
        -33.39829
    ],
    "Kimberley": [
        24.76232,
        -28.73226
    ],
    "Kathu": [
        23.04929,
        -27.69569
    ],
    "Kareedouw": [
        24.29053,
        -33.9528
    ],
    "Kakamas": [
        20.6147,
        -28.77341
    ],
    "Jozini": [
        32.06658,
        -27.4296
    ],
    "Johannesburg": [
        28.04363,
        -26.20227
    ],
    "Jeffrey’s Bay": [
        24.9195,
        -34.05064
    ],
    "Jansenville": [
        24.67218,
        -32.94306
    ],
    "Jan Kempdorp": [
        24.83052,
        -27.92246
    ],
    "Jane Furse": [
        29.86993,
        -24.76021
    ],
    "Izingolweni": [
        30.12294,
        -30.78409
    ],
    "Ixopo": [
        30.08333,
        -30.15
    ],
    "Impendle": [
        29.86561,
        -29.60049
    ],
    "Ilinge": [
        27.04267,
        -31.97676
    ],
    "Howick": [
        30.23057,
        -29.47795
    ],
    "Hopetown": [
        24.08518,
        -29.62464
    ],
    "Hoopstad": [
        25.90833,
        -27.83274
    ],
    "Hoedspruit": [
        30.95332,
        -24.35122
    ],
    "Hluhluwe": [
        32.26762,
        -28.01895
    ],
    "Hlabisa": [
        31.87719,
        -28.14518
    ],
    "Himeville": [
        29.51361,
        -29.74674
    ],
    "Hennenman": [
        27.02423,
        -27.97654
    ],
    "Hendrina": [
        29.71528,
        -26.15881
    ],
    "Heilbron": [
        27.9709,
        -27.28115
    ],
    "Heidelberg": [
        28.35921,
        -26.50476
    ],
    "Hartswater": [
        24.79712,
        -27.74964
    ],
    "Harrismith": [
        29.12946,
        -28.27276
    ],
    "Harding": [
        29.88401,
        -30.57643
    ],
    "Groblershoop": [
        21.98378,
        -28.89531
    ],
    "Groblersdal": [
        29.39412,
        -25.16843
    ],
    "Greytown": [
        30.59279,
        -29.06416
    ],
    "Grahamstown": [
        26.53276,
        -33.30422
    ],
    "Graaff-Reinet": [
        24.53075,
        -32.25215
    ],
    "Glencoe": [
        30.14702,
        -28.17827
    ],
    "Giyani": [
        30.71868,
        -23.30246
    ],
    "Germiston": [
        28.17665,
        -26.23481
    ],
    "George": [
        22.46173,
        -33.963
    ],
    "Ga-Rankuwa": [
        27.99471,
        -25.61692
    ],
    "Ganyesa": [
        24.17612,
        -26.59612
    ],
    "Ga-Kgapane": [
        30.22324,
        -23.64378
    ],
    "Frankfort": [
        28.49696,
        -27.27888
    ],
    "Fort Beaufort": [
        26.63376,
        -32.77477
    ],
    "Fochville": [
        27.49387,
        -26.48862
    ],
    "Flagstaff": [
        29.49522,
        -31.08042
    ],
    "Ficksburg": [
        27.87506,
        -28.872
    ],
    "Estcourt": [
        29.86619,
        -29.01269
    ],
    "eSikhawini": [
        31.89961,
        -28.87097
    ],
    "Eshowe": [
        31.4699,
        -28.88648
    ],
    "Ermelo": [
        29.98333,
        -26.53333
    ],
    "Empangeni": [
        31.89329,
        -28.76197
    ],
    "eMbalenhle": [
        29.06667,
        -26.53333
    ],
    "Elliot": [
        27.85,
        -31.33333
    ],
    "Ekuvukeni": [
        30.15513,
        -28.46752
    ],
    "East London": [
        27.91162,
        -33.01529
    ],
    "Durban": [
        31.0292,
        -29.8579
    ],
    "Dundee": [
        30.23371,
        -28.16678
    ],
    "Duiwelskloof": [
        30.14002,
        -23.69339
    ],
    "Driefontein": [
        30.44979,
        -27.0177
    ],
    "Douglas": [
        23.7743,
        -29.05531
    ],
    "Dordrecht": [
        27.04878,
        -31.372
    ],
    "Dewetsdorp": [
        26.66511,
        -29.58274
    ],
    "Deneysville": [
        28.09707,
        -26.8908
    ],
    "Dendron": [
        29.32371,
        -23.36669
    ],
    "Delmas": [
        28.68322,
        -26.1466
    ],
    "Delareyville": [
        25.45907,
        -26.68638
    ],
    "De Aar": [
        24.0123,
        -30.64966
    ],
    "Dannhauser": [
        30.05658,
        -28.0151
    ],
    "Daniëlskuil": [
        23.53951,
        -28.18873
    ],
    "Cullinan": [
        28.52364,
        -25.67088
    ],
    "Creighton": [
        29.83955,
        -30.0272
    ],
    "Cradock": [
        25.61918,
        -32.16422
    ],
    "Colesberg": [
        25.09718,
        -30.71999
    ],
    "Cofimvaba": [
        27.58045,
        -32.00115
    ],
    "Clocolan": [
        27.56556,
        -28.91367
    ],
    "Christiana": [
        25.16111,
        -27.91402
    ],
    "Carolina": [
        30.11489,
        -26.06927
    ],
    "Carnarvon": [
        22.13303,
        -30.96827
    ],
    "Carletonville": [
        27.39767,
        -26.36094
    ],
    "Camperdown": [
        30.54256,
        -29.72868
    ],
    "Cala": [
        27.6952,
        -31.52356
    ],
    "Butterworth": [
        28.14981,
        -32.33083
    ],
    "Burgersfort": [
        30.32877,
        -24.67554
    ],
    "Burgersdorp": [
        26.32862,
        -30.99766
    ],
    "Bultfontein": [
        26.14996,
        -28.28756
    ],
    "Bronkhorstspruit": [
        28.74248,
        -25.81015
    ],
    "Brits": [
        27.78022,
        -25.63473
    ],
    "Breyten": [
        29.98696,
        -26.30176
    ],
    "Bredasdorp": [
        20.04031,
        -34.53215
    ],
    "Brandfort": [
        26.45968,
        -28.70008
    ],
    "Brakpan": [
        28.36938,
        -26.23656
    ],
    "Botshabelo": [
        26.7052,
        -29.27016
    ],
    "Bothaville": [
        26.61701,
        -27.3887
    ],
    "Boshof": [
        25.23965,
        -28.53914
    ],
    "Boksburg": [
        28.25958,
        -26.21197
    ],
    "Bloemhof": [
        25.60697,
        -27.64686
    ],
    "Bloemfontein": [
        26.214,
        -29.12106
    ],
    "Bizana": [
        29.85384,
        -30.85907
    ],
    "Bhisho": [
        27.44218,
        -32.84721
    ],
    "Bethlehem": [
        28.30707,
        -28.23078
    ],
    "Bethal": [
        29.46553,
        -26.45794
    ],
    "Bergville": [
        29.35187,
        -28.73122
    ],
    "Berea": [
        30.99337,
        -29.85185
    ],
    "Benoni": [
        28.32078,
        -26.18848
    ],
    "Belfast": [
        30.03504,
        -25.68991
    ],
    "Beaufort West": [
        22.58295,
        -32.35671
    ],
    "Barkly West": [
        24.52151,
        -28.53537
    ],
    "Barkly East": [
        27.59567,
        -30.9683
    ],
    "Barberton": [
        31.05319,
        -25.78842
    ],
    "Ballitoville": [
        31.21439,
        -29.53897
    ],
    "Balfour": [
        28.59016,
        -26.66331
    ],
    "Ashton": [
        20.05594,
        -33.83136
    ],
    "Apel": [
        29.74991,
        -24.41445
    ],
    "Allanridge": [
        26.64382,
        -27.75431
    ],
    "Aliwal North": [
        26.71141,
        -30.69366
    ],
    "Alice": [
        26.8344,
        -32.78749
    ],
    "Adelaide": [
        26.29564,
        -32.70747
    ],
    "Ekangala": [
        28.74918,
        -25.69619
    ],
    "Midrand": [
        28.12843,
        -25.98953
    ],
    "Centurion": [
        28.18577,
        -25.85891
    ],
    "Worcester": [
        19.44852,
        -33.64651
    ],
    "Vredendal": [
        18.50119,
        -31.66833
    ],
    "Vredenburg": [
        17.98997,
        -32.90719
    ],
    "Stellenbosch": [
        18.86676,
        -33.93462
    ],
    "Springbok": [
        17.8865,
        -29.66434
    ],
    "Saldanha": [
        17.9442,
        -33.01167
    ],
    "Rosebank": [
        18.47417,
        -33.95556
    ],
    "Port Nolloth": [
        16.8697,
        -29.25188
    ],
    "Pofadder": [
        19.39492,
        -29.1283
    ],
    "Piketberg": [
        18.75704,
        -32.90323
    ],
    "Paarl": [
        18.97523,
        -33.73378
    ],
    "Noorder-Paarl": [
        18.96552,
        -33.70468
    ],
    "Moorreesburg": [
        18.66031,
        -33.15388
    ],
    "Malmesbury": [
        18.72714,
        -33.4608
    ],
    "Lansdowne": [
        18.49746,
        -33.98735
    ],
    "Kraaifontein": [
        18.71724,
        -33.84808
    ],
    "Hermanus": [
        19.23446,
        -34.4187
    ],
    "Grabouw": [
        19.01509,
        -34.15152
    ],
    "Garies": [
        17.98905,
        -30.56223
    ],
    "Constantia": [
        18.41833,
        -34.03139
    ],
    "Claremont": [
        18.46528,
        -33.98056
    ],
    "Clanwilliam": [
        18.89217,
        -32.18173
    ],
    "Ceres": [
        19.31096,
        -33.36889
    ],
    "Cape Town": [
        18.42322,
        -33.92584
    ],
    "Calvinia": [
        19.77601,
        -31.47069
    ],
    "Caledon": [
        19.4265,
        -34.22997
    ],
    "Bergvliet": [
        18.4525,
        -34.04746
    ],
    "Atlantis": [
        18.48335,
        -33.56668
    ],
    "Sunset Beach": [
        18.49231,
        -33.85395
    ],
    "Rondebosch": [
        18.47639,
        -33.96333
    ],
    "Newlands": [
        18.4481,
        -33.97846
    ],
    "Bela-Bela": [
        28.29417,
        -24.885
    ],
    "Lephalale": [
        27.74477,
        -23.66607
    ],
    "Musina": [
        30.04074,
        -22.34881
    ],
    "Mandeni": [
        31.41403,
        -29.14691
    ],
    "Retreat": [
        18.47617,
        -34.05515
    ]
}